Upstream Regulator,Expr Log Ratio,Molecule Type,Predicted Activation State,Activation z-score,p-value of overlap,Target Molecules in Dataset,,,,,,,,,,,,,,,,,,,,,,,,,,,,,,,,,,,,,,,,,,,,,,,,,,,,,,,,,,,,,,,,
PPARA, ,ligand-dependent nuclear receptor,Activated,2.724,1.5E-22,ABCB11,ABCG8,APOA4,AQP8,ASL,CDK2,CIDEC,CPT1A,CTH,CYB5B,CYP2C8,CYP4A11,CYP51A1,CYP8B1,ECH1,ECI1,FABP2,FDFT1,FDPS,G6PC1,Gsta4,GSTT2/GSTT2B,H1-2,H2AZ1,Hmgn2 (includes others),HSD17B10,HSD17B11,HSD3B1,IGFBP2,IL1B,INSIG1,KYAT3,LAMB3,LIFR,LSS,MBL2,NFKBIA,NSDHL,PC,PLA2G7,PNPLA2,POR,PTGR1,SC5D,SELENBP1,SLC27A1,SREBF1,,,,,,,,,,,,,,,,,,
POR,0.831,enzyme,Activated,2.377,7.26E-21,ADH4,Akr1c14,APOA4,AQP8,CPT1A,CYB5B,CYP2C18,CYP2C8,CYP4A11,CYP51A1,CYP8B1,ECI1,FABP2,FDFT1,FDPS,GSTA3,Gstm3,Gstm6,HMOX1,HSD17B10,HSD17B11,HSD3B1,Hsd3b4 (includes others),INSIG1,LSS,NR0B2,NSDHL,PLA2G7,POR,SC5D,Slco1a4,,,,,,,,,,,,,,,,,,,,,,,,,,,,,,,,,,
RORA, ,ligand-dependent nuclear receptor, ,0.378,7.39E-13,Aox3,APOA4,AQP8,BHMT,CYP2C8,CYP4A11,CYP8B1,FDFT1,G6PC1,GOT1,HSD17B10,HSD3B1,Hsd3b4 (includes others),IL1B,NFKBIA,NSDHL,POR,RDH16,SDR9C7,SELENBP1,SLC30A10,Slco1a4,,,,,,,,,,,,,,,,,,,,,,,,,,,,,,,,,,,,,,,,,,,
RORC, ,ligand-dependent nuclear receptor, , ,1.77E-11,Aox3,APOA4,AQP8,BHMT,CYP2C8,CYP4A11,CYP8B1,FDFT1,G6PC1,HSD3B1,Hsd3b4 (includes others),IL1B,NSDHL,POR,RDH16,SDR9C7,SELENBP1,SLC30A10,Slco1a4,,,,,,,,,,,,,,,,,,,,,,,,,,,,,,,,,,,,,,,,,,,,,,
SREBF1,-2.252,transcription regulator,Inhibited,-2.021,1.04E-10,CTH,CYP51A1,DPY19L3,FDFT1,FDPS,G6PC1,Gstm6,HMOX1,INSIG1,LSS,MAT1A,NR0B2,NSDHL,OAT,PCSK9,RDH11,RETREG1,SC5D,SERPINE1,SORBS3,SREBF1,THRSP,,,,,,,,,,,,,,,,,,,,,,,,,,,,,,,,,,,,,,,,,,,
NR1I2, ,ligand-dependent nuclear receptor, ,-0.672,2.13E-10,ABCB10,APOA4,ARAF,BHMT,CPT1A,CTH,CYP2C8,CYP4A11,GOT1,Gsta4,Gstm3,Gstm6,Hsd3b4 (includes others),INSIG1,NAT8B,NR0B2,POR,Slco1a4,SREBF1,,,,,,,,,,,,,,,,,,,,,,,,,,,,,,,,,,,,,,,,,,,,,,
SCAP, ,other,Inhibited,-3.519,6.73E-10,CYP51A1,FDFT1,FDPS,Gstm6,HES6,INSIG1,LSS,NSDHL,PCSK9,RDH11,SC5D,SREBF1,THRSP,TRIB3,,,,,,,,,,,,,,,,,,,,,,,,,,,,,,,,,,,,,,,,,,,,,,,,,,,
SREBF2, ,transcription regulator,Inhibited,-3.426,2.9E-09,CYP51A1,FDFT1,FDPS,HES6,INSIG1,LSS,NSDHL,PCSK9,RDH11,SC5D,SREBF1,THRSP,,,,,,,,,,,,,,,,,,,,,,,,,,,,,,,,,,,,,,,,,,,,,,,,,,,,,
NR1I3, ,ligand-dependent nuclear receptor, ,-0.022,3.51E-09,CYP2C8,CYP8B1,EI24,G6PC1,Gsta4,Gstm3,ICAM1,INSIG1,POR,Slco1a4,SREBF1,THRSP,TNFAIP2,UGT2B28,,,,,,,,,,,,,,,,,,,,,,,,,,,,,,,,,,,,,,,,,,,,,,,,,,,
NFE2L2, ,transcription regulator, ,-0.378,5.06E-09,ABCB11,APOA4,ATF4,BHMT,CA3,DCT,GOT1,GSTA3,Gsta4,Gstm3,Gstm6,GSTT2/GSTT2B,HACD3,HMOX1,HSD3B1,ICAM1,IL1B,INMT,NAT8B,NR0B2,NUCB2,OAT,PDIA6,PPIB,SERPINE1,SREBF1,THRSP,UGT2B28,,,,,,,,,,,,,,,,,,,,,,,,,,,,,,,,,,,,,
TP53, ,transcription regulator, ,1.183,9.88E-09,ABCA2,ACO2,ACSM5,ACTN1,ASL,BCL3,CARS1,CASP3,CCNG2,CDK2,CMBL,CPT1A,CYP51A1,DLST,ECH1,EI24,EIF2AK3,FDFT1,FDPS,FH,GPR160,HIF1AN,Hmgn2 (includes others),HMOX1,IER5,IGFBP2,IL1B,INMT,LBR,LSS,NFKBIA,NID2,NR0B2,NUDT5,OAT,OGDH,PDIA6,PGLYRP2,PHLDA3,PTP4A1,RAP2A,RBBP6,RHOB,RPS6KA1,SEC61B,SERPINE1,SGPL1,SLC6A6,SMC3,SPCS2,SPHK2,SREBF1,TACC2,TG,TIGAR,TNFAIP2,TRIB3,TSKU,TUBB,TXNRD3,USP28,VASN,WNT5B,XPO1,ZFP36L1
ACOX1, ,enzyme,Inhibited,-2.034,1.24E-08,AKR1C4,CTSV,CYP2C8,CYP4A11,CYP4F12,G6PC1,GOT1,HSD3B1,IGFBP2,LHPP,MBL2,OAT,PIGP,SELENBP1,SLC22A25,TRIB3,,,,,,,,,,,,,,,,,,,,,,,,,,,,,,,,,,,,,,,,,,,,,,,,,
XBP1, ,transcription regulator,Inhibited,-2.762,1.92E-08,ALG2,ATF4,EIF2AK3,ERO1B,HERPUD1,HMOX1,ICAM1,KLF4,NUCB2,PDIA6,PPIB,SDF2L1,SEC61B,SMC3,SPCS2,SPCS3,SSR1,SSR3,TXNDC5,,,,,,,,,,,,,,,,,,,,,,,,,,,,,,,,,,,,,,,,,,,,,,
MAP2K5, ,kinase,Inhibited,-2.8,0.000000062,CYP51A1,FDFT1,FDPS,INSIG1,LSS,NSDHL,RDH11,SREBF1,,,,,,,,,,,,,,,,,,,,,,,,,,,,,,,,,,,,,,,,,,,,,,,,,,,,,,,,,
LEP, ,growth factor, ,0.543,8.24E-08,ABCB11,APOA4,ASL,CA3,CASP3,CPT1A,CYP2C18,CYP2C8,CYP4A11,ECH1,G6PC1,GSTA3,Gstm3,ICAM1,IL1B,LBR,OPLAH,PNPLA2,SC5D,SERPINE1,SLC27A1,SREBF1,THRSP,,,,,,,,,,,,,,,,,,,,,,,,,,,,,,,,,,,,,,,,,,
Gcg, ,other,Activated,2.53,0.000000122,APOA4,ASL,CTH,CYP2C8,ERO1B,ETNPPL,LHPP,MAT1A,OAT,SDSL,,,,,,,,,,,,,,,,,,,,,,,,,,,,,,,,,,,,,,,,,,,,,,,,,,,,,,,
ERN1, ,kinase, ,-1.044,0.000000179,ATF4,ERO1A,ERO1B,G6PC1,GOT1,IL1B,PDIA6,PROS1,SDF2L1,SELENOS,SPCS2,SSR3,TMED3,TXNDC5,,,,,,,,,,,,,,,,,,,,,,,,,,,,,,,,,,,,,,,,,,,,,,,,,,,
NR0B2,-1.401,ligand-dependent nuclear receptor, ,-0.149,0.000000334,ABCB11,CIDEC,CPT1A,CYP2C8,CYP51A1,CYP8B1,G6PC1,Gstm3,IL1B,NR0B2,SREBF1,TNFAIP3,,,,,,,,,,,,,,,,,,,,,,,,,,,,,,,,,,,,,,,,,,,,,,,,,,,,,
MAPK7, ,kinase, ,-1.492,0.00000206,CYP51A1,FDPS,IL1B,INSIG1,KLF2,LSS,NSDHL,RDH11,SREBF1,,,,,,,,,,,,,,,,,,,,,,,,,,,,,,,,,,,,,,,,,,,,,,,,,,,,,,,,
MFSD2A, ,transporter,Activated,2.414,0.00000254,CYP51A1,FDFT1,Gstm6,INSIG1,LSS,SREBF1,,,,,,,,,,,,,,,,,,,,,,,,,,,,,,,,,,,,,,,,,,,,,,,,,,,,,,,,,,,
FABP1, ,transporter,Inhibited,-2.414,0.00000254,ABCG8,GOT1,HMOX1,PNPLA2,SLC27A1,SREBF1,,,,,,,,,,,,,,,,,,,,,,,,,,,,,,,,,,,,,,,,,,,,,,,,,,,,,,,,,,,
ATF4,-0.759,transcription regulator, ,-1.903,0.0000043,ABCG8,ATF4,CARS1,CPT1A,CTH,ERO1A,HERPUD1,IGFBP2,KLF4,NID2,SFXN5,SREBF1,TNFRSF12A,TRIB3,,,,,,,,,,,,,,,,,,,,,,,,,,,,,,,,,,,,,,,,,,,,,,,,,,,
NPC1, ,transporter, , ,0.00000635,ABCG8,AKR1C4,ALPL,ATF4,CYP51A1,CYP8B1,KLF4,LSS,PCSK9,SREBF1,,,,,,,,,,,,,,,,,,,,,,,,,,,,,,,,,,,,,,,,,,,,,,,,,,,,,,,
RPTOR, ,other,Inhibited,-3.247,0.00000871,BCL3,CDK2,CYP51A1,FDFT1,FDPS,G6PC1,IL1B,LBR,LSS,NSDHL,SC5D,SREBF1,,,,,,,,,,,,,,,,,,,,,,,,,,,,,,,,,,,,,,,,,,,,,,,,,,,,,
ATP7B, ,transporter, ,-1.89,0.00000893,CKS1B,CYP51A1,FDFT1,FDPS,H1-2,LSS,THRSP,,,,,,,,,,,,,,,,,,,,,,,,,,,,,,,,,,,,,,,,,,,,,,,,,,,,,,,,,,
ECSIT, ,transcription regulator,Activated,2.393,0.00000931,BCL3,CD83,HMOX1,IL1B,NFKBIA,TNFAIP3,,,,,,,,,,,,,,,,,,,,,,,,,,,,,,,,,,,,,,,,,,,,,,,,,,,,,,,,,,,
PLIN5, ,other, ,-0.655,0.0000106,ACSM5,ATF4,HMOX1,IL1B,PNPLA2,POR,SREBF1,,,,,,,,,,,,,,,,,,,,,,,,,,,,,,,,,,,,,,,,,,,,,,,,,,,,,,,,,,
PROM1, ,other, ,1.109,0.0000165,FDPS,G6PC1,INSIG1,LSS,NSDHL,,,,,,,,,,,,,,,,,,,,,,,,,,,,,,,,,,,,,,,,,,,,,,,,,,,,,,,,,,,,
WT1, ,transcription regulator,Activated,2.416,0.0000175,ACTN1,CTSV,FDFT1,FDPS,FOXK2,IL1B,KLF4,LSS,NQO2,PPIB,SERPINE1,SRSF6,TARS1,ZNF280B,,,,,,,,,,,,,,,,,,,,,,,,,,,,,,,,,,,,,,,,,,,,,,,,,,,
CFTR, ,ion channel,Activated,2.157,0.0000181,BLNK,CYP4A11,DMBT1,FABP2,FDFT1,FDPS,HSD17B11,IL1B,POR,,,,,,,,,,,,,,,,,,,,,,,,,,,,,,,,,,,,,,,,,,,,,,,,,,,,,,,,
INSR, ,kinase, ,-1.602,0.0000212,ACO2,ALPL,CCNG2,CD83,Ces1f,CPT1A,CTSV,CYP51A1,ECI1,EZH1,FDFT1,FDPS,FH,GRN,HSD17B10,IL1B,INSIG1,LSS,MYCN,NSDHL,OGDH,PNPLA2,RHOB,SC5D,SERPINE1,SREBF1,,,,,,,,,,,,,,,,,,,,,,,,,,,,,,,,,,,,,,,
HOXA10, ,transcription regulator, ,1.265,0.0000258,ALPL,CA3,CTSV,GSTA3,INMT,ITGB3,MYCN,PROS1,SLC27A1,THRSP,,,,,,,,,,,,,,,,,,,,,,,,,,,,,,,,,,,,,,,,,,,,,,,,,,,,,,,
MTTP, ,transporter, ,-0.689,0.0000263,ABCG8,APOA4,CIDEC,CPT1A,EIF2AK3,GOT1,,,,,,,,,,,,,,,,,,,,,,,,,,,,,,,,,,,,,,,,,,,,,,,,,,,,,,,,,,,
UCP1, ,transporter, ,1.268,0.0000432,AMD1,ATF4,CASP3,CPNE2,CTH,CTSV,GOT1,Hmgn2 (includes others),IL1B,MAP1LC3A,SLC41A1,TRIB3,,,,,,,,,,,,,,,,,,,,,,,,,,,,,,,,,,,,,,,,,,,,,,,,,,,,,
APOE, ,transporter, ,0,0.0000461,ABCA2,ABCG8,Aox3,ATF4,CASP3,CPT1A,CTSV,CYP8B1,HERPUD1,HMOX1,ICAM1,IL1B,JAK3,KLF4,NQO2,PC,PCSK9,SERPINE1,ZYX,,,,,,,,,,,,,,,,,,,,,,,,,,,,,,,,,,,,,,,,,,,,,,
KRAS, ,enzyme, ,0.967,0.0000538,ADH4,Akr1c14,EI24,ERO1A,GRN,H1-2,HEXIM1,IGFBP2,IL1B,LAMB3,MYCN,NRAS,NRN1,PC,POR,PRDX4,SREBF1,TLE3,TNFAIP2,ZFP36L1,,,,,,,,,,,,,,,,,,,,,,,,,,,,,,,,,,,,,,,,,,,,,
MBTPS1, ,peptidase, ,-1.982,0.0000552,FDFT1,FDPS,PTH1R,SREBF1,,,,,,,,,,,,,,,,,,,,,,,,,,,,,,,,,,,,,,,,,,,,,,,,,,,,,,,,,,,,,
SMAD4, ,transcription regulator, ,-1.263,0.0000569,ALPL,CCNG2,CNMD,EPB41L5,HSD3B1,ICAM1,IL1B,ITGA6,MYCN,NFKBIA,POR,PTPRK,SERPINE1,,,,,,,,,,,,,,,,,,,,,,,,,,,,,,,,,,,,,,,,,,,,,,,,,,,,
SLC13A1, ,transporter, ,1,0.0000615,ANKS4B,APOA4,AQP8,FABP2,IGFBP2,INMT,INSIG1,NRN1,SDF2L1,,,,,,,,,,,,,,,,,,,,,,,,,,,,,,,,,,,,,,,,,,,,,,,,,,,,,,,,
ADIPOQ, ,other, ,0.402,0.0000635,ACSM5,BCL3,CYP2C8,CYP4A11,G6PC1,HMOX1,ICAM1,IL1B,NFKBIA,SLC27A1,SREBF1,TNFAIP3,WNT5B,,,,,,,,,,,,,,,,,,,,,,,,,,,,,,,,,,,,,,,,,,,,,,,,,,,,
NR3C1, ,ligand-dependent nuclear receptor, ,-1.765,0.0000672,ACTN1,CIDEC,CKS1B,EPB41L4B,FBXO30,G6PC1,HERPUD1,Hsd3b4 (includes others),ICAM1,IL1B,MAT1A,MEST,NFKBIA,NOL3,NR0B2,OAT,PC,PNPLA2,PTGR1,RHOB,SERPINE1,SGPL1,TLE3,TNFAIP2,TNFAIP3,TNFRSF12A,TRIB3,WDR6,,,,,,,,,,,,,,,,,,,,,,,,,,,,,,,,,,,,,
PPARG, ,ligand-dependent nuclear receptor, ,-0.212,0.0000715,CDK2,CIDEC,CYP4A11,ERO1A,FDPS,G6PC1,GSTA3,ICAM1,IL1B,INSIG1,LAMB3,LHPP,MYH14,PC,PTPRF,RHOB,SERPINE1,SLC27A1,SREBF1,TRIB3,TUBB,,,,,,,,,,,,,,,,,,,,,,,,,,,,,,,,,,,,,,,,,,,,
CREB3L3, ,transcription regulator, ,1.005,0.0000745,APOA4,CIDEC,CYP8B1,G6PC1,IGFBP2,,,,,,,,,,,,,,,,,,,,,,,,,,,,,,,,,,,,,,,,,,,,,,,,,,,,,,,,,,,,
NR1H4, ,ligand-dependent nuclear receptor, ,-1.56,0.0000837,ABCB11,ABCG8,CYP2C8,CYP8B1,FABP2,G6PC1,GSTA3,Gsta4,Gstm3,IL1B,NR0B2,SREBF1,,,,,,,,,,,,,,,,,,,,,,,,,,,,,,,,,,,,,,,,,,,,,,,,,,,,,
Alpha catenin, ,group, ,-1.961,0.0000891,BCL3,CTSV,IGFBP2,IL1B,NFKBIA,STEAP2,TNFAIP2,TNFAIP3,TNFRSF12A,ZYX,,,,,,,,,,,,,,,,,,,,,,,,,,,,,,,,,,,,,,,,,,,,,,,,,,,,,,,
FGF19, ,growth factor, ,-0.562,0.0000916,ABCG8,CYP8B1,NR0B2,SREBF1,THRSP,,,,,,,,,,,,,,,,,,,,,,,,,,,,,,,,,,,,,,,,,,,,,,,,,,,,,,,,,,,,
TMBIM6, ,other, ,-0.594,0.000108,ERO1B,G6PC1,HERPUD1,MAP1LC3A,,,,,,,,,,,,,,,,,,,,,,,,,,,,,,,,,,,,,,,,,,,,,,,,,,,,,,,,,,,,,
CDK19, ,kinase, ,-1.134,0.00011,FDFT1,HMOX1,IER5,KLF2,KLF4,LSS,PHLDA3,RHBDF2,TRIB3,ZFP36L1,,,,,,,,,,,,,,,,,,,,,,,,,,,,,,,,,,,,,,,,,,,,,,,,,,,,,,,
PF4, ,cytokine, ,1.131,0.000113,CD83,E2F2,ICAM1,IL1B,KLF4,MYCN,NFKBIA,TNFAIP3,,,,,,,,,,,,,,,,,,,,,,,,,,,,,,,,,,,,,,,,,,,,,,,,,,,,,,,,,
NR4A1, ,ligand-dependent nuclear receptor, ,-1.49,0.000115,ACO2,DLST,G6PC1,G6PC3,HMOX1,IL1B,MYCN,NOL3,NUCB2,OGDH,PC,RPS6KA1,SERPINE1,SREBF1,,,,,,,,,,,,,,,,,,,,,,,,,,,,,,,,,,,,,,,,,,,,,,,,,,,
SMAD3, ,transcription regulator, ,-1.378,0.000125,ALPL,ATF4,CCNG2,CKS1B,CYP51A1,FDFT1,G6PC1,IL1B,POR,PTPRK,RHOB,SERPINE1,ZYX,,,,,,,,,,,,,,,,,,,,,,,,,,,,,,,,,,,,,,,,,,,,,,,,,,,,
HNF1A, ,transcription regulator, ,-0.329,0.000125,ADH4,AKR1C4,ANKS4B,CYB5B,DCT,FH,G6PC1,GOT1,KYAT3,NR0B2,OGDH,ORMDL1,PCSK9,Slco1a4,SPHK2,TARS1,,,,,,,,,,,,,,,,,,,,,,,,,,,,,,,,,,,,,,,,,,,,,,,,,
LAS1L, ,other,Inhibited,-2.646,0.000134,CCNG2,CPT1A,E2F2,GSTT2/GSTT2B,NRAS,PHLDA3,PLA2G7,,,,,,,,,,,,,,,,,,,,,,,,,,,,,,,,,,,,,,,,,,,,,,,,,,,,,,,,,,
PPARD, ,ligand-dependent nuclear receptor, ,0.286,0.000145,APOA4,C11orf86,CDK2,CPT1A,ECH1,ICAM1,IGFBP2,IL1B,KYAT3,PCSK9,PNPLA2,TMEM120A,TNFAIP3,TNFRSF12A,,,,,,,,,,,,,,,,,,,,,,,,,,,,,,,,,,,,,,,,,,,,,,,,,,,
INSIG2, ,other, ,1.951,0.000146,FDFT1,FDPS,INSIG1,SREBF1,,,,,,,,,,,,,,,,,,,,,,,,,,,,,,,,,,,,,,,,,,,,,,,,,,,,,,,,,,,,,
LPL, ,enzyme, ,1.452,0.000169,APOA4,CASP3,CPT1A,IL1B,PNPLA2,SLC27A1,,,,,,,,,,,,,,,,,,,,,,,,,,,,,,,,,,,,,,,,,,,,,,,,,,,,,,,,,,,
ADRB, ,group, ,1.265,0.000174,CASP3,CYP51A1,FDPS,GSTA3,HMOX1,ICAM1,INSIG1,KLF4,LSS,NSDHL,,,,,,,,,,,,,,,,,,,,,,,,,,,,,,,,,,,,,,,,,,,,,,,,,,,,,,,
AHR, ,ligand-dependent nuclear receptor, ,1.032,0.000177,ACTN1,CDK2,CYP2C8,DCLK3,EPB41L5,GOT1,Hsd3b4 (includes others),IL1B,ITGA6,KLF2,NID2,OLFML1,RDH16,SDR9C7,SDSL,SERPINE1,SLC22A7,SREBF1,TUBA8,,,,,,,,,,,,,,,,,,,,,,,,,,,,,,,,,,,,,,,,,,,,,,
SH3TC2, ,other,Inhibited,-2.236,0.000192,CYP51A1,FDPS,LSS,NSDHL,SC5D,,,,,,,,,,,,,,,,,,,,,,,,,,,,,,,,,,,,,,,,,,,,,,,,,,,,,,,,,,,,
CLPP, ,peptidase,Inhibited,-2.646,0.000222,ACO2,DLST,ECH1,ECI1,FH,OGDH,PC,,,,,,,,,,,,,,,,,,,,,,,,,,,,,,,,,,,,,,,,,,,,,,,,,,,,,,,,,,
TFRC, ,transporter, ,1.414,0.000224,ATF4,CASP3,ERO1A,Gstm6,GSTT2/GSTT2B,HERPUD1,HMOX1,TNFRSF12A,,,,,,,,,,,,,,,,,,,,,,,,,,,,,,,,,,,,,,,,,,,,,,,,,,,,,,,,,
FECH, ,enzyme, , ,0.000227,APOA4,CYP2C8,CYP4A11,CYP51A1,HMOX1,,,,,,,,,,,,,,,,,,,,,,,,,,,,,,,,,,,,,,,,,,,,,,,,,,,,,,,,,,,,
CYP7A1, ,enzyme, ,-1,0.000246,ABCG8,FDFT1,FDPS,IL1B,,,,,,,,,,,,,,,,,,,,,,,,,,,,,,,,,,,,,,,,,,,,,,,,,,,,,,,,,,,,,
PPARGC1A, ,transcription regulator, ,-0.873,0.000274,APOA4,CPT1A,CYP8B1,FDPS,FH,G6PC1,HMOX1,IMPA1,INSIG1,KYAT3,LIFR,NFKBIA,NSDHL,PLA2G7,SREBF1,TIGAR,TRIB3,,,,,,,,,,,,,,,,,,,,,,,,,,,,,,,,,,,,,,,,,,,,,,,,
MAPK8, ,kinase, ,0,0.000299,ABCB11,ABCG8,CASP3,CDK2,CYP8B1,G6PC1,HMOX1,IL1B,TNFAIP3,,,,,,,,,,,,,,,,,,,,,,,,,,,,,,,,,,,,,,,,,,,,,,,,,,,,,,,,
CGA, ,other, ,0.788,0.000306,CTNNBIP1,CTSV,HERPUD1,HEXIM1,HOMER2,PDIA6,PPIB,SDF2L1,,,,,,,,,,,,,,,,,,,,,,,,,,,,,,,,,,,,,,,,,,,,,,,,,,,,,,,,,
NPPB, ,other,Activated,2,0.000312,FDFT1,GSTA3,HSD3B1,LSS,,,,,,,,,,,,,,,,,,,,,,,,,,,,,,,,,,,,,,,,,,,,,,,,,,,,,,,,,,,,,
FDFT1,-1.403,enzyme, ,0,0.000312,ABCG8,FDPS,PCSK9,SREBF1,,,,,,,,,,,,,,,,,,,,,,,,,,,,,,,,,,,,,,,,,,,,,,,,,,,,,,,,,,,,,
EIF2AK3,-0.738,kinase,Inhibited,-2.369,0.00032,ATF4,CARS1,ERO1A,ERO1B,GOLT1B,HERPUD1,KLF4,TARS1,TMED9,TRIB3,,,,,,,,,,,,,,,,,,,,,,,,,,,,,,,,,,,,,,,,,,,,,,,,,,,,,,,
STEAP3, ,transporter, ,-0.816,0.000346,ERO1A,ITGB3,SLC4A1,SORBS3,TNFRSF12A,ZYX,,,,,,,,,,,,,,,,,,,,,,,,,,,,,,,,,,,,,,,,,,,,,,,,,,,,,,,,,,,
NID1, ,other, , ,0.000356,NID2,PTPRF,,,,,,,,,,,,,,,,,,,,,,,,,,,,,,,,,,,,,,,,,,,,,,,,,,,,,,,,,,,,,,,
MPZ, ,other, , ,0.000389,ATF4,ERO1B,FDFT1,SDF2L1,,,,,,,,,,,,,,,,,,,,,,,,,,,,,,,,,,,,,,,,,,,,,,,,,,,,,,,,,,,,,
EP300, ,transcription regulator, ,-0.218,0.000397,CCNG2,CDK2,G6PC1,GRAMD2B,ITGA6,KDM3A,MFHAS1,NFKBIA,PLA2G7,PTPRF,RPS6KA1,SLC27A1,TNFAIP3,TSPAN31,TUBA8,WNT5B,,,,,,,,,,,,,,,,,,,,,,,,,,,,,,,,,,,,,,,,,,,,,,,,,
GPD1, ,enzyme, , ,0.000411,ALPL,Aox3,APOA4,C11orf86,CYP2C8,Hsd3b4 (includes others),LIFR,NOL3,,,,,,,,,,,,,,,,,,,,,,,,,,,,,,,,,,,,,,,,,,,,,,,,,,,,,,,,,
FOXA3, ,transcription regulator, ,-1.964,0.000417,CPT1A,CYP2C18,CYP2C8,G6PC1,SLC27A1,,,,,,,,,,,,,,,,,,,,,,,,,,,,,,,,,,,,,,,,,,,,,,,,,,,,,,,,,,,,
NR1H2, ,ligand-dependent nuclear receptor,Inhibited,-2.345,0.000474,ABCA2,ABCG8,FDFT1,FDPS,IL1B,NFKBIA,PNPLA2,SREBF1,,,,,,,,,,,,,,,,,,,,,,,,,,,,,,,,,,,,,,,,,,,,,,,,,,,,,,,,,
SLC25A13, ,transporter, , ,0.000474,ALPL,Aox3,APOA4,C11orf86,CYP2C8,Hsd3b4 (includes others),LIFR,NOL3,,,,,,,,,,,,,,,,,,,,,,,,,,,,,,,,,,,,,,,,,,,,,,,,,,,,,,,,,
HDL, ,complex, ,-0.095,0.00048,IL1B,INSIG1,ITGB3,KLF2,,,,,,,,,,,,,,,,,,,,,,,,,,,,,,,,,,,,,,,,,,,,,,,,,,,,,,,,,,,,,
LY6E, ,other, ,-1.067,0.00048,CD83,IL1B,NFKBIA,SERPINE1,,,,,,,,,,,,,,,,,,,,,,,,,,,,,,,,,,,,,,,,,,,,,,,,,,,,,,,,,,,,,
GSR, ,enzyme, ,1.342,0.000548,GSTA3,Gsta4,Gstm3,HMOX1,PTGR1,,,,,,,,,,,,,,,,,,,,,,,,,,,,,,,,,,,,,,,,,,,,,,,,,,,,,,,,,,,,
ESR1, ,ligand-dependent nuclear receptor, ,0.794,0.000555,ABCB11,ABCG8,CCNG2,CLIC3,CTH,CYP4A11,CYP8B1,Gsta4,IGFBP2,IL1B,INHBB,INMT,ITGA6,LIFR,NR0B2,POR,PROS1,RDH16,SERPINE1,SHANK2,TNFAIP2,TNFAIP3,TSKU,UGT2B28,,,,,,,,,,,,,,,,,,,,,,,,,,,,,,,,,,,,,,,,,
LGR5, ,transmembrane receptor,Activated,2,0.000584,LHPP,OAT,PLBD1,RDH16,,,,,,,,,,,,,,,,,,,,,,,,,,,,,,,,,,,,,,,,,,,,,,,,,,,,,,,,,,,,,
NKX2-1, ,transcription regulator, , ,0.000599,CA8,CKS1B,CNMD,Gsta4,INMT,MTF1,NOP56,PC,SERPINE1,TG,WNT5B,,,,,,,,,,,,,,,,,,,,,,,,,,,,,,,,,,,,,,,,,,,,,,,,,,,,,,
CYP27A1, ,enzyme, ,-1.412,0.000703,ABCG8,CYP8B1,Slco1a4,SREBF1,,,,,,,,,,,,,,,,,,,,,,,,,,,,,,,,,,,,,,,,,,,,,,,,,,,,,,,,,,,,,
TXNRD1, ,enzyme, ,1.109,0.000799,GSTA3,Gsta4,Gstm3,HMOX1,PTGR1,,,,,,,,,,,,,,,,,,,,,,,,,,,,,,,,,,,,,,,,,,,,,,,,,,,,,,,,,,,,
CEBPB, ,transcription regulator, ,-1.435,0.000912,BHMT,BLNK,CNOT9,CPT1A,G6PC1,IL1B,INMT,MBL2,NOP56,NUDT21,PRDX4,RANBP1,SERPINE1,SMC3,SREBF1,TRIB3,TUBB,USP1,XPO1,ZYX,,,,,,,,,,,,,,,,,,,,,,,,,,,,,,,,,,,,,,,,,,,,,
PDE3B, ,enzyme, , ,0.000988,G6PC1,SERPINE1,TRIB3,,,,,,,,,,,,,,,,,,,,,,,,,,,,,,,,,,,,,,,,,,,,,,,,,,,,,,,,,,,,,,
HAX1, ,other, , ,0.000988,ABCB11,ABCG8,NR0B2,,,,,,,,,,,,,,,,,,,,,,,,,,,,,,,,,,,,,,,,,,,,,,,,,,,,,,,,,,,,,,
TAF4B, ,transcription regulator, , ,0.000991,INHBB,ITGA6,NFKBIA,TNFAIP3,,,,,,,,,,,,,,,,,,,,,,,,,,,,,,,,,,,,,,,,,,,,,,,,,,,,,,,,,,,,,
GRN,0.821,growth factor, ,0.246,0.000991,CASP3,GRN,ICAM1,IL1B,,,,,,,,,,,,,,,,,,,,,,,,,,,,,,,,,,,,,,,,,,,,,,,,,,,,,,,,,,,,,
HSF1, ,transcription regulator, ,-1.363,0.000995,CKS1B,FXR1,HDAC5,HMOX1,ICAM1,IL1B,INHBB,RANBP1,SMC3,SPHK2,SREBF1,Ubb,,,,,,,,,,,,,,,,,,,,,,,,,,,,,,,,,,,,,,,,,,,,,,,,,,,,,
MEF2D, ,transcription regulator, ,0.577,0.00102,CDK2,GSTA3,Gsta4,HDAC5,HMOX1,KLF2,,,,,,,,,,,,,,,,,,,,,,,,,,,,,,,,,,,,,,,,,,,,,,,,,,,,,,,,,,,
PI3K (family), ,group, ,-0.727,0.00104,CCNG2,FDPS,HMOX1,IL1B,ITGA6,KLF2,SERPINE1,SREBF1,,,,,,,,,,,,,,,,,,,,,,,,,,,,,,,,,,,,,,,,,,,,,,,,,,,,,,,,,
PGR, ,ligand-dependent nuclear receptor, ,0.594,0.00121,AMD1,G6PC1,GOT1,GPR160,ICAM1,ITGA6,KLF4,MYCN,NFKBIA,NQO2,PTP4A1,,,,,,,,,,,,,,,,,,,,,,,,,,,,,,,,,,,,,,,,,,,,,,,,,,,,,,
LGR4, ,transmembrane receptor, ,1.342,0.00126,IL1B,LHPP,OAT,PLBD1,RDH16,,,,,,,,,,,,,,,,,,,,,,,,,,,,,,,,,,,,,,,,,,,,,,,,,,,,,,,,,,,,
ARV1, ,transporter, , ,0.0013,CYP8B1,NR0B2,SREBF1,,,,,,,,,,,,,,,,,,,,,,,,,,,,,,,,,,,,,,,,,,,,,,,,,,,,,,,,,,,,,,
NR5A2, ,ligand-dependent nuclear receptor, ,-1.032,0.00131,ABCB11,ABCG8,CYP8B1,GOT1,ICAM1,IL1B,NR0B2,TNFRSF12A,,,,,,,,,,,,,,,,,,,,,,,,,,,,,,,,,,,,,,,,,,,,,,,,,,,,,,,,,
PI3K (complex), ,complex, ,0.225,0.00139,CCNG2,Defb1,HIF1AN,HMOX1,IGFBP2,IL1B,ITGA6,SERPINE1,SREBF1,TNFAIP3,,,,,,,,,,,,,,,,,,,,,,,,,,,,,,,,,,,,,,,,,,,,,,,,,,,,,,,
NFAT5, ,transcription regulator, ,0.781,0.0014,ACTN1,CLIC3,HECW2,IL1B,ITGB3,NFKBIA,SLC6A6,TNFAIP2,TNFAIP3,,,,,,,,,,,,,,,,,,,,,,,,,,,,,,,,,,,,,,,,,,,,,,,,,,,,,,,,
SCD, ,enzyme, ,-0.662,0.00142,CPT1A,G6PC1,HERPUD1,IL1B,SLC27A1,SREBF1,,,,,,,,,,,,,,,,,,,,,,,,,,,,,,,,,,,,,,,,,,,,,,,,,,,,,,,,,,,
STAT6, ,transcription regulator, ,-0.484,0.00144,BCL3,Ccdc50,CDK2,CEP43,CIDEC,CPT1A,CYP4A11,HSD3B1,IL1B,LIFR,NFKBIA,PLBD1,PNPLA2,PROS1,SELENBP1,ZNF608,,,,,,,,,,,,,,,,,,,,,,,,,,,,,,,,,,,,,,,,,,,,,,,,,
FOXO1, ,transcription regulator, ,0.997,0.00148,BLNK,CCNG2,CPT1A,CTSV,FABP2,FDPS,FLNB,G6PC1,GRN,KLF2,KLF4,MYCN,PNPLA2,SESN3,SREBF1,TRIB3,,,,,,,,,,,,,,,,,,,,,,,,,,,,,,,,,,,,,,,,,,,,,,,,,
ATG7, ,enzyme, ,-0.896,0.00149,ATF4,CASP3,IL1B,NFKBIA,NRAS,SREBF1,USP28,,,,,,,,,,,,,,,,,,,,,,,,,,,,,,,,,,,,,,,,,,,,,,,,,,,,,,,,,,
MED13, ,transcription regulator, ,-1,0.00155,CIDEC,CLSTN3,G6PC1,PCSK9,THRSP,,,,,,,,,,,,,,,,,,,,,,,,,,,,,,,,,,,,,,,,,,,,,,,,,,,,,,,,,,,,
ABCA1, ,transporter, ,0.271,0.00155,CPT1A,CYP51A1,FDFT1,IL1B,SREBF1,,,,,,,,,,,,,,,,,,,,,,,,,,,,,,,,,,,,,,,,,,,,,,,,,,,,,,,,,,,,
ALDH2, ,enzyme, ,1.067,0.00157,ATF4,CTH,GSTA3,Gsta4,,,,,,,,,,,,,,,,,,,,,,,,,,,,,,,,,,,,,,,,,,,,,,,,,,,,,,,,,,,,,
BCAP31, ,transporter, ,-0.152,0.00157,G6PC1,IL1B,INSIG1,SREBF1,,,,,,,,,,,,,,,,,,,,,,,,,,,,,,,,,,,,,,,,,,,,,,,,,,,,,,,,,,,,,
NLRP12, ,other, ,-1.103,0.00157,BCL3,ICAM1,IL1B,TIRAP,,,,,,,,,,,,,,,,,,,,,,,,,,,,,,,,,,,,,,,,,,,,,,,,,,,,,,,,,,,,,
HNF4G, ,transcription regulator, , ,0.00167,ABCB11,AKR1C4,CYP8B1,,,,,,,,,,,,,,,,,,,,,,,,,,,,,,,,,,,,,,,,,,,,,,,,,,,,,,,,,,,,,,
SLC2A1, ,transporter, , ,0.00167,Gsta4,HMOX1,SERPINE1,,,,,,,,,,,,,,,,,,,,,,,,,,,,,,,,,,,,,,,,,,,,,,,,,,,,,,,,,,,,,,
CYP51A1,-1.911,enzyme, , ,0.00167,LSS,NSDHL,SC5D,,,,,,,,,,,,,,,,,,,,,,,,,,,,,,,,,,,,,,,,,,,,,,,,,,,,,,,,,,,,,,
PEX5L, ,ion channel, , ,0.00167,FDFT1,FDPS,LSS,,,,,,,,,,,,,,,,,,,,,,,,,,,,,,,,,,,,,,,,,,,,,,,,,,,,,,,,,,,,,,
Rxr, ,group, , ,0.00171,ABCB10,IL1B,Neat1,POR,SREBF1,,,,,,,,,,,,,,,,,,,,,,,,,,,,,,,,,,,,,,,,,,,,,,,,,,,,,,,,,,,,
MAP4K4, ,kinase, ,-1.238,0.00173,ACO2,ARAF,DLST,GOT1,HYAL2,KYAT3,OGDH,SREBF1,,,,,,,,,,,,,,,,,,,,,,,,,,,,,,,,,,,,,,,,,,,,,,,,,,,,,,,,,
HNF4A, ,transcription regulator, ,-1.396,0.00189,ABCB11,ABCG8,AKR1C4,APOA4,AQP8,CDK2,CIDEC,CPT1A,CYP8B1,FABP2,G6PC1,Hsd3b4 (includes others),IMPA1,MBL2,NR0B2,OGDH,POR,RPS6KA1,SREBF1,,,,,,,,,,,,,,,,,,,,,,,,,,,,,,,,,,,,,,,,,,,,,,
LIPE, ,enzyme, , ,0.00203,CLK1,ELL,INMT,ITGA6,MAPKAPK2,PC,SREBF1,THRSP,,,,,,,,,,,,,,,,,,,,,,,,,,,,,,,,,,,,,,,,,,,,,,,,,,,,,,,,,
LPIN1, ,phosphatase, , ,0.00206,CPT1A,FDPS,IL1B,SREBF1,,,,,,,,,,,,,,,,,,,,,,,,,,,,,,,,,,,,,,,,,,,,,,,,,,,,,,,,,,,,,
MTORC1, ,complex,Inhibited,-2.236,0.00207,ATF4,FDPS,INSIG1,KLF4,SREBF1,,,,,,,,,,,,,,,,,,,,,,,,,,,,,,,,,,,,,,,,,,,,,,,,,,,,,,,,,,,,
PDE8A, ,enzyme, , ,0.00209,CYP51A1,FDPS,,,,,,,,,,,,,,,,,,,,,,,,,,,,,,,,,,,,,,,,,,,,,,,,,,,,,,,,,,,,,,,
CD163, ,transmembrane receptor, , ,0.00209,HMOX1,IL1B,,,,,,,,,,,,,,,,,,,,,,,,,,,,,,,,,,,,,,,,,,,,,,,,,,,,,,,,,,,,,,,
GCH1, ,enzyme, , ,0.00209,HMOX1,SLC25A37,,,,,,,,,,,,,,,,,,,,,,,,,,,,,,,,,,,,,,,,,,,,,,,,,,,,,,,,,,,,,,,
SLCO1B3, ,transporter, , ,0.00209,SLC22A7,Slco1a4,,,,,,,,,,,,,,,,,,,,,,,,,,,,,,,,,,,,,,,,,,,,,,,,,,,,,,,,,,,,,,,
TIFA, ,other, , ,0.00209,ICAM1,NFKBIA,TNFAIP3,,,,,,,,,,,,,,,,,,,,,,,,,,,,,,,,,,,,,,,,,,,,,,,,,,,,,,,,,,,,,,
PCSK9,-2.344,peptidase, , ,0.00209,CYP8B1,ICAM1,IL1B,,,,,,,,,,,,,,,,,,,,,,,,,,,,,,,,,,,,,,,,,,,,,,,,,,,,,,,,,,,,,,
SFRP1, ,transmembrane receptor, ,1,0.00234,CASP3,G6PC1,SERPINE1,SREBF1,,,,,,,,,,,,,,,,,,,,,,,,,,,,,,,,,,,,,,,,,,,,,,,,,,,,,,,,,,,,,
ZBTB20, ,transcription regulator, ,-1.387,0.00248,ADH4,CYP2C8,G6PC1,IGFBP2,NFKBIA,,,,,,,,,,,,,,,,,,,,,,,,,,,,,,,,,,,,,,,,,,,,,,,,,,,,,,,,,,,,
NR1H3, ,ligand-dependent nuclear receptor,Inhibited,-2.397,0.00254,ABCA2,ABCG8,CKS1B,FDFT1,FDPS,G6PC1,Gsta4,IL1B,ITGB3,NFKBIA,SREBF1,,,,,,,,,,,,,,,,,,,,,,,,,,,,,,,,,,,,,,,,,,,,,,,,,,,,,,
GCK, ,kinase, , ,0.00258,CPT1A,G6PC1,SREBF1,,,,,,,,,,,,,,,,,,,,,,,,,,,,,,,,,,,,,,,,,,,,,,,,,,,,,,,,,,,,,,
GAS5, ,other, , ,0.00258,CASP3,IL1B,KLF2,,,,,,,,,,,,,,,,,,,,,,,,,,,,,,,,,,,,,,,,,,,,,,,,,,,,,,,,,,,,,,
OSBPL8, ,transporter, , ,0.00258,ATF4,EIF2AK3,SREBF1,,,,,,,,,,,,,,,,,,,,,,,,,,,,,,,,,,,,,,,,,,,,,,,,,,,,,,,,,,,,,,
EPHA2, ,kinase, , ,0.00258,CASP3,GRN,IL1B,,,,,,,,,,,,,,,,,,,,,,,,,,,,,,,,,,,,,,,,,,,,,,,,,,,,,,,,,,,,,,
CD38, ,enzyme,Inhibited,-2.178,0.00258,DENND11,ERO1A,GSTT2/GSTT2B,ICAM1,NABP1,PDIA6,PRDX4,SDF2L1,SPCS2,,,,,,,,,,,,,,,,,,,,,,,,,,,,,,,,,,,,,,,,,,,,,,,,,,,,,,,,
TXNIP, ,other, ,0.849,0.00271,CYP8B1,FABP2,ICAM1,IL1B,THRSP,,,,,,,,,,,,,,,,,,,,,,,,,,,,,,,,,,,,,,,,,,,,,,,,,,,,,,,,,,,,
SMAD2, ,transcription regulator, ,-1.213,0.00276,ALPL,CCNG2,CKS1B,CYP51A1,FDFT1,SERPINE1,,,,,,,,,,,,,,,,,,,,,,,,,,,,,,,,,,,,,,,,,,,,,,,,,,,,,,,,,,,
INSIG1,-1.803,other, ,1.977,0.00291,CYP51A1,FDFT1,FDPS,LSS,PLA2G7,SREBF1,STEAP2,,,,,,,,,,,,,,,,,,,,,,,,,,,,,,,,,,,,,,,,,,,,,,,,,,,,,,,,,,
PNPLA2,1.07,enzyme, ,-0.944,0.00295,CPT1A,Gstm3,ICAM1,PNPLA2,SREBF1,,,,,,,,,,,,,,,,,,,,,,,,,,,,,,,,,,,,,,,,,,,,,,,,,,,,,,,,,,,,
A2M, ,transporter, ,-1.951,0.00298,ATF4,EIF2AK3,IL1B,SREBF1,,,,,,,,,,,,,,,,,,,,,,,,,,,,,,,,,,,,,,,,,,,,,,,,,,,,,,,,,,,,,
PDPK1, ,kinase, , ,0.00298,DCT,IL1B,KLF2,SERPINE1,,,,,,,,,,,,,,,,,,,,,,,,,,,,,,,,,,,,,,,,,,,,,,,,,,,,,,,,,,,,,
CG, ,complex, ,-0.486,0.00303,BHMT,CTSV,CYP2R1,G6PC1,HSD3B1,Hsd3b4 (includes others),ICAM1,IGFBP2,IL1B,INHBB,ITGB3,KLF4,MAPKAPK2,NR0B2,NUCB2,SREBF1,TNFAIP2,TNFRSF12A,,,,,,,,,,,,,,,,,,,,,,,,,,,,,,,,,,,,,,,,,,,,,,,
SMARCB1, ,transcription regulator, ,0.707,0.00304,CA8,CYP2C8,CYP4A11,CYP8B1,Defb1,G6PC1,IGFBP2,PC,,,,,,,,,,,,,,,,,,,,,,,,,,,,,,,,,,,,,,,,,,,,,,,,,,,,,,,,,
MAPK9, ,kinase, ,-0.132,0.00307,ABCB11,ABCG8,CIDEC,CYP8B1,IGFBP2,IL1B,SREBF1,TNFAIP3,ZYX,,,,,,,,,,,,,,,,,,,,,,,,,,,,,,,,,,,,,,,,,,,,,,,,,,,,,,,,
NFKBIB, ,transcription regulator, , ,0.00313,CTSV,IL1B,NFKBIA,,,,,,,,,,,,,,,,,,,,,,,,,,,,,,,,,,,,,,,,,,,,,,,,,,,,,,,,,,,,,,
NKX3-1, ,transcription regulator, , ,0.00321,CA3,CA8,CTSV,EZH1,PTPRK,,,,,,,,,,,,,,,,,,,,,,,,,,,,,,,,,,,,,,,,,,,,,,,,,,,,,,,,,,,,
ERBB2, ,kinase, ,0.434,0.00332,BCL3,CHST10,CIDEC,CKS1B,CYP51A1,DPY19L3,E2F2,ELK1,FRRS1,HOMER2,HSD17B11,ICAM1,ITGA6,ITGB3,KLF4,LAMB3,LSS,MYCN,PTPRF,PTPRK,SERPINE1,TMED9,TNFAIP3,WNT5B,,,,,,,,,,,,,,,,,,,,,,,,,,,,,,,,,,,,,,,,,
IFT88, ,other, ,1.964,0.00334,CYP51A1,FDPS,LSS,NSDHL,,,,,,,,,,,,,,,,,,,,,,,,,,,,,,,,,,,,,,,,,,,,,,,,,,,,,,,,,,,,,
IKBKG, ,kinase, ,0.436,0.00334,GRN,ICAM1,IL1B,LIFR,NFKBIA,TG,TNFAIP2,TNFAIP3,,,,,,,,,,,,,,,,,,,,,,,,,,,,,,,,,,,,,,,,,,,,,,,,,,,,,,,,,
PSMB9, ,peptidase, , ,0.00343,NFKBIA,TNFAIP3,,,,,,,,,,,,,,,,,,,,,,,,,,,,,,,,,,,,,,,,,,,,,,,,,,,,,,,,,,,,,,,
Nisch, ,other, , ,0.00343,G6PC1,SREBF1,,,,,,,,,,,,,,,,,,,,,,,,,,,,,,,,,,,,,,,,,,,,,,,,,,,,,,,,,,,,,,,
ELK3, ,transcription regulator, , ,0.00343,HMOX1,SERPINE1,,,,,,,,,,,,,,,,,,,,,,,,,,,,,,,,,,,,,,,,,,,,,,,,,,,,,,,,,,,,,,,
NRIP1, ,transcription regulator, ,0.293,0.00348,ACO2,CCNG2,IL1B,OPLAH,THRSP,,,,,,,,,,,,,,,,,,,,,,,,,,,,,,,,,,,,,,,,,,,,,,,,,,,,,,,,,,,,
GFI1, ,transcription regulator, ,-1.942,0.0035,BCL3,ICAM1,IL1B,ITGB3,JAK3,KLF2,NFKBIA,SESN3,,,,,,,,,,,,,,,,,,,,,,,,,,,,,,,,,,,,,,,,,,,,,,,,,,,,,,,,,
FOS, ,transcription regulator, ,1.432,0.00367,ATF7IP,CASP3,Defb1,HMOX1,HSD17B10,HSD3B1,ICAM1,IL1B,ITGA6,LAMB3,NSDHL,PAOX,PTH1R,PTP4A1,SERPINE1,,,,,,,,,,,,,,,,,,,,,,,,,,,,,,,,,,,,,,,,,,,,,,,,,,
AGTR1, ,G-protein coupled receptor, , ,0.00373,CASP3,Gstm6,HMOX1,SERPINE1,,,,,,,,,,,,,,,,,,,,,,,,,,,,,,,,,,,,,,,,,,,,,,,,,,,,,,,,,,,,,
GPBAR1, ,G-protein coupled receptor, , ,0.00374,CTH,ICAM1,IL1B,,,,,,,,,,,,,,,,,,,,,,,,,,,,,,,,,,,,,,,,,,,,,,,,,,,,,,,,,,,,,,
GNRH1, ,other, , ,0.00374,HSD3B1,IL1B,INHBB,,,,,,,,,,,,,,,,,,,,,,,,,,,,,,,,,,,,,,,,,,,,,,,,,,,,,,,,,,,,,,
ARNTL, ,transcription regulator, ,-0.749,0.00377,CCNG2,HMOX1,IL1B,SREBF1,TBC1D4,,,,,,,,,,,,,,,,,,,,,,,,,,,,,,,,,,,,,,,,,,,,,,,,,,,,,,,,,,,,
TGFB1, ,growth factor, ,0.862,0.00399,BCL3,CDK2,CKS1B,HMOX1,ICAM1,IGFBP2,IL1B,INHBB,ITGA6,ITGB3,KLF2,KLF4,LIFR,MAPKAPK2,NFKBIA,PTPRK,RHOB,SELENBP1,SERPINE1,TG,TNFRSF12A,WNT5B,ZYX,,,,,,,,,,,,,,,,,,,,,,,,,,,,,,,,,,,,,,,,,,
Gsk3, ,group, ,0.629,0.00408,ATF4,ICAM1,IL1B,SREBF1,TNFAIP3,,,,,,,,,,,,,,,,,,,,,,,,,,,,,,,,,,,,,,,,,,,,,,,,,,,,,,,,,,,,
OGA, ,enzyme, ,1,0.00408,ACAD10,ARAF,CCNG2,CDK2,CEP43,ELK1,FDFT1,FDPS,FLNB,LSS,NSDHL,PRDX4,RAP2A,RHOB,SLC27A1,TNFRSF12A,,,,,,,,,,,,,,,,,,,,,,,,,,,,,,,,,,,,,,,,,,,,,,,,,
PTEN, ,phosphatase, ,1.606,0.00414,ACO2,CA3,CA8,CTSV,EZH1,FDPS,GPR160,IGFBP2,IL1B,INMT,LHPP,LSS,Neat1,PTPRK,SREBF1,TG,VHL,,,,,,,,,,,,,,,,,,,,,,,,,,,,,,,,,,,,,,,,,,,,,,,,
ICAM1,0.982,transmembrane receptor, , ,0.00415,ICAM1,IL1B,KLF4,SREBF1,,,,,,,,,,,,,,,,,,,,,,,,,,,,,,,,,,,,,,,,,,,,,,,,,,,,,,,,,,,,,
HSD11B1, ,enzyme, ,-0.152,0.00415,CPT1A,IL1B,PNPLA2,SREBF1,,,,,,,,,,,,,,,,,,,,,,,,,,,,,,,,,,,,,,,,,,,,,,,,,,,,,,,,,,,,,
FSH, ,complex, ,0.208,0.0042,ACTN1,ALPL,ATP9A,CTSV,FOXK2,GOT1,HDAC5,HSD3B1,INHBB,NOL3,PTP4A1,PTPRF,RHOB,TNFAIP3,,,,,,,,,,,,,,,,,,,,,,,,,,,,,,,,,,,,,,,,,,,,,,,,,,,
FMO3, ,enzyme, , ,0.00443,ABCG8,G6PC1,SREBF1,,,,,,,,,,,,,,,,,,,,,,,,,,,,,,,,,,,,,,,,,,,,,,,,,,,,,,,,,,,,,,
ATF3, ,transcription regulator, ,-1.342,0.00446,ATF4,CD83,CDK2,G6PC1,ICAM1,NUDT5,SERPINE1,,,,,,,,,,,,,,,,,,,,,,,,,,,,,,,,,,,,,,,,,,,,,,,,,,,,,,,,,,
NCOA2, ,transcription regulator,Inhibited,-2.159,0.00501,ADH4,APOA4,CYP51A1,G6PC1,IL1B,KLF4,NSDHL,SREBF1,,,,,,,,,,,,,,,,,,,,,,,,,,,,,,,,,,,,,,,,,,,,,,,,,,,,,,,,,
IRS2, ,enzyme, ,0.387,0.00508,G6PC1,HMOX1,SREBF1,THRSP,,,,,,,,,,,,,,,,,,,,,,,,,,,,,,,,,,,,,,,,,,,,,,,,,,,,,,,,,,,,,
C9orf116, ,other, , ,0.00508,EI24,TRIB3,,,,,,,,,,,,,,,,,,,,,,,,,,,,,,,,,,,,,,,,,,,,,,,,,,,,,,,,,,,,,,,
PDCD10, ,other, , ,0.00508,KLF2,KLF4,,,,,,,,,,,,,,,,,,,,,,,,,,,,,,,,,,,,,,,,,,,,,,,,,,,,,,,,,,,,,,,
Laminin (complex), ,complex, , ,0.00508,ITGA6,PTPRF,,,,,,,,,,,,,,,,,,,,,,,,,,,,,,,,,,,,,,,,,,,,,,,,,,,,,,,,,,,,,,,
JMJD6, ,transmembrane receptor, , ,0.00508,GRN,VHL,,,,,,,,,,,,,,,,,,,,,,,,,,,,,,,,,,,,,,,,,,,,,,,,,,,,,,,,,,,,,,,
TSC22D1, ,transcription regulator, , ,0.00508,IL1B,SERPINE1,,,,,,,,,,,,,,,,,,,,,,,,,,,,,,,,,,,,,,,,,,,,,,,,,,,,,,,,,,,,,,,
GJA8, ,transporter, , ,0.00508,ATF4,TRIB3,,,,,,,,,,,,,,,,,,,,,,,,,,,,,,,,,,,,,,,,,,,,,,,,,,,,,,,,,,,,,,,
GNA11, ,enzyme, , ,0.00508,ALPL,CTSV,,,,,,,,,,,,,,,,,,,,,,,,,,,,,,,,,,,,,,,,,,,,,,,,,,,,,,,,,,,,,,,
OBP2B, ,transporter, , ,0.00508,CPT1A,SREBF1,,,,,,,,,,,,,,,,,,,,,,,,,,,,,,,,,,,,,,,,,,,,,,,,,,,,,,,,,,,,,,,
GLI3, ,transcription regulator, ,1.342,0.00511,ELK1,KLF2,MAPKAPK2,MYCN,TNFAIP3,,,,,,,,,,,,,,,,,,,,,,,,,,,,,,,,,,,,,,,,,,,,,,,,,,,,,,,,,,,,
DDIT3, ,transcription regulator, ,0.035,0.00511,ATF4,ERO1A,HMOX1,IL1B,TRIB3,,,,,,,,,,,,,,,,,,,,,,,,,,,,,,,,,,,,,,,,,,,,,,,,,,,,,,,,,,,,
EGFR, ,kinase, ,-0.881,0.00516,CASP3,CDK2,E2F2,HERPUD1,ICAM1,IL1B,ITGA6,NFKBIA,RANBP1,SDF2L1,SERPINE1,,,,,,,,,,,,,,,,,,,,,,,,,,,,,,,,,,,,,,,,,,,,,,,,,,,,,,
KAT2A, ,enzyme, ,-0.378,0.0057,CASP3,E2F2,G6PC1,H2AZ1,PTPRK,RANBP1,XPO1,,,,,,,,,,,,,,,,,,,,,,,,,,,,,,,,,,,,,,,,,,,,,,,,,,,,,,,,,,
MYC, ,transcription regulator, ,0.14,0.00582,AMD1,ARAF,ATF4,CCNG2,CDK2,CIDEC,CNP,E2F2,EZH1,FABP2,G6PC1,GOT1,HMOX1,IER5,ITGA6,KLF4,LAMB3,NFKBIA,NOP56,NUDT21,OAT,PTBP1,SERPINE1,SREBF1,TNFRSF12A,VHL,XPO1,,,,,,,,,,,,,,,,,,,,,,,,,,,,,,,,,,,,,,
THRB, ,ligand-dependent nuclear receptor, ,-0.902,0.00584,BCL3,FDPS,G6PC1,H1-2,HEXIM1,IGFBP2,NRAS,POR,SREBF1,THRSP,WNT5B,,,,,,,,,,,,,,,,,,,,,,,,,,,,,,,,,,,,,,,,,,,,,,,,,,,,,,
SIRT6, ,enzyme, ,0,0.00589,CIDEC,CYP2C18,G6PC1,IL1B,LSS,,,,,,,,,,,,,,,,,,,,,,,,,,,,,,,,,,,,,,,,,,,,,,,,,,,,,,,,,,,,
ID3, ,transcription regulator, ,1.342,0.006,BCL3,CCNG2,CD83,E2F2,G6PC3,HOMER2,ICAM1,INHBB,ITGB3,,,,,,,,,,,,,,,,,,,,,,,,,,,,,,,,,,,,,,,,,,,,,,,,,,,,,,,,
SUMO1, ,enzyme, , ,0.00602,ABCB11,CIDEC,NR0B2,,,,,,,,,,,,,,,,,,,,,,,,,,,,,,,,,,,,,,,,,,,,,,,,,,,,,,,,,,,,,,
KCNJ10, ,ion channel, , ,0.00602,ICAM1,IGFBP2,TNFRSF12A,,,,,,,,,,,,,,,,,,,,,,,,,,,,,,,,,,,,,,,,,,,,,,,,,,,,,,,,,,,,,,
CIDEC,3.848,other, ,-1.862,0.00614,CPT1A,PNPLA2,SERPINE1,SREBF1,,,,,,,,,,,,,,,,,,,,,,,,,,,,,,,,,,,,,,,,,,,,,,,,,,,,,,,,,,,,,
Vegf, ,group, ,0.64,0.00614,Akr1c14,ICAM1,INHBB,MYCN,PC,SLC27A1,,,,,,,,,,,,,,,,,,,,,,,,,,,,,,,,,,,,,,,,,,,,,,,,,,,,,,,,,,,
GNAS, ,enzyme, ,0,0.00631,ALPL,CDK2,G6PC1,KLF4,TG,,,,,,,,,,,,,,,,,,,,,,,,,,,,,,,,,,,,,,,,,,,,,,,,,,,,,,,,,,,,
FOXO3, ,transcription regulator, ,1.018,0.00669,CCNG2,FLNB,ICAM1,MAP1LC3A,NFKBIA,NOL3,PCSK9,SERPINE1,SESN3,,,,,,,,,,,,,,,,,,,,,,,,,,,,,,,,,,,,,,,,,,,,,,,,,,,,,,,,
FGF21, ,growth factor, , ,0.00672,CPT1A,G6PC1,SREBF1,THRSP,,,,,,,,,,,,,,,,,,,,,,,,,,,,,,,,,,,,,,,,,,,,,,,,,,,,,,,,,,,,,
TLR7/8, ,group, , ,0.00672,NFKBIA,PNRC1,TNFAIP3,TRIB3,,,,,,,,,,,,,,,,,,,,,,,,,,,,,,,,,,,,,,,,,,,,,,,,,,,,,,,,,,,,,
HMOX1,0.824,enzyme, ,0.826,0.00685,CDK2,CNMD,HMOX1,ICAM1,IL1B,ITGB3,,,,,,,,,,,,,,,,,,,,,,,,,,,,,,,,,,,,,,,,,,,,,,,,,,,,,,,,,,,
Pde4, ,group, , ,0.00693,CYP51A1,FDPS,ICAM1,,,,,,,,,,,,,,,,,,,,,,,,,,,,,,,,,,,,,,,,,,,,,,,,,,,,,,,,,,,,,,
SIRT2, ,transcription regulator, , ,0.00693,FDFT1,LSS,SC5D,,,,,,,,,,,,,,,,,,,,,,,,,,,,,,,,,,,,,,,,,,,,,,,,,,,,,,,,,,,,,,
MGLL, ,enzyme, , ,0.00693,CPT1A,PNPLA2,SREBF1,,,,,,,,,,,,,,,,,,,,,,,,,,,,,,,,,,,,,,,,,,,,,,,,,,,,,,,,,,,,,,
thyroid hormone receptor, ,group, , ,0.00703,CPT1A,POR,,,,,,,,,,,,,,,,,,,,,,,,,,,,,,,,,,,,,,,,,,,,,,,,,,,,,,,,,,,,,,,
4732491K20Rik, ,other, , ,0.00703,ICAM1,IL1B,,,,,,,,,,,,,,,,,,,,,,,,,,,,,,,,,,,,,,,,,,,,,,,,,,,,,,,,,,,,,,,
PRCP, ,peptidase, , ,0.00703,KLF2,KLF4,,,,,,,,,,,,,,,,,,,,,,,,,,,,,,,,,,,,,,,,,,,,,,,,,,,,,,,,,,,,,,,
SLC39A14, ,transporter, , ,0.00703,ATF4,SREBF1,,,,,,,,,,,,,,,,,,,,,,,,,,,,,,,,,,,,,,,,,,,,,,,,,,,,,,,,,,,,,,,
RAD51AP1, ,other, , ,0.00703,ITGA6,KLF4,,,,,,,,,,,,,,,,,,,,,,,,,,,,,,,,,,,,,,,,,,,,,,,,,,,,,,,,,,,,,,,
KLKB1, ,peptidase, , ,0.00703,ICAM1,KLF4,,,,,,,,,,,,,,,,,,,,,,,,,,,,,,,,,,,,,,,,,,,,,,,,,,,,,,,,,,,,,,,
cytokine, ,group, , ,0.00703,BCL3,ITGA6,,,,,,,,,,,,,,,,,,,,,,,,,,,,,,,,,,,,,,,,,,,,,,,,,,,,,,,,,,,,,,,
CREBBP, ,transcription regulator, , ,0.00729,ASL,CYP8B1,GRAMD2B,ITGA6,KLF2,MFHAS1,PTPRF,RPS6KA1,SREBF1,TNFAIP3,TSPAN31,TUBA8,WNT5B,,,,,,,,,,,,,,,,,,,,,,,,,,,,,,,,,,,,,,,,,,,,,,,,,,,,
E2F4, ,transcription regulator, , ,0.00743,CDK2,CKS1B,E2F2,FDFT1,H2AZ1,IER5,MYCN,SERPINE1,SPAG7,,,,,,,,,,,,,,,,,,,,,,,,,,,,,,,,,,,,,,,,,,,,,,,,,,,,,,,,
Immunoglobulin, ,complex,Activated,2,0.00769,BCL3,CD83,CDK2,IL1B,NFKBIA,,,,,,,,,,,,,,,,,,,,,,,,,,,,,,,,,,,,,,,,,,,,,,,,,,,,,,,,,,,,
MAP3K14, ,kinase, ,1.308,0.00769,CASP3,ICAM1,IL1B,NFKBIA,SREBF1,,,,,,,,,,,,,,,,,,,,,,,,,,,,,,,,,,,,,,,,,,,,,,,,,,,,,,,,,,,,
GLI1, ,transcription regulator,Inhibited,-2.214,0.00772,ATP9A,CCNG2,CMBL,EPB41L4B,KBTBD8,KLF4,LAMB3,MEST,MYCN,NQO2,OGFRL1,PTPRF,RAP2A,RPS6KA1,SELENBP1,SESN3,TNFRSF12A,,,,,,,,,,,,,,,,,,,,,,,,,,,,,,,,,,,,,,,,,,,,,,,,
CPT1B, ,enzyme, ,-0.956,0.00779,ARAF,ELK1,FH,INSIG1,NFKBIA,NRAS,OGDH,PTPRF,SLC27A1,SREBF1,,,,,,,,,,,,,,,,,,,,,,,,,,,,,,,,,,,,,,,,,,,,,,,,,,,,,,,
ACSS2, ,enzyme, , ,0.00791,FABP2,LSS,SREBF1,,,,,,,,,,,,,,,,,,,,,,,,,,,,,,,,,,,,,,,,,,,,,,,,,,,,,,,,,,,,,,
STK4, ,kinase, , ,0.00791,IL1B,NFKBIA,PROS1,,,,,,,,,,,,,,,,,,,,,,,,,,,,,,,,,,,,,,,,,,,,,,,,,,,,,,,,,,,,,,
KIF3A, ,enzyme, , ,0.00791,CYP51A1,FDPS,NSDHL,,,,,,,,,,,,,,,,,,,,,,,,,,,,,,,,,,,,,,,,,,,,,,,,,,,,,,,,,,,,,,
MECOM, ,transcription regulator, , ,0.00791,CA3,ITGB3,RPS6KA1,,,,,,,,,,,,,,,,,,,,,,,,,,,,,,,,,,,,,,,,,,,,,,,,,,,,,,,,,,,,,,
Mt2, ,other, , ,0.00791,IL1B,MEST,SERPINE1,,,,,,,,,,,,,,,,,,,,,,,,,,,,,,,,,,,,,,,,,,,,,,,,,,,,,,,,,,,,,,
CD40LG, ,cytokine,Activated,2.227,0.00857,CD83,E2F2,ICAM1,IL1B,NFKBIA,TNFAIP3,ZFP36L1,,,,,,,,,,,,,,,,,,,,,,,,,,,,,,,,,,,,,,,,,,,,,,,,,,,,,,,,,,
ESRRG, ,ligand-dependent nuclear receptor,Inhibited,-2,0.00872,ACO2,DLST,ELAC1,FH,G6PC1,,,,,,,,,,,,,,,,,,,,,,,,,,,,,,,,,,,,,,,,,,,,,,,,,,,,,,,,,,,,
CYP1A1, ,enzyme,Activated,2,0.00887,ARAF,Gstm3,IGFBP2,PTP4A1,SHANK2,SLC46A3,,,,,,,,,,,,,,,,,,,,,,,,,,,,,,,,,,,,,,,,,,,,,,,,,,,,,,,,,,,
MIR17HG, ,other, ,0,0.00895,ALPL,BLNK,HIF1AN,KLF2,MYCN,PTPRK,TNFAIP3,,,,,,,,,,,,,,,,,,,,,,,,,,,,,,,,,,,,,,,,,,,,,,,,,,,,,,,,,,
GNAQ, ,enzyme, , ,0.00895,CTSV,INSIG1,RHOB,SELENBP1,SERPINE1,TNFRSF12A,ZFP36L1,,,,,,,,,,,,,,,,,,,,,,,,,,,,,,,,,,,,,,,,,,,,,,,,,,,,,,,,,,
HMGXB4, ,other, , ,0.00897,ICAM1,IER5,TNFAIP2,,,,,,,,,,,,,,,,,,,,,,,,,,,,,,,,,,,,,,,,,,,,,,,,,,,,,,,,,,,,,,
Mt1, ,other, , ,0.00897,IL1B,MEST,SERPINE1,,,,,,,,,,,,,,,,,,,,,,,,,,,,,,,,,,,,,,,,,,,,,,,,,,,,,,,,,,,,,,
SUPT20H, ,other, , ,0.00897,IL1B,NFKBIA,TNFAIP2,,,,,,,,,,,,,,,,,,,,,,,,,,,,,,,,,,,,,,,,,,,,,,,,,,,,,,,,,,,,,,
SIRT1, ,transcription regulator, ,0.571,0.00901,CCNG2,CD83,CPT1A,EIF2AK3,ERO1A,G6PC1,GSTA3,HMOX1,Hsd3b4 (includes others),IL1B,KLF2,PC,SHANK2,SREBF1,,,,,,,,,,,,,,,,,,,,,,,,,,,,,,,,,,,,,,,,,,,,,,,,,,,
C4BP, ,complex, , ,0.00926,CYP51A1,FDFT1,,,,,,,,,,,,,,,,,,,,,,,,,,,,,,,,,,,,,,,,,,,,,,,,,,,,,,,,,,,,,,,
ETS, ,group, , ,0.00926,ICAM1,JAK3,,,,,,,,,,,,,,,,,,,,,,,,,,,,,,,,,,,,,,,,,,,,,,,,,,,,,,,,,,,,,,,
CTNS, ,transporter, , ,0.00926,ATF4,TG,,,,,,,,,,,,,,,,,,,,,,,,,,,,,,,,,,,,,,,,,,,,,,,,,,,,,,,,,,,,,,,
CREBZF, ,transcription regulator, , ,0.00926,HERPUD1,SREBF1,,,,,,,,,,,,,,,,,,,,,,,,,,,,,,,,,,,,,,,,,,,,,,,,,,,,,,,,,,,,,,,
EHD2, ,other, , ,0.00926,PNPLA2,SREBF1,,,,,,,,,,,,,,,,,,,,,,,,,,,,,,,,,,,,,,,,,,,,,,,,,,,,,,,,,,,,,,,
PSMB10, ,peptidase, , ,0.00926,NFKBIA,TNFAIP3,,,,,,,,,,,,,,,,,,,,,,,,,,,,,,,,,,,,,,,,,,,,,,,,,,,,,,,,,,,,,,,
miR-23a-3p (and other miRNAs w/seed UCACAUU), ,mature microRNA, , ,0.00926,CASP3,TNFAIP3,,,,,,,,,,,,,,,,,,,,,,,,,,,,,,,,,,,,,,,,,,,,,,,,,,,,,,,,,,,,,,,
ST14, ,peptidase, , ,0.00926,ICAM1,IL1B,,,,,,,,,,,,,,,,,,,,,,,,,,,,,,,,,,,,,,,,,,,,,,,,,,,,,,,,,,,,,,,
RBCK1, ,transcription regulator, , ,0.00926,ICAM1,TNFAIP3,,,,,,,,,,,,,,,,,,,,,,,,,,,,,,,,,,,,,,,,,,,,,,,,,,,,,,,,,,,,,,,
MAPK14, ,kinase, ,1.941,0.00933,CYP51A1,Defb1,FDPS,G6PC1,ICAM1,IL1B,SREBF1,,,,,,,,,,,,,,,,,,,,,,,,,,,,,,,,,,,,,,,,,,,,,,,,,,,,,,,,,,
TNFAIP3,1.673,enzyme, , ,0.00941,ICAM1,IL1B,NFKBIA,TNFAIP3,,,,,,,,,,,,,,,,,,,,,,,,,,,,,,,,,,,,,,,,,,,,,,,,,,,,,,,,,,,,,
HBB, ,transporter, , ,0.00941,CASP3,ICAM1,IL1B,SERPINE1,,,,,,,,,,,,,,,,,,,,,,,,,,,,,,,,,,,,,,,,,,,,,,,,,,,,,,,,,,,,,
TREM2, ,transmembrane receptor, ,-0.577,0.00941,CTSV,IL1B,NFKBIA,TNFAIP3,,,,,,,,,,,,,,,,,,,,,,,,,,,,,,,,,,,,,,,,,,,,,,,,,,,,,,,,,,,,,
TCF3, ,transcription regulator,Inhibited,-2.121,0.00983,ARAF,BLNK,CNOT9,Hmgn2 (includes others),KLF2,KLF4,PDIA6,PRDX4,SDF2L1,SPCS2,TXNDC5,,,,,,,,,,,,,,,,,,,,,,,,,,,,,,,,,,,,,,,,,,,,,,,,,,,,,,
CISH, ,other, ,0.447,0.00984,FBXO31,HMOX1,IL1B,MYCN,Retnlg,,,,,,,,,,,,,,,,,,,,,,,,,,,,,,,,,,,,,,,,,,,,,,,,,,,,,,,,,,,,
TGM2, ,enzyme,Activated,2.53,0.00994,ALPL,CYP2R1,DHX33,IL1B,ITGA6,ITGB3,PNRC1,POR,TNFAIP2,VHL,,,,,,,,,,,,,,,,,,,,,,,,,,,,,,,,,,,,,,,,,,,,,,,,,,,,,,,
ZBTB7A, ,transcription regulator, , ,0.0101,CASP3,CDK2,DMBT1,,,,,,,,,,,,,,,,,,,,,,,,,,,,,,,,,,,,,,,,,,,,,,,,,,,,,,,,,,,,,,
ILK, ,kinase, , ,0.0101,IL1B,ITGA6,SLC4A1,,,,,,,,,,,,,,,,,,,,,,,,,,,,,,,,,,,,,,,,,,,,,,,,,,,,,,,,,,,,,,
PRKAA2, ,kinase, ,-1.23,0.0101,EIF2AK3,Gsta4,NFKBIA,OAT,SREBF1,ZFP36L1,ZYX,,,,,,,,,,,,,,,,,,,,,,,,,,,,,,,,,,,,,,,,,,,,,,,,,,,,,,,,,,
CYP1A2, ,enzyme,Activated,2,0.0102,Gstm3,IGFBP2,SHANK2,SLC46A3,,,,,,,,,,,,,,,,,,,,,,,,,,,,,,,,,,,,,,,,,,,,,,,,,,,,,,,,,,,,,
miR-483-3p (miRNAs w/seed CACUCCU), ,mature microRNA, ,-1.053,0.0102,EI24,IER5,LBR,MAPKAPK2,,,,,,,,,,,,,,,,,,,,,,,,,,,,,,,,,,,,,,,,,,,,,,,,,,,,,,,,,,,,,
ELOVL3, ,enzyme, ,1.342,0.0104,Defb1,FDFT1,HACD3,LSS,PLA2G7,,,,,,,,,,,,,,,,,,,,,,,,,,,,,,,,,,,,,,,,,,,,,,,,,,,,,,,,,,,,
RGS2, ,enzyme, ,-0.816,0.0108,FABP2,Hmgn2 (includes others),PPIB,SDF2L1,SREBF1,Ubb,,,,,,,,,,,,,,,,,,,,,,,,,,,,,,,,,,,,,,,,,,,,,,,,,,,,,,,,,,,
STAT5B, ,transcription regulator, ,-0.632,0.0108,A1BG,Aox3,CASP3,CYP2C8,CYP4A11,Gsta4,Hsd3b4 (includes others),NOL3,Slco1a4,UGT2B28,,,,,,,,,,,,,,,,,,,,,,,,,,,,,,,,,,,,,,,,,,,,,,,,,,,,,,,
IL2, ,cytokine, ,0,0.0109,CASP3,CCNG2,CDK2,DLST,GRN,H1-2,IL1B,ITGA6,LIFR,MAPKAPK2,PROS1,RHOB,SESN3,TNFRSF12A,TRIB3,,,,,,,,,,,,,,,,,,,,,,,,,,,,,,,,,,,,,,,,,,,,,,,,,,
AR, ,ligand-dependent nuclear receptor, ,-1.589,0.0109,Akap17b,AMD1,AQP8,ARHGAP21,EPB41L4B,ERO1A,HSD3B1,ICAM1,ITGA6,PDIK1L,PROS1,PTPRF,RHOB,SEC61B,SERPINE1,TACC2,TNFAIP2,TNFRSF12A,UGT2B28,ZYX,,,,,,,,,,,,,,,,,,,,,,,,,,,,,,,,,,,,,,,,,,,,,
MASTL, ,kinase, ,-0.849,0.011,DLST,RAP2A,RDH11,SERPINE1,,,,,,,,,,,,,,,,,,,,,,,,,,,,,,,,,,,,,,,,,,,,,,,,,,,,,,,,,,,,,
IRS1, ,enzyme, ,-0.225,0.011,G6PC1,HMOX1,KLF4,NFKBIA,PTPRF,SREBF1,TRIB3,,,,,,,,,,,,,,,,,,,,,,,,,,,,,,,,,,,,,,,,,,,,,,,,,,,,,,,,,,
TRAF3, ,enzyme, ,-1.109,0.0111,ICAM1,IL1B,NFKBIA,PLBD1,TNFAIP3,,,,,,,,,,,,,,,,,,,,,,,,,,,,,,,,,,,,,,,,,,,,,,,,,,,,,,,,,,,,
MAP3K12, ,kinase, , ,0.0113,CASP3,NRN1,TUBB,,,,,,,,,,,,,,,,,,,,,,,,,,,,,,,,,,,,,,,,,,,,,,,,,,,,,,,,,,,,,,
EZR, ,other, , ,0.0113,ATF4,IL1B,TRIB3,,,,,,,,,,,,,,,,,,,,,,,,,,,,,,,,,,,,,,,,,,,,,,,,,,,,,,,,,,,,,,
SRD5A1, ,enzyme, , ,0.0113,G6PC1,PNPLA2,SREBF1,,,,,,,,,,,,,,,,,,,,,,,,,,,,,,,,,,,,,,,,,,,,,,,,,,,,,,,,,,,,,,
CCR1, ,G-protein coupled receptor, , ,0.0113,ATF4,CTSV,ITGB3,,,,,,,,,,,,,,,,,,,,,,,,,,,,,,,,,,,,,,,,,,,,,,,,,,,,,,,,,,,,,,
TMEM79, ,other, , ,0.0118,ICAM1,IL1B,,,,,,,,,,,,,,,,,,,,,,,,,,,,,,,,,,,,,,,,,,,,,,,,,,,,,,,,,,,,,,,
LPCAT3, ,enzyme, , ,0.0118,ABCG8,CPT1A,,,,,,,,,,,,,,,,,,,,,,,,,,,,,,,,,,,,,,,,,,,,,,,,,,,,,,,,,,,,,,,
PIAS4, ,transcription regulator, , ,0.0118,IL1B,SERPINE1,,,,,,,,,,,,,,,,,,,,,,,,,,,,,,,,,,,,,,,,,,,,,,,,,,,,,,,,,,,,,,,
UCHL3, ,peptidase, , ,0.0118,CASP3,SREBF1,,,,,,,,,,,,,,,,,,,,,,,,,,,,,,,,,,,,,,,,,,,,,,,,,,,,,,,,,,,,,,,
BRD2, ,kinase, , ,0.0118,HMOX1,IL1B,SLC4A1,TARS1,,,,,,,,,,,,,,,,,,,,,,,,,,,,,,,,,,,,,,,,,,,,,,,,,,,,,,,,,,,,,
ZFTA-RELA, ,fusion gene/product,Activated,2,0.0118,BCL3,ICAM1,NFKBIA,TNFAIP3,,,,,,,,,,,,,,,,,,,,,,,,,,,,,,,,,,,,,,,,,,,,,,,,,,,,,,,,,,,,,
S100A8, ,other, ,0.235,0.0121,ALPL,BCL3,EPB41L4B,HMOX1,ICAM1,IL1B,NFKBIA,TUBA8,,,,,,,,,,,,,,,,,,,,,,,,,,,,,,,,,,,,,,,,,,,,,,,,,,,,,,,,,
CTSS, ,peptidase, , ,0.0126,CASP3,CTSV,IL1B,,,,,,,,,,,,,,,,,,,,,,,,,,,,,,,,,,,,,,,,,,,,,,,,,,,,,,,,,,,,,,
FOXO4, ,transcription regulator, ,-0.926,0.013,Akr1c14,CCNG2,CYP51A1,FDFT1,FLNB,SESN3,,,,,,,,,,,,,,,,,,,,,,,,,,,,,,,,,,,,,,,,,,,,,,,,,,,,,,,,,,,
TICAM1, ,other,Activated,2.466,0.0134,BCL3,ICAM1,IL1B,NFKBIA,RHOB,SERPINE1,TNFAIP3,,,,,,,,,,,,,,,,,,,,,,,,,,,,,,,,,,,,,,,,,,,,,,,,,,,,,,,,,,
JUNB, ,transcription regulator, ,1.664,0.0135,HMOX1,IL1B,ITGB3,LAMB3,PNPLA2,SERPINE1,,,,,,,,,,,,,,,,,,,,,,,,,,,,,,,,,,,,,,,,,,,,,,,,,,,,,,,,,,,
CD300LF, ,other, , ,0.014,CPT1A,IL1B,SLC27A1,,,,,,,,,,,,,,,,,,,,,,,,,,,,,,,,,,,,,,,,,,,,,,,,,,,,,,,,,,,,,,
TRIB3,-1.516,kinase, , ,0.014,CTH,HERPUD1,TRIB3,,,,,,,,,,,,,,,,,,,,,,,,,,,,,,,,,,,,,,,,,,,,,,,,,,,,,,,,,,,,,,
Sos, ,group, , ,0.0142,ATF7IP,Defb1,HMOX1,HSD17B10,HSD3B1,ITGA6,NSDHL,PAOX,PTH1R,,,,,,,,,,,,,,,,,,,,,,,,,,,,,,,,,,,,,,,,,,,,,,,,,,,,,,,,
Creb, ,group, ,-0.447,0.0144,CTH,CTSV,CYP51A1,DPY19L3,ELL,FLNB,Nolc1,NRN1,SESN3,Slco1a4,,,,,,,,,,,,,,,,,,,,,,,,,,,,,,,,,,,,,,,,,,,,,,,,,,,,,,,
ABCA7, ,transporter, , ,0.0145,EIF2AK3,IL1B,,,,,,,,,,,,,,,,,,,,,,,,,,,,,,,,,,,,,,,,,,,,,,,,,,,,,,,,,,,,,,,
DPY30, ,other, , ,0.0145,CDK2,E2F2,,,,,,,,,,,,,,,,,,,,,,,,,,,,,,,,,,,,,,,,,,,,,,,,,,,,,,,,,,,,,,,
PPP1R15B, ,phosphatase, , ,0.0145,ATF4,TRIB3,,,,,,,,,,,,,,,,,,,,,,,,,,,,,,,,,,,,,,,,,,,,,,,,,,,,,,,,,,,,,,,
TSHR, ,G-protein coupled receptor, , ,0.0145,ALPL,TG,,,,,,,,,,,,,,,,,,,,,,,,,,,,,,,,,,,,,,,,,,,,,,,,,,,,,,,,,,,,,,,
mir-23, ,microRNA, , ,0.0145,CKS1B,MYCN,,,,,,,,,,,,,,,,,,,,,,,,,,,,,,,,,,,,,,,,,,,,,,,,,,,,,,,,,,,,,,,
SLC10A1, ,transporter, , ,0.0145,CYP8B1,Slco1a4,,,,,,,,,,,,,,,,,,,,,,,,,,,,,,,,,,,,,,,,,,,,,,,,,,,,,,,,,,,,,,,
ARF6, ,transporter, , ,0.0145,IL1B,RHOB,,,,,,,,,,,,,,,,,,,,,,,,,,,,,,,,,,,,,,,,,,,,,,,,,,,,,,,,,,,,,,,
KRIT1, ,other, , ,0.0145,KLF2,KLF4,,,,,,,,,,,,,,,,,,,,,,,,,,,,,,,,,,,,,,,,,,,,,,,,,,,,,,,,,,,,,,,
CYP2J2, ,enzyme, , ,0.0145,IL1B,NFKBIA,,,,,,,,,,,,,,,,,,,,,,,,,,,,,,,,,,,,,,,,,,,,,,,,,,,,,,,,,,,,,,,
Sik1, ,kinase, , ,0.0145,SREBF1,THRSP,,,,,,,,,,,,,,,,,,,,,,,,,,,,,,,,,,,,,,,,,,,,,,,,,,,,,,,,,,,,,,,
GPAT4, ,enzyme, , ,0.0145,ATF4,EIF2AK3,,,,,,,,,,,,,,,,,,,,,,,,,,,,,,,,,,,,,,,,,,,,,,,,,,,,,,,,,,,,,,,
STK40, ,kinase, , ,0.0146,HDAC5,IL1B,MR1,TXNRD3,WNT5B,,,,,,,,,,,,,,,,,,,,,,,,,,,,,,,,,,,,,,,,,,,,,,,,,,,,,,,,,,,,
PIK3R1, ,kinase, ,0.447,0.0146,ATF4,HMOX1,ICAM1,IL1B,TRIB3,,,,,,,,,,,,,,,,,,,,,,,,,,,,,,,,,,,,,,,,,,,,,,,,,,,,,,,,,,,,
JAK2, ,kinase, , ,0.0148,ACTN1,BLNK,ICAM1,IL1B,Neat1,PHLDA3,,,,,,,,,,,,,,,,,,,,,,,,,,,,,,,,,,,,,,,,,,,,,,,,,,,,,,,,,,,
TCF7L2, ,transcription regulator,Inhibited,-2.143,0.0151,AKR1C4,CCNYL1,CNP,CYP2C8,CYP51A1,FH,G6PC1,GRAMD2B,PAPSS1,RAP2A,SC5D,SNX30,SORBS3,,,,,,,,,,,,,,,,,,,,,,,,,,,,,,,,,,,,,,,,,,,,,,,,,,,,
mir-10, ,microRNA, ,1.013,0.0153,KLF4,LIFR,RAP2A,RPS6KA1,SGPL1,,,,,,,,,,,,,,,,,,,,,,,,,,,,,,,,,,,,,,,,,,,,,,,,,,,,,,,,,,,,
NFE2L1, ,transcription regulator, , ,0.0155,CYP4A11,Gstm3,Gstm6,,,,,,,,,,,,,,,,,,,,,,,,,,,,,,,,,,,,,,,,,,,,,,,,,,,,,,,,,,,,,,
STS, ,enzyme, , ,0.0155,IGFBP2,IL1B,PNPLA2,,,,,,,,,,,,,,,,,,,,,,,,,,,,,,,,,,,,,,,,,,,,,,,,,,,,,,,,,,,,,,
TNFRSF1A, ,transmembrane receptor, ,1.534,0.0155,CASP3,CD83,ICAM1,IL1B,SERPINE1,Slco1a4,TNFAIP3,,,,,,,,,,,,,,,,,,,,,,,,,,,,,,,,,,,,,,,,,,,,,,,,,,,,,,,,,,
SQSTM1, ,transcription regulator, ,-0.152,0.0156,HMOX1,IL1B,MAP1LC3A,NFKBIA,,,,,,,,,,,,,,,,,,,,,,,,,,,,,,,,,,,,,,,,,,,,,,,,,,,,,,,,,,,,,
CREB1, ,transcription regulator, ,-0.152,0.0163,CYP51A1,DMBT1,G6PC1,KLF4,LSS,MEST,SREBF1,TSKU,,,,,,,,,,,,,,,,,,,,,,,,,,,,,,,,,,,,,,,,,,,,,,,,,,,,,,,,,
BRD4, ,kinase, ,-1.4,0.0167,BCL3,GTF3C6,HMOX1,ICAM1,KDM3A,MYCN,TUBB,,,,,,,,,,,,,,,,,,,,,,,,,,,,,,,,,,,,,,,,,,,,,,,,,,,,,,,,,,
IL1R1, ,transmembrane receptor, , ,0.0167,ICAM1,IL1B,LIFR,Slco1a4,,,,,,,,,,,,,,,,,,,,,,,,,,,,,,,,,,,,,,,,,,,,,,,,,,,,,,,,,,,,,
FSHR, ,G-protein coupled receptor, ,0.152,0.0167,G6PC1,HSD3B1,Hsd3b4 (includes others),INHBB,,,,,,,,,,,,,,,,,,,,,,,,,,,,,,,,,,,,,,,,,,,,,,,,,,,,,,,,,,,,,
BCL3,0.887,transcription regulator, ,-1.231,0.0167,ELK1,ICAM1,IL1B,NFKBIA,,,,,,,,,,,,,,,,,,,,,,,,,,,,,,,,,,,,,,,,,,,,,,,,,,,,,,,,,,,,,
IKBKB, ,kinase, ,1.269,0.0168,CKS1B,GRN,HMOX1,ICAM1,IGFBP2,IL1B,ITGB3,LIFR,NFKBIA,TNFAIP2,,,,,,,,,,,,,,,,,,,,,,,,,,,,,,,,,,,,,,,,,,,,,,,,,,,,,,,
Growth hormone, ,group, ,-0.6,0.0168,CA3,CYB5B,CYP2C8,FDPS,G6PC1,IGFBP2,NFKBIA,Ubb,,,,,,,,,,,,,,,,,,,,,,,,,,,,,,,,,,,,,,,,,,,,,,,,,,,,,,,,,
SOST, ,other, , ,0.017,CPT1A,IL1B,SREBF1,,,,,,,,,,,,,,,,,,,,,,,,,,,,,,,,,,,,,,,,,,,,,,,,,,,,,,,,,,,,,,
CLU, ,other, , ,0.017,IL1B,NFKBIA,SREBF1,,,,,,,,,,,,,,,,,,,,,,,,,,,,,,,,,,,,,,,,,,,,,,,,,,,,,,,,,,,,,,
COP1, ,enzyme, , ,0.017,ICAM1,SREBF1,TRIB3,,,,,,,,,,,,,,,,,,,,,,,,,,,,,,,,,,,,,,,,,,,,,,,,,,,,,,,,,,,,,,
HMGB1, ,transcription regulator, , ,0.017,CD83,ICAM1,IL1B,,,,,,,,,,,,,,,,,,,,,,,,,,,,,,,,,,,,,,,,,,,,,,,,,,,,,,,,,,,,,,
CTSV,0.914,peptidase, , ,0.0175,CTSV,IL1B,,,,,,,,,,,,,,,,,,,,,,,,,,,,,,,,,,,,,,,,,,,,,,,,,,,,,,,,,,,,,,,
E2F5, ,transcription regulator, , ,0.0175,MYCN,SERPINE1,,,,,,,,,,,,,,,,,,,,,,,,,,,,,,,,,,,,,,,,,,,,,,,,,,,,,,,,,,,,,,,
IL17RD, ,other, , ,0.0175,IL1B,Retnlg,,,,,,,,,,,,,,,,,,,,,,,,,,,,,,,,,,,,,,,,,,,,,,,,,,,,,,,,,,,,,,,
CST3, ,other, , ,0.0175,IL1B,NFKBIA,,,,,,,,,,,,,,,,,,,,,,,,,,,,,,,,,,,,,,,,,,,,,,,,,,,,,,,,,,,,,,,
SLC7A5, ,transporter, , ,0.0175,ATF4,TRIB3,,,,,,,,,,,,,,,,,,,,,,,,,,,,,,,,,,,,,,,,,,,,,,,,,,,,,,,,,,,,,,,
IL1R2, ,transmembrane receptor, , ,0.0175,ICAM1,IL1B,,,,,,,,,,,,,,,,,,,,,,,,,,,,,,,,,,,,,,,,,,,,,,,,,,,,,,,,,,,,,,,
COPA, ,transporter, , ,0.0175,EIF2AK3,IL1B,,,,,,,,,,,,,,,,,,,,,,,,,,,,,,,,,,,,,,,,,,,,,,,,,,,,,,,,,,,,,,,
Flg, ,other, , ,0.0175,ICAM1,IL1B,,,,,,,,,,,,,,,,,,,,,,,,,,,,,,,,,,,,,,,,,,,,,,,,,,,,,,,,,,,,,,,
KLB, ,enzyme, , ,0.0175,CYP8B1,NR0B2,,,,,,,,,,,,,,,,,,,,,,,,,,,,,,,,,,,,,,,,,,,,,,,,,,,,,,,,,,,,,,,
Ncoa6, ,transcription regulator, , ,0.0175,SERPINE1,SREBF1,,,,,,,,,,,,,,,,,,,,,,,,,,,,,,,,,,,,,,,,,,,,,,,,,,,,,,,,,,,,,,,
Esrra, ,transcription regulator, , ,0.0182,APOA4,CPT1A,ECH1,FABP2,GOT1,HSD3B1,,,,,,,,,,,,,,,,,,,,,,,,,,,,,,,,,,,,,,,,,,,,,,,,,,,,,,,,,,,
SYVN1, ,transporter, ,-1.89,0.0185,ITGA6,LMBRD2,NUDT21,PNPLA2,PTBP1,SLC6A6,TARS1,,,,,,,,,,,,,,,,,,,,,,,,,,,,,,,,,,,,,,,,,,,,,,,,,,,,,,,,,,
ALOX15, ,enzyme, , ,0.0187,HMOX1,ICAM1,IL1B,,,,,,,,,,,,,,,,,,,,,,,,,,,,,,,,,,,,,,,,,,,,,,,,,,,,,,,,,,,,,,
UBE2I, ,enzyme, , ,0.0187,ABCB11,CPT1A,NR0B2,,,,,,,,,,,,,,,,,,,,,,,,,,,,,,,,,,,,,,,,,,,,,,,,,,,,,,,,,,,,,,
GPSM3, ,other, , ,0.0189,IL1B,,,,,,,,,,,,,,,,,,,,,,,,,,,,,,,,,,,,,,,,,,,,,,,,,,,,,,,,,,,,,,,,
BDNF-AS, ,other, , ,0.0189,CASP3,,,,,,,,,,,,,,,,,,,,,,,,,,,,,,,,,,,,,,,,,,,,,,,,,,,,,,,,,,,,,,,,
IRAK1/4, ,group, , ,0.0189,IL1B,,,,,,,,,,,,,,,,,,,,,,,,,,,,,,,,,,,,,,,,,,,,,,,,,,,,,,,,,,,,,,,,
FBXO46, ,other, , ,0.0189,FBXO31,,,,,,,,,,,,,,,,,,,,,,,,,,,,,,,,,,,,,,,,,,,,,,,,,,,,,,,,,,,,,,,,
Il1bos, ,other, , ,0.0189,IL1B,,,,,,,,,,,,,,,,,,,,,,,,,,,,,,,,,,,,,,,,,,,,,,,,,,,,,,,,,,,,,,,,
FBXL17, ,other, , ,0.0189,HMOX1,,,,,,,,,,,,,,,,,,,,,,,,,,,,,,,,,,,,,,,,,,,,,,,,,,,,,,,,,,,,,,,,
PELI3, ,enzyme, , ,0.0189,IL1B,,,,,,,,,,,,,,,,,,,,,,,,,,,,,,,,,,,,,,,,,,,,,,,,,,,,,,,,,,,,,,,,
VSIG4, ,other, , ,0.0189,IL1B,,,,,,,,,,,,,,,,,,,,,,,,,,,,,,,,,,,,,,,,,,,,,,,,,,,,,,,,,,,,,,,,
CMPK2, ,kinase, , ,0.0189,IL1B,,,,,,,,,,,,,,,,,,,,,,,,,,,,,,,,,,,,,,,,,,,,,,,,,,,,,,,,,,,,,,,,
SLC51B, ,transporter, , ,0.0189,NR0B2,,,,,,,,,,,,,,,,,,,,,,,,,,,,,,,,,,,,,,,,,,,,,,,,,,,,,,,,,,,,,,,,
BPI, ,transporter, , ,0.0189,ICAM1,,,,,,,,,,,,,,,,,,,,,,,,,,,,,,,,,,,,,,,,,,,,,,,,,,,,,,,,,,,,,,,,
CYBC1, ,other, , ,0.0189,IL1B,,,,,,,,,,,,,,,,,,,,,,,,,,,,,,,,,,,,,,,,,,,,,,,,,,,,,,,,,,,,,,,,
DAGLA, ,enzyme, , ,0.0189,IL1B,,,,,,,,,,,,,,,,,,,,,,,,,,,,,,,,,,,,,,,,,,,,,,,,,,,,,,,,,,,,,,,,
PSTPIP2, ,other, , ,0.0189,IL1B,,,,,,,,,,,,,,,,,,,,,,,,,,,,,,,,,,,,,,,,,,,,,,,,,,,,,,,,,,,,,,,,
HLA-DR, ,complex, , ,0.0189,IL1B,,,,,,,,,,,,,,,,,,,,,,,,,,,,,,,,,,,,,,,,,,,,,,,,,,,,,,,,,,,,,,,,
IMMT, ,other, , ,0.0189,CHCHD6,,,,,,,,,,,,,,,,,,,,,,,,,,,,,,,,,,,,,,,,,,,,,,,,,,,,,,,,,,,,,,,,
MYADM, ,other, , ,0.0189,ICAM1,,,,,,,,,,,,,,,,,,,,,,,,,,,,,,,,,,,,,,,,,,,,,,,,,,,,,,,,,,,,,,,,
TMEM139, ,other, , ,0.0189,SLC4A1,,,,,,,,,,,,,,,,,,,,,,,,,,,,,,,,,,,,,,,,,,,,,,,,,,,,,,,,,,,,,,,,
2810408I11Rik, ,other, , ,0.0189,CCNYL1,,,,,,,,,,,,,,,,,,,,,,,,,,,,,,,,,,,,,,,,,,,,,,,,,,,,,,,,,,,,,,,,
CLIC1, ,ion channel, , ,0.0189,IL1B,,,,,,,,,,,,,,,,,,,,,,,,,,,,,,,,,,,,,,,,,,,,,,,,,,,,,,,,,,,,,,,,
OSBP, ,transporter, , ,0.0189,SREBF1,,,,,,,,,,,,,,,,,,,,,,,,,,,,,,,,,,,,,,,,,,,,,,,,,,,,,,,,,,,,,,,,
NDUFA11, ,enzyme, , ,0.0189,ATF4,,,,,,,,,,,,,,,,,,,,,,,,,,,,,,,,,,,,,,,,,,,,,,,,,,,,,,,,,,,,,,,,
PROTEASE, ,group, , ,0.0189,HSD3B1,,,,,,,,,,,,,,,,,,,,,,,,,,,,,,,,,,,,,,,,,,,,,,,,,,,,,,,,,,,,,,,,
TOMM22, ,transporter, , ,0.0189,HSD3B1,,,,,,,,,,,,,,,,,,,,,,,,,,,,,,,,,,,,,,,,,,,,,,,,,,,,,,,,,,,,,,,,
KHK, ,kinase, , ,0.0189,SLC2A5,,,,,,,,,,,,,,,,,,,,,,,,,,,,,,,,,,,,,,,,,,,,,,,,,,,,,,,,,,,,,,,,
LSM10, ,other, , ,0.0189,H1-2,,,,,,,,,,,,,,,,,,,,,,,,,,,,,,,,,,,,,,,,,,,,,,,,,,,,,,,,,,,,,,,,
ACSL1, ,enzyme, , ,0.0189,CASP3,,,,,,,,,,,,,,,,,,,,,,,,,,,,,,,,,,,,,,,,,,,,,,,,,,,,,,,,,,,,,,,,
TMED10, ,transporter, , ,0.0189,TMED9,,,,,,,,,,,,,,,,,,,,,,,,,,,,,,,,,,,,,,,,,,,,,,,,,,,,,,,,,,,,,,,,
MED7, ,transcription regulator, , ,0.0189,TNFAIP3,,,,,,,,,,,,,,,,,,,,,,,,,,,,,,,,,,,,,,,,,,,,,,,,,,,,,,,,,,,,,,,,
SLC52A1, ,transporter, , ,0.0189,ICAM1,,,,,,,,,,,,,,,,,,,,,,,,,,,,,,,,,,,,,,,,,,,,,,,,,,,,,,,,,,,,,,,,
GRPR, ,G-protein coupled receptor, , ,0.0189,MYCN,,,,,,,,,,,,,,,,,,,,,,,,,,,,,,,,,,,,,,,,,,,,,,,,,,,,,,,,,,,,,,,,
ARIH2, ,enzyme, , ,0.0189,IL1B,,,,,,,,,,,,,,,,,,,,,,,,,,,,,,,,,,,,,,,,,,,,,,,,,,,,,,,,,,,,,,,,
miR-638 (miRNAs w/seed GGGAUCG), ,mature microRNA, , ,0.0189,CDK2,,,,,,,,,,,,,,,,,,,,,,,,,,,,,,,,,,,,,,,,,,,,,,,,,,,,,,,,,,,,,,,,
mir-638, ,microRNA, , ,0.0189,CDK2,,,,,,,,,,,,,,,,,,,,,,,,,,,,,,,,,,,,,,,,,,,,,,,,,,,,,,,,,,,,,,,,
AQUAPORIN, ,group, , ,0.0189,IL1B,,,,,,,,,,,,,,,,,,,,,,,,,,,,,,,,,,,,,,,,,,,,,,,,,,,,,,,,,,,,,,,,
NUAK2, ,kinase, , ,0.0189,CDK2,,,,,,,,,,,,,,,,,,,,,,,,,,,,,,,,,,,,,,,,,,,,,,,,,,,,,,,,,,,,,,,,
CALM1 (includes others), ,other, , ,0.0189,TNFAIP3,,,,,,,,,,,,,,,,,,,,,,,,,,,,,,,,,,,,,,,,,,,,,,,,,,,,,,,,,,,,,,,,
LRRN1, ,other, , ,0.0189,MYCN,,,,,,,,,,,,,,,,,,,,,,,,,,,,,,,,,,,,,,,,,,,,,,,,,,,,,,,,,,,,,,,,
MAT2A, ,enzyme, , ,0.0189,HMOX1,,,,,,,,,,,,,,,,,,,,,,,,,,,,,,,,,,,,,,,,,,,,,,,,,,,,,,,,,,,,,,,,
RASGRP2, ,other, , ,0.0189,RAP2A,,,,,,,,,,,,,,,,,,,,,,,,,,,,,,,,,,,,,,,,,,,,,,,,,,,,,,,,,,,,,,,,
SNRPD1, ,other, , ,0.0189,MAP1LC3A,,,,,,,,,,,,,,,,,,,,,,,,,,,,,,,,,,,,,,,,,,,,,,,,,,,,,,,,,,,,,,,,
MED21, ,transcription regulator, , ,0.0189,TNFAIP3,,,,,,,,,,,,,,,,,,,,,,,,,,,,,,,,,,,,,,,,,,,,,,,,,,,,,,,,,,,,,,,,
CLC, ,enzyme, , ,0.0189,IL1B,,,,,,,,,,,,,,,,,,,,,,,,,,,,,,,,,,,,,,,,,,,,,,,,,,,,,,,,,,,,,,,,
PHF5A, ,other, , ,0.0189,KDM3A,,,,,,,,,,,,,,,,,,,,,,,,,,,,,,,,,,,,,,,,,,,,,,,,,,,,,,,,,,,,,,,,
ARL6IP5, ,other, , ,0.0189,ITGB3,,,,,,,,,,,,,,,,,,,,,,,,,,,,,,,,,,,,,,,,,,,,,,,,,,,,,,,,,,,,,,,,
PES1, ,other, , ,0.0189,HMOX1,,,,,,,,,,,,,,,,,,,,,,,,,,,,,,,,,,,,,,,,,,,,,,,,,,,,,,,,,,,,,,,,
SMAD9, ,transcription regulator, , ,0.0189,ALPL,,,,,,,,,,,,,,,,,,,,,,,,,,,,,,,,,,,,,,,,,,,,,,,,,,,,,,,,,,,,,,,,
Prl3b1, ,growth factor, , ,0.0189,CASP3,,,,,,,,,,,,,,,,,,,,,,,,,,,,,,,,,,,,,,,,,,,,,,,,,,,,,,,,,,,,,,,,
PAQR3, ,other, , ,0.0189,ELK1,,,,,,,,,,,,,,,,,,,,,,,,,,,,,,,,,,,,,,,,,,,,,,,,,,,,,,,,,,,,,,,,
CTD_2245E153, ,other, , ,0.0189,PC,,,,,,,,,,,,,,,,,,,,,,,,,,,,,,,,,,,,,,,,,,,,,,,,,,,,,,,,,,,,,,,,
CD36, ,transmembrane receptor,Activated,2.19,0.0196,APOA4,ICAM1,IL1B,PNPLA2,SERPINE1,,,,,,,,,,,,,,,,,,,,,,,,,,,,,,,,,,,,,,,,,,,,,,,,,,,,,,,,,,,,
let-7, ,microRNA, ,-0.503,0.0198,E2F2,ERO1A,HMOX1,ITGB3,MYCN,NRAS,SERPINE1,,,,,,,,,,,,,,,,,,,,,,,,,,,,,,,,,,,,,,,,,,,,,,,,,,,,,,,,,,
PRNP, ,other, , ,0.0201,ATF4,CASP3,IL1B,NFKBIA,,,,,,,,,,,,,,,,,,,,,,,,,,,,,,,,,,,,,,,,,,,,,,,,,,,,,,,,,,,,,
CYP1B1, ,enzyme,Activated,2,0.0201,Gstm3,IGFBP2,SHANK2,SLC46A3,,,,,,,,,,,,,,,,,,,,,,,,,,,,,,,,,,,,,,,,,,,,,,,,,,,,,,,,,,,,,
Ccl2, ,cytokine, ,1.966,0.0201,CTSV,IL1B,ITGB3,KLF4,,,,,,,,,,,,,,,,,,,,,,,,,,,,,,,,,,,,,,,,,,,,,,,,,,,,,,,,,,,,,
NCF1, ,enzyme, , ,0.0204,HMOX1,ICAM1,SERPINE1,,,,,,,,,,,,,,,,,,,,,,,,,,,,,,,,,,,,,,,,,,,,,,,,,,,,,,,,,,,,,,
TXN, ,enzyme, , ,0.0204,ICAM1,IL1B,NFKBIA,,,,,,,,,,,,,,,,,,,,,,,,,,,,,,,,,,,,,,,,,,,,,,,,,,,,,,,,,,,,,,
TLR9, ,transmembrane receptor,Activated,2.343,0.0204,CD83,CTH,HMOX1,ICAM1,IL1B,NR0B2,ORMDL1,SERPINE1,SGPL1,,,,,,,,,,,,,,,,,,,,,,,,,,,,,,,,,,,,,,,,,,,,,,,,,,,,,,,,
ID2, ,transcription regulator, ,0.816,0.0204,BCL3,CCNG2,CD83,E2F2,G6PC3,HOMER2,ICAM1,INHBB,ITGB3,,,,,,,,,,,,,,,,,,,,,,,,,,,,,,,,,,,,,,,,,,,,,,,,,,,,,,,,
HNRNPA2B1, ,other, , ,0.0205,CIDEC,CTSV,IGFBP2,INHBB,MEST,MFHAS1,PCSK9,,,,,,,,,,,,,,,,,,,,,,,,,,,,,,,,,,,,,,,,,,,,,,,,,,,,,,,,,,
CBS/CBSL, ,enzyme, , ,0.0208,CASP3,GOT1,,,,,,,,,,,,,,,,,,,,,,,,,,,,,,,,,,,,,,,,,,,,,,,,,,,,,,,,,,,,,,,
TFDP1, ,transcription regulator, , ,0.0208,CASP3,MYCN,,,,,,,,,,,,,,,,,,,,,,,,,,,,,,,,,,,,,,,,,,,,,,,,,,,,,,,,,,,,,,,
NRG4, ,growth factor, , ,0.0208,CIDEC,SREBF1,,,,,,,,,,,,,,,,,,,,,,,,,,,,,,,,,,,,,,,,,,,,,,,,,,,,,,,,,,,,,,,
mir-373, ,microRNA, , ,0.0208,CDK2,SERPINE1,,,,,,,,,,,,,,,,,,,,,,,,,,,,,,,,,,,,,,,,,,,,,,,,,,,,,,,,,,,,,,,
ATG16L1, ,enzyme, , ,0.0208,IL1B,NFKBIA,,,,,,,,,,,,,,,,,,,,,,,,,,,,,,,,,,,,,,,,,,,,,,,,,,,,,,,,,,,,,,,
NFYC, ,transcription regulator, , ,0.0208,G6PC1,RHOB,,,,,,,,,,,,,,,,,,,,,,,,,,,,,,,,,,,,,,,,,,,,,,,,,,,,,,,,,,,,,,,
TAC1, ,other, , ,0.0208,CASP3,IL1B,,,,,,,,,,,,,,,,,,,,,,,,,,,,,,,,,,,,,,,,,,,,,,,,,,,,,,,,,,,,,,,
Cyp2c70, ,enzyme, , ,0.0208,CYP8B1,IL1B,,,,,,,,,,,,,,,,,,,,,,,,,,,,,,,,,,,,,,,,,,,,,,,,,,,,,,,,,,,,,,,
RGCC, ,other, , ,0.0208,IL1B,SREBF1,,,,,,,,,,,,,,,,,,,,,,,,,,,,,,,,,,,,,,,,,,,,,,,,,,,,,,,,,,,,,,,
ACTN4, ,transcription regulator, , ,0.0208,IL1B,SERPINE1,,,,,,,,,,,,,,,,,,,,,,,,,,,,,,,,,,,,,,,,,,,,,,,,,,,,,,,,,,,,,,,
MMP12, ,peptidase, , ,0.0214,ACTN1,ICAM1,MAPRE1,NFKBIA,,,,,,,,,,,,,,,,,,,,,,,,,,,,,,,,,,,,,,,,,,,,,,,,,,,,,,,,,,,,,
SMARCA2, ,transcription regulator, , ,0.0214,ALPL,CDK2,DCT,G6PC1,,,,,,,,,,,,,,,,,,,,,,,,,,,,,,,,,,,,,,,,,,,,,,,,,,,,,,,,,,,,,
SIN3A, ,transcription regulator, , ,0.0214,CASP3,CCNG2,E2F2,SERPINE1,,,,,,,,,,,,,,,,,,,,,,,,,,,,,,,,,,,,,,,,,,,,,,,,,,,,,,,,,,,,,
IL5, ,cytokine,Inhibited,-2.121,0.0221,DENND11,ERO1A,GSTT2/GSTT2B,NABP1,PDIA6,PRDX4,SDF2L1,SPCS2,,,,,,,,,,,,,,,,,,,,,,,,,,,,,,,,,,,,,,,,,,,,,,,,,,,,,,,,,
APC, ,enzyme, , ,0.0221,FABP2,FH,OAT,OGDH,TIGAR,TNFRSF12A,,,,,,,,,,,,,,,,,,,,,,,,,,,,,,,,,,,,,,,,,,,,,,,,,,,,,,,,,,,
PRMT5, ,enzyme, , ,0.0222,CYP8B1,G6PC1,SREBF1,,,,,,,,,,,,,,,,,,,,,,,,,,,,,,,,,,,,,,,,,,,,,,,,,,,,,,,,,,,,,,
BSG, ,transporter, , ,0.0222,G6PC3,IL1B,SERPINE1,,,,,,,,,,,,,,,,,,,,,,,,,,,,,,,,,,,,,,,,,,,,,,,,,,,,,,,,,,,,,,
KEAP1, ,transcription regulator, , ,0.0222,HMOX1,IL1B,MAP1LC3A,,,,,,,,,,,,,,,,,,,,,,,,,,,,,,,,,,,,,,,,,,,,,,,,,,,,,,,,,,,,,,
EIF2AK4, ,kinase, , ,0.0222,ATF4,CYP2C18,IL1B,,,,,,,,,,,,,,,,,,,,,,,,,,,,,,,,,,,,,,,,,,,,,,,,,,,,,,,,,,,,,,
LDL, ,complex, ,1.125,0.0225,CASP3,ICAM1,IL1B,SERPINE1,SREBF1,,,,,,,,,,,,,,,,,,,,,,,,,,,,,,,,,,,,,,,,,,,,,,,,,,,,,,,,,,,,
TCL1A, ,transcription regulator, , ,0.0225,HMOX1,IL1B,MAN2C1,Retnlg,TNFAIP2,,,,,,,,,,,,,,,,,,,,,,,,,,,,,,,,,,,,,,,,,,,,,,,,,,,,,,,,,,,,
IDH1, ,enzyme, , ,0.0226,ATF4,G6PC1,G6PC3,HERPUD1,,,,,,,,,,,,,,,,,,,,,,,,,,,,,,,,,,,,,,,,,,,,,,,,,,,,,,,,,,,,,
FBXW7, ,enzyme, ,0.13,0.0226,CIDEC,DLST,SERPINE1,SREBF1,,,,,,,,,,,,,,,,,,,,,,,,,,,,,,,,,,,,,,,,,,,,,,,,,,,,,,,,,,,,,
NOD2, ,other, , ,0.0226,ICAM1,IL1B,KLF2,NFKBIA,,,,,,,,,,,,,,,,,,,,,,,,,,,,,,,,,,,,,,,,,,,,,,,,,,,,,,,,,,,,,
GPS2, ,transcription regulator, , ,0.0226,BLNK,CYP8B1,LHPP,RHOB,,,,,,,,,,,,,,,,,,,,,,,,,,,,,,,,,,,,,,,,,,,,,,,,,,,,,,,,,,,,,
MMP2, ,peptidase, , ,0.0226,ABCG8,ACO2,IL1B,INSIG1,,,,,,,,,,,,,,,,,,,,,,,,,,,,,,,,,,,,,,,,,,,,,,,,,,,,,,,,,,,,,
TCF4, ,transcription regulator, ,-1.286,0.0229,CASP3,DCT,Hmgn2 (includes others),ITGB3,PDIA6,PRDX4,RPS6KA1,SDF2L1,SPCS2,TRMT10C,TXNDC5,URI1,,,,,,,,,,,,,,,,,,,,,,,,,,,,,,,,,,,,,,,,,,,,,,,,,,,,,
EML4-ALK, ,fusion gene/product, ,0,0.0236,CASP3,PTP4A1,RHOB,SERPINE1,TNFAIP3,,,,,,,,,,,,,,,,,,,,,,,,,,,,,,,,,,,,,,,,,,,,,,,,,,,,,,,,,,,,
SPP1, ,cytokine, ,1.633,0.0238,HOMER2,IL1B,INSIG1,POR,PTPMT1,SC5D,,,,,,,,,,,,,,,,,,,,,,,,,,,,,,,,,,,,,,,,,,,,,,,,,,,,,,,,,,,
SOCS3, ,phosphatase, ,-0.692,0.024,G6PC1,IL1B,PCSK9,SREBF1,,,,,,,,,,,,,,,,,,,,,,,,,,,,,,,,,,,,,,,,,,,,,,,,,,,,,,,,,,,,,
SRC, ,kinase, ,0.293,0.024,ABCB11,ABCG8,ICAM1,PTH1R,,,,,,,,,,,,,,,,,,,,,,,,,,,,,,,,,,,,,,,,,,,,,,,,,,,,,,,,,,,,,
SRC (family), ,group, , ,0.0241,ICAM1,ITGB3,KLF2,,,,,,,,,,,,,,,,,,,,,,,,,,,,,,,,,,,,,,,,,,,,,,,,,,,,,,,,,,,,,,
SCARB1, ,transporter, , ,0.0241,ABCG8,IL1B,SREBF1,,,,,,,,,,,,,,,,,,,,,,,,,,,,,,,,,,,,,,,,,,,,,,,,,,,,,,,,,,,,,,
TFE3, ,transcription regulator, , ,0.0241,INSIG1,KLF2,THRSP,,,,,,,,,,,,,,,,,,,,,,,,,,,,,,,,,,,,,,,,,,,,,,,,,,,,,,,,,,,,,,
Lymphotoxin, ,complex, , ,0.0242,ICAM1,IL1B,,,,,,,,,,,,,,,,,,,,,,,,,,,,,,,,,,,,,,,,,,,,,,,,,,,,,,,,,,,,,,,
SAR1A, ,enzyme, , ,0.0242,CPT1A,SREBF1,,,,,,,,,,,,,,,,,,,,,,,,,,,,,,,,,,,,,,,,,,,,,,,,,,,,,,,,,,,,,,,
IgG2a, ,complex, , ,0.0242,HMOX1,IL1B,,,,,,,,,,,,,,,,,,,,,,,,,,,,,,,,,,,,,,,,,,,,,,,,,,,,,,,,,,,,,,,
FABP2,0.744,transporter, , ,0.0242,ABCG8,CPT1A,,,,,,,,,,,,,,,,,,,,,,,,,,,,,,,,,,,,,,,,,,,,,,,,,,,,,,,,,,,,,,,
ODC1, ,enzyme, , ,0.0242,IL1B,SERPINE1,,,,,,,,,,,,,,,,,,,,,,,,,,,,,,,,,,,,,,,,,,,,,,,,,,,,,,,,,,,,,,,
PLA2G2E, ,enzyme, , ,0.0242,IL1B,SERPINE1,,,,,,,,,,,,,,,,,,,,,,,,,,,,,,,,,,,,,,,,,,,,,,,,,,,,,,,,,,,,,,,
VTN, ,other, , ,0.0242,IL1B,SERPINE1,,,,,,,,,,,,,,,,,,,,,,,,,,,,,,,,,,,,,,,,,,,,,,,,,,,,,,,,,,,,,,,
GAB1, ,other, , ,0.0242,CASP3,IL1B,,,,,,,,,,,,,,,,,,,,,,,,,,,,,,,,,,,,,,,,,,,,,,,,,,,,,,,,,,,,,,,
YAP/TAZ, ,group, , ,0.0242,GOT1,IL1B,,,,,,,,,,,,,,,,,,,,,,,,,,,,,,,,,,,,,,,,,,,,,,,,,,,,,,,,,,,,,,,
TP73, ,transcription regulator, ,0.047,0.0243,CASP3,CCNG2,CD83,CTH,FXR1,GRN,IL1B,PNRC1,SERPINE1,SPHK2,TNFAIP2,TNFRSF12A,,,,,,,,,,,,,,,,,,,,,,,,,,,,,,,,,,,,,,,,,,,,,,,,,,,,,
VEGFA, ,growth factor, ,0.661,0.0247,CD83,CTSV,HMOX1,ICAM1,IL1B,ITGB3,,,,,,,,,,,,,,,,,,,,,,,,,,,,,,,,,,,,,,,,,,,,,,,,,,,,,,,,,,,
RB1, ,transcription regulator, ,0.632,0.0249,ACO2,ALPL,CASP3,CD83,CDK2,DLST,E2F2,EI24,FABP2,GPR160,INMT,NFKBIA,RHOB,TG,,,,,,,,,,,,,,,,,,,,,,,,,,,,,,,,,,,,,,,,,,,,,,,,,,,
PTGER4, ,G-protein coupled receptor, ,0.816,0.025,CCNG2,HERPUD1,ICAM1,IL1B,RNF24,TBC1D4,ZFP36L1,,,,,,,,,,,,,,,,,,,,,,,,,,,,,,,,,,,,,,,,,,,,,,,,,,,,,,,,,,
HDAC5,0.476,transcription regulator, , ,0.0253,CPT1A,ETNPPL,G6PC1,KLF2,,,,,,,,,,,,,,,,,,,,,,,,,,,,,,,,,,,,,,,,,,,,,,,,,,,,,,,,,,,,,
MED1, ,transcription regulator, ,-0.447,0.0255,BCL3,CDK2,HECW2,KLF4,LBR,MYCN,NID2,SLC27A1,,,,,,,,,,,,,,,,,,,,,,,,,,,,,,,,,,,,,,,,,,,,,,,,,,,,,,,,,
ADORA2B, ,G-protein coupled receptor, , ,0.026,IL1B,KLF4,SERPINE1,,,,,,,,,,,,,,,,,,,,,,,,,,,,,,,,,,,,,,,,,,,,,,,,,,,,,,,,,,,,,,
ENG, ,transmembrane receptor, , ,0.026,ITGA6,ITGB3,SERPINE1,,,,,,,,,,,,,,,,,,,,,,,,,,,,,,,,,,,,,,,,,,,,,,,,,,,,,,,,,,,,,,
NDRG1, ,kinase, , ,0.026,APOA4,CASP3,EIF2AK3,,,,,,,,,,,,,,,,,,,,,,,,,,,,,,,,,,,,,,,,,,,,,,,,,,,,,,,,,,,,,,
ACE2, ,peptidase, , ,0.026,CASP3,IL1B,SERPINE1,,,,,,,,,,,,,,,,,,,,,,,,,,,,,,,,,,,,,,,,,,,,,,,,,,,,,,,,,,,,,,
RNA polymerase II, ,complex, , ,0.0261,ALPL,BLNK,CD83,CYP8B1,GOT1,ICAM1,IL1B,MYCN,NFKBIA,SPAG7,,,,,,,,,,,,,,,,,,,,,,,,,,,,,,,,,,,,,,,,,,,,,,,,,,,,,,,
CD40, ,transmembrane receptor, ,0.36,0.0266,ATF4,CD83,ICAM1,IL1B,KLF4,NFKBIA,TXLNA,,,,,,,,,,,,,,,,,,,,,,,,,,,,,,,,,,,,,,,,,,,,,,,,,,,,,,,,,,
HOXD10, ,transcription regulator, ,-1,0.0268,ICAM1,NUDT5,RHOB,SERPINE1,,,,,,,,,,,,,,,,,,,,,,,,,,,,,,,,,,,,,,,,,,,,,,,,,,,,,,,,,,,,,
ILF3, ,transcription regulator, ,0.447,0.0269,FDPS,IL1B,NSDHL,PLA2G7,TNFRSF12A,,,,,,,,,,,,,,,,,,,,,,,,,,,,,,,,,,,,,,,,,,,,,,,,,,,,,,,,,,,,
HRAS, ,enzyme, , ,0.0274,ARHGAP26,CPT1A,HMOX1,IL1B,ITGA6,SESN3,SREBF1,,,,,,,,,,,,,,,,,,,,,,,,,,,,,,,,,,,,,,,,,,,,,,,,,,,,,,,,,,
FH,0.827,enzyme, , ,0.0279,ATF4,HMOX1,,,,,,,,,,,,,,,,,,,,,,,,,,,,,,,,,,,,,,,,,,,,,,,,,,,,,,,,,,,,,,,
DNAJC3, ,other, , ,0.0279,ATF4,CA8,,,,,,,,,,,,,,,,,,,,,,,,,,,,,,,,,,,,,,,,,,,,,,,,,,,,,,,,,,,,,,,
PCK1, ,kinase, , ,0.0279,G6PC1,IL1B,,,,,,,,,,,,,,,,,,,,,,,,,,,,,,,,,,,,,,,,,,,,,,,,,,,,,,,,,,,,,,,
miR-218-5p (and other miRNAs w/seed UGUGCUU), ,mature microRNA, , ,0.0279,ARAF,CASP3,,,,,,,,,,,,,,,,,,,,,,,,,,,,,,,,,,,,,,,,,,,,,,,,,,,,,,,,,,,,,,,
ACVR1C, ,kinase, , ,0.0279,KLF4,SERPINE1,,,,,,,,,,,,,,,,,,,,,,,,,,,,,,,,,,,,,,,,,,,,,,,,,,,,,,,,,,,,,,,
NOX1, ,enzyme, , ,0.0279,HMOX1,NFKBIA,,,,,,,,,,,,,,,,,,,,,,,,,,,,,,,,,,,,,,,,,,,,,,,,,,,,,,,,,,,,,,,
CREB3, ,transcription regulator, , ,0.0279,INSIG1,SREBF1,,,,,,,,,,,,,,,,,,,,,,,,,,,,,,,,,,,,,,,,,,,,,,,,,,,,,,,,,,,,,,,
BET, ,group, , ,0.0279,HMOX1,SLC4A1,,,,,,,,,,,,,,,,,,,,,,,,,,,,,,,,,,,,,,,,,,,,,,,,,,,,,,,,,,,,,,,
DSCAML1, ,other, ,-0.447,0.028,CNTNAP1,JAK3,KLF4,NRN1,SHANK2,,,,,,,,,,,,,,,,,,,,,,,,,,,,,,,,,,,,,,,,,,,,,,,,,,,,,,,,,,,,
MALAT1, ,other, , ,0.0281,CA3,CIDEC,Neat1,,,,,,,,,,,,,,,,,,,,,,,,,,,,,,,,,,,,,,,,,,,,,,,,,,,,,,,,,,,,,,
MAP2K3, ,kinase, , ,0.0281,ICAM1,IL1B,SERPINE1,,,,,,,,,,,,,,,,,,,,,,,,,,,,,,,,,,,,,,,,,,,,,,,,,,,,,,,,,,,,,,
PRKCB, ,kinase, , ,0.0281,CYP8B1,SERPINE1,SREBF1,,,,,,,,,,,,,,,,,,,,,,,,,,,,,,,,,,,,,,,,,,,,,,,,,,,,,,,,,,,,,,
Foxp1, ,transcription regulator, , ,0.0281,E2F2,G6PC1,MYCN,,,,,,,,,,,,,,,,,,,,,,,,,,,,,,,,,,,,,,,,,,,,,,,,,,,,,,,,,,,,,,
MAX, ,transcription regulator, , ,0.0282,CCNG2,E2F2,EZH1,G6PC1,,,,,,,,,,,,,,,,,,,,,,,,,,,,,,,,,,,,,,,,,,,,,,,,,,,,,,,,,,,,,
PSMB11, ,peptidase, ,0.478,0.0295,CTSV,CYB5B,HMOX1,LIFR,RHOB,TNFRSF12A,,,,,,,,,,,,,,,,,,,,,,,,,,,,,,,,,,,,,,,,,,,,,,,,,,,,,,,,,,,
IL6, ,cytokine, ,1.032,0.0296,ABCB11,BCL3,CDK2,CYP2C8,E2F2,FRRS1,HJV,ICAM1,LIFR,MYCN,NFKBIA,SERPINE1,Slco1a4,,,,,,,,,,,,,,,,,,,,,,,,,,,,,,,,,,,,,,,,,,,,,,,,,,,,
mir-29, ,microRNA,Inhibited,-2,0.0297,KLF4,MYCN,TNFAIP3,ZFP36L1,,,,,,,,,,,,,,,,,,,,,,,,,,,,,,,,,,,,,,,,,,,,,,,,,,,,,,,,,,,,,
UPF1, ,enzyme, , ,0.0302,GRN,LBR,NRAS,,,,,,,,,,,,,,,,,,,,,,,,,,,,,,,,,,,,,,,,,,,,,,,,,,,,,,,,,,,,,,
GNB1, ,enzyme, , ,0.0302,CD83,FBXO31,IL1B,,,,,,,,,,,,,,,,,,,,,,,,,,,,,,,,,,,,,,,,,,,,,,,,,,,,,,,,,,,,,,
FUS-DDIT3, ,fusion gene/product, , ,0.0302,IL1B,KLF2,SERPINE1,,,,,,,,,,,,,,,,,,,,,,,,,,,,,,,,,,,,,,,,,,,,,,,,,,,,,,,,,,,,,,
GNA12, ,enzyme, ,1,0.0313,GSTA3,Gsta4,ITGA6,LAMB3,,,,,,,,,,,,,,,,,,,,,,,,,,,,,,,,,,,,,,,,,,,,,,,,,,,,,,,,,,,,,
LGALS3, ,other, , ,0.0317,CASP3,CTSV,ICAM1,ITGA6,PNPLA2,,,,,,,,,,,,,,,,,,,,,,,,,,,,,,,,,,,,,,,,,,,,,,,,,,,,,,,,,,,,
PSMB8, ,peptidase, , ,0.0318,NFKBIA,TNFAIP3,,,,,,,,,,,,,,,,,,,,,,,,,,,,,,,,,,,,,,,,,,,,,,,,,,,,,,,,,,,,,,,
SPTLC2, ,enzyme, , ,0.0318,ATF4,EIF2AK3,,,,,,,,,,,,,,,,,,,,,,,,,,,,,,,,,,,,,,,,,,,,,,,,,,,,,,,,,,,,,,,
F3, ,transmembrane receptor, , ,0.0318,ICAM1,IL1B,,,,,,,,,,,,,,,,,,,,,,,,,,,,,,,,,,,,,,,,,,,,,,,,,,,,,,,,,,,,,,,
CAPN3, ,peptidase, , ,0.0318,HMOX1,SELENOS,,,,,,,,,,,,,,,,,,,,,,,,,,,,,,,,,,,,,,,,,,,,,,,,,,,,,,,,,,,,,,,
CTSB, ,peptidase, , ,0.0318,CTSV,IL1B,,,,,,,,,,,,,,,,,,,,,,,,,,,,,,,,,,,,,,,,,,,,,,,,,,,,,,,,,,,,,,,
ASIP, ,other, , ,0.0318,ICAM1,IL1B,,,,,,,,,,,,,,,,,,,,,,,,,,,,,,,,,,,,,,,,,,,,,,,,,,,,,,,,,,,,,,,
DGAT1, ,enzyme, , ,0.0318,CPT1A,PNPLA2,,,,,,,,,,,,,,,,,,,,,,,,,,,,,,,,,,,,,,,,,,,,,,,,,,,,,,,,,,,,,,,
Ptgs2os2, ,other, , ,0.0318,CASP3,EIF2AK3,,,,,,,,,,,,,,,,,,,,,,,,,,,,,,,,,,,,,,,,,,,,,,,,,,,,,,,,,,,,,,,
LHCGR, ,G-protein coupled receptor, , ,0.0324,CTSV,Hsd3b4 (includes others),INHBB,,,,,,,,,,,,,,,,,,,,,,,,,,,,,,,,,,,,,,,,,,,,,,,,,,,,,,,,,,,,,,
SUMO2, ,enzyme, , ,0.0324,ABCB11,CTH,NR0B2,,,,,,,,,,,,,,,,,,,,,,,,,,,,,,,,,,,,,,,,,,,,,,,,,,,,,,,,,,,,,,
GNB2, ,enzyme, , ,0.0324,CD83,FBXO31,IL1B,,,,,,,,,,,,,,,,,,,,,,,,,,,,,,,,,,,,,,,,,,,,,,,,,,,,,,,,,,,,,,
CDK8, ,kinase, , ,0.0324,CTNNBIP1,KLF2,KLF4,,,,,,,,,,,,,,,,,,,,,,,,,,,,,,,,,,,,,,,,,,,,,,,,,,,,,,,,,,,,,,
DYSF, ,other, , ,0.0329,CD83,CTSV,ITGB3,PROS1,SREBF1,,,,,,,,,,,,,,,,,,,,,,,,,,,,,,,,,,,,,,,,,,,,,,,,,,,,,,,,,,,,
EGLN, ,group, ,-1.254,0.0337,A1BG,APOA4,KLF2,NOL3,SELENBP1,SERPINE1,SLC27A1,,,,,,,,,,,,,,,,,,,,,,,,,,,,,,,,,,,,,,,,,,,,,,,,,,,,,,,,,,
EGR1, ,transcription regulator, ,0.766,0.0338,CASP3,HMOX1,ICAM1,IL1B,PNPLA2,SERPINE1,,,,,,,,,,,,,,,,,,,,,,,,,,,,,,,,,,,,,,,,,,,,,,,,,,,,,,,,,,,
G protein alpha, ,group, ,-1.342,0.0343,ANKS4B,SPCS3,TMED3,TSPAN31,UBL4A,,,,,,,,,,,,,,,,,,,,,,,,,,,,,,,,,,,,,,,,,,,,,,,,,,,,,,,,,,,,
TGFBR2, ,kinase, ,-1.265,0.0345,ATF4,BCL3,ICAM1,IL1B,JAK3,LBR,MAPKAPK2,NFKBIA,PTH1R,Retnlg,SERPINE1,TNFRSF12A,,,,,,,,,,,,,,,,,,,,,,,,,,,,,,,,,,,,,,,,,,,,,,,,,,,,,
BSCL2, ,other, , ,0.0346,CIDEC,PC,PNPLA2,THRSP,,,,,,,,,,,,,,,,,,,,,,,,,,,,,,,,,,,,,,,,,,,,,,,,,,,,,,,,,,,,,
CAMP, ,other, ,-1.706,0.0346,CD83,ICAM1,IL1B,TNFAIP2,,,,,,,,,,,,,,,,,,,,,,,,,,,,,,,,,,,,,,,,,,,,,,,,,,,,,,,,,,,,,
RHO, ,G-protein coupled receptor, , ,0.0346,CASP3,H1-2,PLA2G7,TNFAIP3,,,,,,,,,,,,,,,,,,,,,,,,,,,,,,,,,,,,,,,,,,,,,,,,,,,,,,,,,,,,,
CCL2, ,cytokine, , ,0.0347,ICAM1,IL1B,SERPINE1,,,,,,,,,,,,,,,,,,,,,,,,,,,,,,,,,,,,,,,,,,,,,,,,,,,,,,,,,,,,,,
PTPRC, ,phosphatase, , ,0.0347,CDK2,IL1B,KLF2,,,,,,,,,,,,,,,,,,,,,,,,,,,,,,,,,,,,,,,,,,,,,,,,,,,,,,,,,,,,,,
IL1RN, ,cytokine, ,-0.586,0.0356,ICAM1,IL1B,KCTD7,NR0B2,SERPINE1,,,,,,,,,,,,,,,,,,,,,,,,,,,,,,,,,,,,,,,,,,,,,,,,,,,,,,,,,,,,
SAR1B, ,enzyme, , ,0.0359,CPT1A,SREBF1,,,,,,,,,,,,,,,,,,,,,,,,,,,,,,,,,,,,,,,,,,,,,,,,,,,,,,,,,,,,,,,
DPH5, ,enzyme, , ,0.0359,IL1B,NFKBIA,,,,,,,,,,,,,,,,,,,,,,,,,,,,,,,,,,,,,,,,,,,,,,,,,,,,,,,,,,,,,,,
SHARPIN, ,other, , ,0.0359,IL1B,TNFAIP3,,,,,,,,,,,,,,,,,,,,,,,,,,,,,,,,,,,,,,,,,,,,,,,,,,,,,,,,,,,,,,,
GPR132, ,G-protein coupled receptor, , ,0.0359,ICAM1,IL1B,,,,,,,,,,,,,,,,,,,,,,,,,,,,,,,,,,,,,,,,,,,,,,,,,,,,,,,,,,,,,,,
PFKFB3, ,kinase, , ,0.0359,ICAM1,IL1B,,,,,,,,,,,,,,,,,,,,,,,,,,,,,,,,,,,,,,,,,,,,,,,,,,,,,,,,,,,,,,,
FKBP4, ,enzyme, , ,0.0359,G6PC1,SREBF1,,,,,,,,,,,,,,,,,,,,,,,,,,,,,,,,,,,,,,,,,,,,,,,,,,,,,,,,,,,,,,,
ZBP1, ,other, , ,0.0359,IL1B,NFKBIA,,,,,,,,,,,,,,,,,,,,,,,,,,,,,,,,,,,,,,,,,,,,,,,,,,,,,,,,,,,,,,,
EPHX2, ,enzyme, , ,0.0359,ICAM1,IL1B,,,,,,,,,,,,,,,,,,,,,,,,,,,,,,,,,,,,,,,,,,,,,,,,,,,,,,,,,,,,,,,
PPP2R5C, ,other, , ,0.0359,BCL3,TNFAIP3,,,,,,,,,,,,,,,,,,,,,,,,,,,,,,,,,,,,,,,,,,,,,,,,,,,,,,,,,,,,,,,
SOD3, ,enzyme, , ,0.0359,DCT,IL1B,,,,,,,,,,,,,,,,,,,,,,,,,,,,,,,,,,,,,,,,,,,,,,,,,,,,,,,,,,,,,,,
CXCL2, ,cytokine, , ,0.0359,ICAM1,IL1B,,,,,,,,,,,,,,,,,,,,,,,,,,,,,,,,,,,,,,,,,,,,,,,,,,,,,,,,,,,,,,,
SMAD5, ,transcription regulator, , ,0.0359,ALPL,ICAM1,,,,,,,,,,,,,,,,,,,,,,,,,,,,,,,,,,,,,,,,,,,,,,,,,,,,,,,,,,,,,,,
PCYT2, ,enzyme, , ,0.0359,CIDEC,SREBF1,,,,,,,,,,,,,,,,,,,,,,,,,,,,,,,,,,,,,,,,,,,,,,,,,,,,,,,,,,,,,,,
SYK, ,kinase, ,-0.132,0.037,ICAM1,IL1B,ITGB3,KLF2,SREBF1,,,,,,,,,,,,,,,,,,,,,,,,,,,,,,,,,,,,,,,,,,,,,,,,,,,,,,,,,,,,
HDL-cholesterol, ,complex, , ,0.0371,CYP51A1,FDFT1,TRIB3,,,,,,,,,,,,,,,,,,,,,,,,,,,,,,,,,,,,,,,,,,,,,,,,,,,,,,,,,,,,,,
APOA1, ,transporter, , ,0.0371,ICAM1,IL1B,SREBF1,,,,,,,,,,,,,,,,,,,,,,,,,,,,,,,,,,,,,,,,,,,,,,,,,,,,,,,,,,,,,,
atypical protein kinase C, ,group, , ,0.0374,SREBF1,,,,,,,,,,,,,,,,,,,,,,,,,,,,,,,,,,,,,,,,,,,,,,,,,,,,,,,,,,,,,,,,
ITPR, ,group, , ,0.0374,IL1B,,,,,,,,,,,,,,,,,,,,,,,,,,,,,,,,,,,,,,,,,,,,,,,,,,,,,,,,,,,,,,,,
Erm, ,group, , ,0.0374,ICAM1,,,,,,,,,,,,,,,,,,,,,,,,,,,,,,,,,,,,,,,,,,,,,,,,,,,,,,,,,,,,,,,,
Morrbid, ,other, , ,0.0374,NRAS,,,,,,,,,,,,,,,,,,,,,,,,,,,,,,,,,,,,,,,,,,,,,,,,,,,,,,,,,,,,,,,,
MIB2, ,transcription regulator, , ,0.0374,TNFAIP3,,,,,,,,,,,,,,,,,,,,,,,,,,,,,,,,,,,,,,,,,,,,,,,,,,,,,,,,,,,,,,,,
TMEM259, ,other, , ,0.0374,CYP51A1,,,,,,,,,,,,,,,,,,,,,,,,,,,,,,,,,,,,,,,,,,,,,,,,,,,,,,,,,,,,,,,,
FAM168A, ,other, , ,0.0374,NFKBIA,,,,,,,,,,,,,,,,,,,,,,,,,,,,,,,,,,,,,,,,,,,,,,,,,,,,,,,,,,,,,,,,
ZMIZ1, ,transcription regulator, , ,0.0374,SERPINE1,,,,,,,,,,,,,,,,,,,,,,,,,,,,,,,,,,,,,,,,,,,,,,,,,,,,,,,,,,,,,,,,
GPC2, ,other, , ,0.0374,MYCN,,,,,,,,,,,,,,,,,,,,,,,,,,,,,,,,,,,,,,,,,,,,,,,,,,,,,,,,,,,,,,,,
POPDC2, ,other, , ,0.0374,IL1B,,,,,,,,,,,,,,,,,,,,,,,,,,,,,,,,,,,,,,,,,,,,,,,,,,,,,,,,,,,,,,,,
NIPBL, ,transcription regulator, , ,0.0374,KLF4,,,,,,,,,,,,,,,,,,,,,,,,,,,,,,,,,,,,,,,,,,,,,,,,,,,,,,,,,,,,,,,,
RNF185, ,enzyme, , ,0.0374,CYP51A1,,,,,,,,,,,,,,,,,,,,,,,,,,,,,,,,,,,,,,,,,,,,,,,,,,,,,,,,,,,,,,,,
ENTPD2, ,enzyme, , ,0.0374,SERPINE1,,,,,,,,,,,,,,,,,,,,,,,,,,,,,,,,,,,,,,,,,,,,,,,,,,,,,,,,,,,,,,,,
LBH, ,transcription regulator, , ,0.0374,IL1B,,,,,,,,,,,,,,,,,,,,,,,,,,,,,,,,,,,,,,,,,,,,,,,,,,,,,,,,,,,,,,,,
USP36, ,peptidase, , ,0.0374,DHX33,,,,,,,,,,,,,,,,,,,,,,,,,,,,,,,,,,,,,,,,,,,,,,,,,,,,,,,,,,,,,,,,
HSD17B13, ,enzyme, , ,0.0374,SREBF1,,,,,,,,,,,,,,,,,,,,,,,,,,,,,,,,,,,,,,,,,,,,,,,,,,,,,,,,,,,,,,,,
ECI1,0.651,enzyme, , ,0.0374,CYP4A11,,,,,,,,,,,,,,,,,,,,,,,,,,,,,,,,,,,,,,,,,,,,,,,,,,,,,,,,,,,,,,,,
ATP13A2, ,transporter, , ,0.0374,ATF4,,,,,,,,,,,,,,,,,,,,,,,,,,,,,,,,,,,,,,,,,,,,,,,,,,,,,,,,,,,,,,,,
YTHDF1, ,other, , ,0.0374,SPHK2,,,,,,,,,,,,,,,,,,,,,,,,,,,,,,,,,,,,,,,,,,,,,,,,,,,,,,,,,,,,,,,,
IKKA/B, ,group, , ,0.0374,IL1B,,,,,,,,,,,,,,,,,,,,,,,,,,,,,,,,,,,,,,,,,,,,,,,,,,,,,,,,,,,,,,,,
HMGCS2, ,enzyme, , ,0.0374,CIDEC,,,,,,,,,,,,,,,,,,,,,,,,,,,,,,,,,,,,,,,,,,,,,,,,,,,,,,,,,,,,,,,,
DAPK1, ,kinase, , ,0.0374,IL1B,,,,,,,,,,,,,,,,,,,,,,,,,,,,,,,,,,,,,,,,,,,,,,,,,,,,,,,,,,,,,,,,
FAIM2, ,other, , ,0.0374,CASP3,,,,,,,,,,,,,,,,,,,,,,,,,,,,,,,,,,,,,,,,,,,,,,,,,,,,,,,,,,,,,,,,
IBSP, ,other, , ,0.0374,ITGB3,,,,,,,,,,,,,,,,,,,,,,,,,,,,,,,,,,,,,,,,,,,,,,,,,,,,,,,,,,,,,,,,
ACSL6, ,enzyme, , ,0.0374,CASP3,,,,,,,,,,,,,,,,,,,,,,,,,,,,,,,,,,,,,,,,,,,,,,,,,,,,,,,,,,,,,,,,
PDIA4, ,enzyme, , ,0.0374,TG,,,,,,,,,,,,,,,,,,,,,,,,,,,,,,,,,,,,,,,,,,,,,,,,,,,,,,,,,,,,,,,,
INSL3, ,growth factor, , ,0.0374,NUCB2,,,,,,,,,,,,,,,,,,,,,,,,,,,,,,,,,,,,,,,,,,,,,,,,,,,,,,,,,,,,,,,,
CCL1, ,cytokine, , ,0.0374,SERPINE1,,,,,,,,,,,,,,,,,,,,,,,,,,,,,,,,,,,,,,,,,,,,,,,,,,,,,,,,,,,,,,,,
LAMA3, ,other, , ,0.0374,IL1B,,,,,,,,,,,,,,,,,,,,,,,,,,,,,,,,,,,,,,,,,,,,,,,,,,,,,,,,,,,,,,,,
MIR585, ,microRNA, , ,0.0374,CASP3,,,,,,,,,,,,,,,,,,,,,,,,,,,,,,,,,,,,,,,,,,,,,,,,,,,,,,,,,,,,,,,,
miR-1298-5p (and other miRNAs w/seed UCAUUCG), ,mature microRNA, , ,0.0374,LAMB3,,,,,,,,,,,,,,,,,,,,,,,,,,,,,,,,,,,,,,,,,,,,,,,,,,,,,,,,,,,,,,,,
PHLDA1, ,other, , ,0.0374,ITGA6,,,,,,,,,,,,,,,,,,,,,,,,,,,,,,,,,,,,,,,,,,,,,,,,,,,,,,,,,,,,,,,,
TP53BP1, ,transcription regulator, , ,0.0374,CASP3,,,,,,,,,,,,,,,,,,,,,,,,,,,,,,,,,,,,,,,,,,,,,,,,,,,,,,,,,,,,,,,,
P2RX4, ,ion channel, , ,0.0374,IL1B,,,,,,,,,,,,,,,,,,,,,,,,,,,,,,,,,,,,,,,,,,,,,,,,,,,,,,,,,,,,,,,,
BCAN, ,other, , ,0.0374,ITGB3,,,,,,,,,,,,,,,,,,,,,,,,,,,,,,,,,,,,,,,,,,,,,,,,,,,,,,,,,,,,,,,,
SIGLEC11, ,other, , ,0.0374,IL1B,,,,,,,,,,,,,,,,,,,,,,,,,,,,,,,,,,,,,,,,,,,,,,,,,,,,,,,,,,,,,,,,
SLC7A11, ,transporter, , ,0.0374,IL1B,,,,,,,,,,,,,,,,,,,,,,,,,,,,,,,,,,,,,,,,,,,,,,,,,,,,,,,,,,,,,,,,
CSNK2A2, ,kinase, , ,0.0374,ITGA6,,,,,,,,,,,,,,,,,,,,,,,,,,,,,,,,,,,,,,,,,,,,,,,,,,,,,,,,,,,,,,,,
IL36RN, ,cytokine, , ,0.0374,IL1B,,,,,,,,,,,,,,,,,,,,,,,,,,,,,,,,,,,,,,,,,,,,,,,,,,,,,,,,,,,,,,,,
RNF139, ,enzyme, , ,0.0374,FDFT1,,,,,,,,,,,,,,,,,,,,,,,,,,,,,,,,,,,,,,,,,,,,,,,,,,,,,,,,,,,,,,,,
CRYAA/CRYAA2, ,other, , ,0.0374,CASP3,,,,,,,,,,,,,,,,,,,,,,,,,,,,,,,,,,,,,,,,,,,,,,,,,,,,,,,,,,,,,,,,
IMPACT, ,other, , ,0.0374,ATF4,,,,,,,,,,,,,,,,,,,,,,,,,,,,,,,,,,,,,,,,,,,,,,,,,,,,,,,,,,,,,,,,
TIMM50, ,phosphatase, , ,0.0374,HSD3B1,,,,,,,,,,,,,,,,,,,,,,,,,,,,,,,,,,,,,,,,,,,,,,,,,,,,,,,,,,,,,,,,
PFKFB1, ,kinase, , ,0.0374,G6PC1,,,,,,,,,,,,,,,,,,,,,,,,,,,,,,,,,,,,,,,,,,,,,,,,,,,,,,,,,,,,,,,,
CENPJ, ,transcription regulator, , ,0.0374,CASP3,,,,,,,,,,,,,,,,,,,,,,,,,,,,,,,,,,,,,,,,,,,,,,,,,,,,,,,,,,,,,,,,
GNPAT, ,enzyme, , ,0.0374,IL1B,,,,,,,,,,,,,,,,,,,,,,,,,,,,,,,,,,,,,,,,,,,,,,,,,,,,,,,,,,,,,,,,
ITPR3, ,ion channel, , ,0.0374,G6PC1,,,,,,,,,,,,,,,,,,,,,,,,,,,,,,,,,,,,,,,,,,,,,,,,,,,,,,,,,,,,,,,,
CSTB, ,peptidase, , ,0.0374,IL1B,,,,,,,,,,,,,,,,,,,,,,,,,,,,,,,,,,,,,,,,,,,,,,,,,,,,,,,,,,,,,,,,
MXD3, ,transcription regulator, , ,0.0374,MYCN,,,,,,,,,,,,,,,,,,,,,,,,,,,,,,,,,,,,,,,,,,,,,,,,,,,,,,,,,,,,,,,,
SNRPE, ,other, , ,0.0374,MAP1LC3A,,,,,,,,,,,,,,,,,,,,,,,,,,,,,,,,,,,,,,,,,,,,,,,,,,,,,,,,,,,,,,,,
CRTAP, ,other, , ,0.0374,SERPINE1,,,,,,,,,,,,,,,,,,,,,,,,,,,,,,,,,,,,,,,,,,,,,,,,,,,,,,,,,,,,,,,,
Prl3d1 (includes others), ,other, , ,0.0374,CASP3,,,,,,,,,,,,,,,,,,,,,,,,,,,,,,,,,,,,,,,,,,,,,,,,,,,,,,,,,,,,,,,,
NLRP1, ,other, , ,0.0374,IL1B,,,,,,,,,,,,,,,,,,,,,,,,,,,,,,,,,,,,,,,,,,,,,,,,,,,,,,,,,,,,,,,,
RNF11, ,enzyme, , ,0.0374,SERPINE1,,,,,,,,,,,,,,,,,,,,,,,,,,,,,,,,,,,,,,,,,,,,,,,,,,,,,,,,,,,,,,,,
CLEC2D, ,transmembrane receptor, , ,0.0374,CD83,,,,,,,,,,,,,,,,,,,,,,,,,,,,,,,,,,,,,,,,,,,,,,,,,,,,,,,,,,,,,,,,
BIRC7, ,enzyme, , ,0.0374,CASP3,,,,,,,,,,,,,,,,,,,,,,,,,,,,,,,,,,,,,,,,,,,,,,,,,,,,,,,,,,,,,,,,
PIN4, ,enzyme, , ,0.0374,G6PC1,,,,,,,,,,,,,,,,,,,,,,,,,,,,,,,,,,,,,,,,,,,,,,,,,,,,,,,,,,,,,,,,
HILPDA, ,other, , ,0.0374,PNPLA2,,,,,,,,,,,,,,,,,,,,,,,,,,,,,,,,,,,,,,,,,,,,,,,,,,,,,,,,,,,,,,,,
ZFYVE16, ,other, , ,0.0374,SERPINE1,,,,,,,,,,,,,,,,,,,,,,,,,,,,,,,,,,,,,,,,,,,,,,,,,,,,,,,,,,,,,,,,
CYP4A22-AS1, ,other, , ,0.0374,CYP4A11,,,,,,,,,,,,,,,,,,,,,,,,,,,,,,,,,,,,,,,,,,,,,,,,,,,,,,,,,,,,,,,,
CARHSP1, ,transcription regulator, , ,0.0374,G6PC1,,,,,,,,,,,,,,,,,,,,,,,,,,,,,,,,,,,,,,,,,,,,,,,,,,,,,,,,,,,,,,,,
RIPK2, ,kinase, ,1.119,0.038,ICAM1,PNPLA2,SLC27A1,SREBF1,,,,,,,,,,,,,,,,,,,,,,,,,,,,,,,,,,,,,,,,,,,,,,,,,,,,,,,,,,,,,
STAT3, ,transcription regulator,Activated,2.093,0.0382,APOA4,BCL3,CASP3,CD83,DMBT1,G6PC1,HMOX1,ICAM1,IL1B,ITGA6,LAMB3,PCSK9,Peg13,SERPINE1,SREBF1,,,,,,,,,,,,,,,,,,,,,,,,,,,,,,,,,,,,,,,,,,,,,,,,,,
NR3C2, ,ligand-dependent nuclear receptor, ,1.452,0.0384,Gsta4,IL1B,PPIB,PRDX4,SERPINE1,TACC2,,,,,,,,,,,,,,,,,,,,,,,,,,,,,,,,,,,,,,,,,,,,,,,,,,,,,,,,,,,
POLR2A, ,enzyme, , ,0.0396,CDK2,NFKBIA,TNFAIP3,,,,,,,,,,,,,,,,,,,,,,,,,,,,,,,,,,,,,,,,,,,,,,,,,,,,,,,,,,,,,,
SAA1, ,transporter, , ,0.0396,ALPL,IL1B,SREBF1,,,,,,,,,,,,,,,,,,,,,,,,,,,,,,,,,,,,,,,,,,,,,,,,,,,,,,,,,,,,,,
MAF, ,transcription regulator, , ,0.0396,CYP51A1,FDFT1,LSS,,,,,,,,,,,,,,,,,,,,,,,,,,,,,,,,,,,,,,,,,,,,,,,,,,,,,,,,,,,,,,
F2, ,peptidase, , ,0.0396,ABCB11,ICAM1,IL1B,,,,,,,,,,,,,,,,,,,,,,,,,,,,,,,,,,,,,,,,,,,,,,,,,,,,,,,,,,,,,,
HSPA5, ,enzyme, , ,0.0396,CPT1A,EIF2AK3,SREBF1,,,,,,,,,,,,,,,,,,,,,,,,,,,,,,,,,,,,,,,,,,,,,,,,,,,,,,,,,,,,,,
CLEC11A, ,growth factor, , ,0.0396,ALPL,IL1B,ZYX,,,,,,,,,,,,,,,,,,,,,,,,,,,,,,,,,,,,,,,,,,,,,,,,,,,,,,,,,,,,,,
VCAN, ,other, ,-0.271,0.0396,CASP3,HYAL2,ICAM1,IL1B,INHBB,NFKBIA,,,,,,,,,,,,,,,,,,,,,,,,,,,,,,,,,,,,,,,,,,,,,,,,,,,,,,,,,,,
KCNE3, ,ion channel, , ,0.0398,CA8,KLF4,RDH16,SLC2A5,,,,,,,,,,,,,,,,,,,,,,,,,,,,,,,,,,,,,,,,,,,,,,,,,,,,,,,,,,,,,
PDX1, ,transcription regulator,Inhibited,-2.19,0.0398,ATF4,ERO1A,ERO1B,PDIA6,TRIB3,,,,,,,,,,,,,,,,,,,,,,,,,,,,,,,,,,,,,,,,,,,,,,,,,,,,,,,,,,,,
MFN2, ,enzyme, , ,0.0402,ATF4,IL1B,,,,,,,,,,,,,,,,,,,,,,,,,,,,,,,,,,,,,,,,,,,,,,,,,,,,,,,,,,,,,,,
CHD1, ,enzyme, , ,0.0402,ICAM1,IL1B,,,,,,,,,,,,,,,,,,,,,,,,,,,,,,,,,,,,,,,,,,,,,,,,,,,,,,,,,,,,,,,
NOP2, ,other, , ,0.0402,CCNG2,GSTT2/GSTT2B,,,,,,,,,,,,,,,,,,,,,,,,,,,,,,,,,,,,,,,,,,,,,,,,,,,,,,,,,,,,,,,
PLA2G4A, ,enzyme, , ,0.0402,ICAM1,IL1B,,,,,,,,,,,,,,,,,,,,,,,,,,,,,,,,,,,,,,,,,,,,,,,,,,,,,,,,,,,,,,,
IAPP, ,other, , ,0.0402,CYP51A1,FDFT1,,,,,,,,,,,,,,,,,,,,,,,,,,,,,,,,,,,,,,,,,,,,,,,,,,,,,,,,,,,,,,,
ACVRL1, ,kinase, , ,0.0402,ICAM1,SERPINE1,,,,,,,,,,,,,,,,,,,,,,,,,,,,,,,,,,,,,,,,,,,,,,,,,,,,,,,,,,,,,,,
TLR1, ,transmembrane receptor, , ,0.0402,IL1B,TNFAIP3,,,,,,,,,,,,,,,,,,,,,,,,,,,,,,,,,,,,,,,,,,,,,,,,,,,,,,,,,,,,,,,
KLK5, ,peptidase, , ,0.0402,ICAM1,IL1B,,,,,,,,,,,,,,,,,,,,,,,,,,,,,,,,,,,,,,,,,,,,,,,,,,,,,,,,,,,,,,,
SCP2, ,transporter, , ,0.0402,AKR1C4,Slco1a4,,,,,,,,,,,,,,,,,,,,,,,,,,,,,,,,,,,,,,,,,,,,,,,,,,,,,,,,,,,,,,,
LDLR, ,transporter, , ,0.0404,CKS1B,FDPS,G6PC1,ICAM1,IL1B,ITGB3,PCSK9,SC5D,SREBF1,,,,,,,,,,,,,,,,,,,,,,,,,,,,,,,,,,,,,,,,,,,,,,,,,,,,,,,,
N-cor, ,group, , ,0.0413,CIDEC,IL1B,LHPP,RHOB,SREBF1,,,,,,,,,,,,,,,,,,,,,,,,,,,,,,,,,,,,,,,,,,,,,,,,,,,,,,,,,,,,
COL18A1, ,other, ,-1.982,0.0416,HIF1AN,ICAM1,ITGB3,SERPINE1,,,,,,,,,,,,,,,,,,,,,,,,,,,,,,,,,,,,,,,,,,,,,,,,,,,,,,,,,,,,,
PKM, ,kinase, ,0.832,0.0416,FH,IL1B,LSS,PC,,,,,,,,,,,,,,,,,,,,,,,,,,,,,,,,,,,,,,,,,,,,,,,,,,,,,,,,,,,,,
C3AR1, ,G-protein coupled receptor, , ,0.0421,IL1B,SERPINE1,SREBF1,,,,,,,,,,,,,,,,,,,,,,,,,,,,,,,,,,,,,,,,,,,,,,,,,,,,,,,,,,,,,,
CCN5, ,growth factor, , ,0.0421,KLF4,LAMB3,SERPINE1,,,,,,,,,,,,,,,,,,,,,,,,,,,,,,,,,,,,,,,,,,,,,,,,,,,,,,,,,,,,,,
Lh, ,complex, ,-0.412,0.0427,ACTN1,ALPL,ATP9A,HSD3B1,INHBB,NOL3,PTP4A1,PTPRF,RHOB,TNFAIP3,TNFRSF12A,,,,,,,,,,,,,,,,,,,,,,,,,,,,,,,,,,,,,,,,,,,,,,,,,,,,,,
RXRA, ,ligand-dependent nuclear receptor, ,-1.568,0.0432,ABCB11,CYP4A11,HMOX1,IL1B,MYCN,PC,SREBF1,,,,,,,,,,,,,,,,,,,,,,,,,,,,,,,,,,,,,,,,,,,,,,,,,,,,,,,,,,
TCR, ,complex, , ,0.0445,APOA4,BCL3,ECH1,HSD17B10,LBR,MYCN,NFKBIA,TLE3,TNFAIP3,TNFRSF12A,,,,,,,,,,,,,,,,,,,,,,,,,,,,,,,,,,,,,,,,,,,,,,,,,,,,,,,
Collagen(s), ,complex, , ,0.0447,ATF4,HERPUD1,,,,,,,,,,,,,,,,,,,,,,,,,,,,,,,,,,,,,,,,,,,,,,,,,,,,,,,,,,,,,,,
XDH, ,enzyme, , ,0.0447,IL1B,SERPINE1,,,,,,,,,,,,,,,,,,,,,,,,,,,,,,,,,,,,,,,,,,,,,,,,,,,,,,,,,,,,,,,
PROC, ,peptidase, , ,0.0447,IL1B,SERPINE1,,,,,,,,,,,,,,,,,,,,,,,,,,,,,,,,,,,,,,,,,,,,,,,,,,,,,,,,,,,,,,,
PRKCZ, ,kinase, , ,0.0447,HIF1AN,NFKBIA,,,,,,,,,,,,,,,,,,,,,,,,,,,,,,,,,,,,,,,,,,,,,,,,,,,,,,,,,,,,,,,
MNT, ,transcription regulator, , ,0.0447,CCNG2,E2F2,,,,,,,,,,,,,,,,,,,,,,,,,,,,,,,,,,,,,,,,,,,,,,,,,,,,,,,,,,,,,,,
PLAT, ,peptidase, , ,0.0447,IL1B,SERPINE1,,,,,,,,,,,,,,,,,,,,,,,,,,,,,,,,,,,,,,,,,,,,,,,,,,,,,,,,,,,,,,,
HSPD1, ,enzyme, , ,0.0447,ICAM1,IL1B,,,,,,,,,,,,,,,,,,,,,,,,,,,,,,,,,,,,,,,,,,,,,,,,,,,,,,,,,,,,,,,
PDK4, ,kinase, , ,0.0447,IL1B,PC,,,,,,,,,,,,,,,,,,,,,,,,,,,,,,,,,,,,,,,,,,,,,,,,,,,,,,,,,,,,,,,
PCGEM1, ,other, , ,0.0447,FH,LSS,OGDH,,,,,,,,,,,,,,,,,,,,,,,,,,,,,,,,,,,,,,,,,,,,,,,,,,,,,,,,,,,,,,
EIF2S1, ,translation regulator, , ,0.0447,ATF4,HMOX1,TRIB3,,,,,,,,,,,,,,,,,,,,,,,,,,,,,,,,,,,,,,,,,,,,,,,,,,,,,,,,,,,,,,
HIF1A, ,transcription regulator, ,1.066,0.0454,CARS1,ERO1A,HMOX1,ICAM1,IL1B,INHBB,ITGB3,KDM3A,LIFR,NFKBIA,SERPINE1,SLC25A37,TNFAIP2,,,,,,,,,,,,,,,,,,,,,,,,,,,,,,,,,,,,,,,,,,,,,,,,,,,,
GATA1, ,transcription regulator, ,0.186,0.0455,ACTN1,CHCHD6,ITGA6,ITGB3,MYCN,SLC4A1,ZNF496,,,,,,,,,,,,,,,,,,,,,,,,,,,,,,,,,,,,,,,,,,,,,,,,,,,,,,,,,,
FAS, ,transmembrane receptor,Inhibited,-2.038,0.0459,ICAM1,IL1B,NFKBIA,SERPINE1,TNFAIP3,,,,,,,,,,,,,,,,,,,,,,,,,,,,,,,,,,,,,,,,,,,,,,,,,,,,,,,,,,,,
IL1A, ,cytokine,Activated,2.414,0.0461,HSD3B1,ICAM1,IL1B,NFKBIA,SERPINE1,TNFAIP3,,,,,,,,,,,,,,,,,,,,,,,,,,,,,,,,,,,,,,,,,,,,,,,,,,,,,,,,,,,
ABCB6, ,transporter, , ,0.0474,CYP2R1,CYP4A11,SLC25A37,,,,,,,,,,,,,,,,,,,,,,,,,,,,,,,,,,,,,,,,,,,,,,,,,,,,,,,,,,,,,,
SLC27A2, ,transporter, , ,0.0474,CYP4A11,ECI1,SLC27A1,,,,,,,,,,,,,,,,,,,,,,,,,,,,,,,,,,,,,,,,,,,,,,,,,,,,,,,,,,,,,,
mir-27, ,microRNA, , ,0.0474,IL1B,PNPLA2,SREBF1,,,,,,,,,,,,,,,,,,,,,,,,,,,,,,,,,,,,,,,,,,,,,,,,,,,,,,,,,,,,,,
MAP3K7, ,kinase, , ,0.0474,IL1B,SERPINE1,VHL,,,,,,,,,,,,,,,,,,,,,,,,,,,,,,,,,,,,,,,,,,,,,,,,,,,,,,,,,,,,,,
VDR, ,transcription regulator, ,-0.707,0.0479,Defb1,H2AZ1,Hmgn2 (includes others),ICAM1,PNPLA2,PTPRF,SREBF1,ZYX,,,,,,,,,,,,,,,,,,,,,,,,,,,,,,,,,,,,,,,,,,,,,,,,,,,,,,,,,
INS, ,other, ,0.149,0.0488,CIDEC,CPT1A,G6PC1,IGFBP2,RDH16,SREBF1,,,,,,,,,,,,,,,,,,,,,,,,,,,,,,,,,,,,,,,,,,,,,,,,,,,,,,,,,,,
EPAS1, ,transcription regulator, ,1.131,0.0491,CYP51A1,ICAM1,INHBB,ITGB3,KDM3A,SERPINE1,SREBF1,,,,,,,,,,,,,,,,,,,,,,,,,,,,,,,,,,,,,,,,,,,,,,,,,,,,,,,,,,
C2CD5, ,other, , ,0.0493,CPT1A,PNPLA2,,,,,,,,,,,,,,,,,,,,,,,,,,,,,,,,,,,,,,,,,,,,,,,,,,,,,,,,,,,,,,,
LIN28A, ,other, , ,0.0493,CDK2,SREBF1,,,,,,,,,,,,,,,,,,,,,,,,,,,,,,,,,,,,,,,,,,,,,,,,,,,,,,,,,,,,,,,
OPA1, ,enzyme, , ,0.0493,ATF4,IL1B,,,,,,,,,,,,,,,,,,,,,,,,,,,,,,,,,,,,,,,,,,,,,,,,,,,,,,,,,,,,,,,
MAT1A,1.328,enzyme, , ,0.0493,CYP4A11,MAT1A,,,,,,,,,,,,,,,,,,,,,,,,,,,,,,,,,,,,,,,,,,,,,,,,,,,,,,,,,,,,,,,
CETP, ,enzyme, , ,0.0493,HERPUD1,SREBF1,,,,,,,,,,,,,,,,,,,,,,,,,,,,,,,,,,,,,,,,,,,,,,,,,,,,,,,,,,,,,,,
BMP6, ,growth factor, , ,0.0495,HMOX1,KLF4,MBL2,TNFRSF12A,,,,,,,,,,,,,,,,,,,,,,,,,,,,,,,,,,,,,,,,,,,,,,,,,,,,,,,,,,,,,
IL10RA, ,transmembrane receptor, ,-1.929,0.0611,Akr1c14,Ces1f,CTH,CYP2C18,ERO1A,Gsta4,Gstm3,Gstm6,IL1B,SELENBP1,,,,,,,,,,,,,,,,,,,,,,,,,,,,,,,,,,,,,,,,,,,,,,,,,,,,,,,
P38 MAPK, ,group,Activated,2.608,0.0661,CCNG2,CD83,HMOX1,ICAM1,IL1B,ITGB3,PLA2G7,SERPINE1,,,,,,,,,,,,,,,,,,,,,,,,,,,,,,,,,,,,,,,,,,,,,,,,,,,,,,,,,
PDGF BB, ,complex, ,1.998,0.0693,BCL3,IL1B,RHOB,TNFAIP3,ZFP36L1,,,,,,,,,,,,,,,,,,,,,,,,,,,,,,,,,,,,,,,,,,,,,,,,,,,,,,,,,,,,
TNF, ,cytokine,Activated,2.484,0.0773,ABCB11,ATF4,BCL3,CD83,CYP2C8,GRN,HMOX1,ICAM1,IGFBP2,IL1B,ITGB3,LAMB3,LIFR,LSS,MFHAS1,NFKBIA,NR0B2,RHOB,SERPINE1,Slco1a4,SREBF1,TG,TNFAIP2,TNFAIP3,,,,,,,,,,,,,,,,,,,,,,,,,,,,,,,,,,,,,,,,,
PRKCD, ,kinase,Activated,2.166,0.0896,ICAM1,IL1B,LAMB3,NFKBIA,NR0B2,SERPINE1,,,,,,,,,,,,,,,,,,,,,,,,,,,,,,,,,,,,,,,,,,,,,,,,,,,,,,,,,,,
NLRP3, ,other, ,1.923,0.0998,CDK2,HMOX1,IL1B,TACC2,,,,,,,,,,,,,,,,,,,,,,,,,,,,,,,,,,,,,,,,,,,,,,,,,,,,,,,,,,,,,
JUN, ,transcription regulator,Activated,2.529,0.107,GOT1,HMOX1,ICAM1,IGFBP2,IL1B,LAMB3,NFKBIA,PGLYRP2,SERPINE1,,,,,,,,,,,,,,,,,,,,,,,,,,,,,,,,,,,,,,,,,,,,,,,,,,,,,,,,
ESR2, ,ligand-dependent nuclear receptor, ,-1.929,0.122,CKS1B,FDPS,IL1B,KLF4,LAMB3,LRP11,MBL2,NID2,RAP2A,SSR1,TNFRSF12A,USP1,,,,,,,,,,,,,,,,,,,,,,,,,,,,,,,,,,,,,,,,,,,,,,,,,,,,,
SPI1, ,transcription regulator, ,1.987,0.133,BLNK,CDK2,E2F2,IL1B,LBR,Nolc1,PRDX4,,,,,,,,,,,,,,,,,,,,,,,,,,,,,,,,,,,,,,,,,,,,,,,,,,,,,,,,,,
ERK, ,group,Activated,2.194,0.155,HMOX1,ICAM1,IL1B,ITGB3,SERPINE1,,,,,,,,,,,,,,,,,,,,,,,,,,,,,,,,,,,,,,,,,,,,,,,,,,,,,,,,,,,,
TLR7, ,transmembrane receptor,Activated,2.204,0.284,CD83,ICAM1,IL1B,NFKBIA,TNFAIP3,,,,,,,,,,,,,,,,,,,,,,,,,,,,,,,,,,,,,,,,,,,,,,,,,,,,,,,,,,,,
estrogen receptor, ,group,Inhibited,-2,0.361,AGO1,ICAM1,POR,SERPINE1,WNT5B,,,,,,,,,,,,,,,,,,,,,,,,,,,,,,,,,,,,,,,,,,,,,,,,,,,,,,,,,,,,
WNT3A, ,cytokine, ,1.941,0.505,CTH,IL1B,KLF4,TRIB3,,,,,,,,,,,,,,,,,,,,,,,,,,,,,,,,,,,,,,,,,,,,,,,,,,,,,,,,,,,,,