Ingenuity Canonical Pathways, -log(p-value),Ratio,z-score,Molecules,,,,,,,,,,,,,,,,,,
Cholesterol Biosynthesis I,7.36,0.462,-2.449,CYP51A1,FDFT1,LBR,LSS,NSDHL,SC5D,,,,,,,,,,,,,
"Cholesterol Biosynthesis II (via 24,25-dihydrolanosterol)",7.36,0.462,-2.449,CYP51A1,FDFT1,LBR,LSS,NSDHL,SC5D,,,,,,,,,,,,,
Cholesterol Biosynthesis III (via Desmosterol),7.36,0.462,-2.449,CYP51A1,FDFT1,LBR,LSS,NSDHL,SC5D,,,,,,,,,,,,,
LPS/IL-1 Mediated Inhibition of RXR Function,6.97,0.076,0.707,ABCB11,ABCG8,CHST10,CPT1A,CYP2C18,CYP2C8,CYP2R1,CYP4A11,FABP2,GSTA3,Gstm3,Gstm6,GSTT2/GSTT2B,HS3ST3B1,IL1B,NR0B2,SLC27A1,SREBF1,XPO1
Superpathway of Cholesterol Biosynthesis,6.26,0.241,-2.646,CYP51A1,FDFT1,FDPS,LBR,LSS,NSDHL,SC5D,,,,,,,,,,,,
NRF2-mediated Oxidative Stress Response,5.98,0.072,-1.414,ATF4,CYP2C18,CYP2C8,CYP2R1,CYP4A11,EIF2AK3,GSTA3,Gstm3,Gstm6,GSTT2/GSTT2B,HACD3,HERPUD1,HMOX1,NQO2,NRAS,PPIB,RAP2A,,
Estrogen Biosynthesis,4.97,0.159,-0.378,AKR1C4,CYP2C18,CYP2C8,CYP51A1,HSD17B10,HSD17B11,POR,,,,,,,,,,,,
FXR/RXR Activation,4.85,0.0873,#NUM!,A1BG,ABCB11,ABCG8,APOA4,CYP8B1,G6PC1,G6PC3,IL1B,NR0B2,SLC22A7,SREBF1,,,,,,,,
Acetone Degradation I (to Methylglyoxal),4.76,0.188,-0.447,CYP2C18,CYP2C8,CYP4A11,CYP51A1,POR,PTGR1,,,,,,,,,,,,,
Glycine Betaine Degradation,4.74,0.4,2,BHMT,BHMT2,DMGDH,SDSL,,,,,,,,,,,,,,,
Superpathway of Methionine Degradation,4.38,0.162,1.633,BHMT,BHMT2,CTH,GOT1,MAT1A,NSUN4,,,,,,,,,,,,,
Xenobiotic Metabolism General Signaling Pathway,4.33,0.0769,-2.111,ABCA2,EIF2AK3,GSTA3,Gstm3,Gstm6,GSTT2/GSTT2B,HMOX1,NQO2,NRAS,RAP2A,UGT2B28,,,,,,,,
Ferroptosis Signaling Pathway,4.11,0.0794,-1.265,ARAF,ATF4,CARS1,CTH,EIF2AK3,FDFT1,H2AZ1,HMOX1,NRAS,RAP2A,,,,,,,,,
Zymosterol Biosynthesis,3.99,0.5,#NUM!,CYP51A1,LBR,NSDHL,,,,,,,,,,,,,,,,
Aryl Hydrocarbon Receptor Signaling,3.92,0.0692,#NUM!,CDK2,CYP2C18,CYP2C8,DCT,GSTA3,Gstm3,Gstm6,GSTT2/GSTT2B,IL1B,NQO2,NR0B2,,,,,,,,
Nicotine Degradation II,3.81,0.106,-1.89,Aox3,CYP2C18,CYP2C8,CYP51A1,INMT,POR,UGT2B28,,,,,,,,,,,,
Xenobiotic Metabolism Signaling,3.72,0.0521,#NUM!,CHST10,CYP2C8,EIF2AK3,GSTA3,Gstm3,Gstm6,GSTT2/GSTT2B,HDAC5,HMOX1,HS3ST3B1,IL1B,NQO2,NRAS,RAP2A,UGT2B28,,,,
Retinoate Biosynthesis I,3.41,0.139,-1.342,ADH4,AKR1C4,RDH11,RDH16,SDR9C7,,,,,,,,,,,,,,
Estrogen-Dependent Breast Cancer Signaling,3.32,0.0886,-2,AKR1C4,ATF4,ELK1,HSD17B10,HSD17B11,NRAS,RAP2A,,,,,,,,,,,,
Nicotine Degradation III,3.28,0.103,-1.633,Aox3,CYP2C18,CYP2C8,CYP51A1,POR,UGT2B28,,,,,,,,,,,,,
TCA Cycle II (Eukaryotic),3.12,0.167,2,ACO2,DLST,FH,OGDH,,,,,,,,,,,,,,,
Xenobiotic Metabolism AHR Signaling Pathway,3.07,0.0805,-1.134,GSTA3,Gstm3,Gstm6,GSTT2/GSTT2B,HDAC5,IL1B,NQO2,,,,,,,,,,,,
Bupropion Degradation,3.05,0.16,-1,CYP2C18,CYP2C8,CYP51A1,POR,,,,,,,,,,,,,,,
"1,25-dihydroxyvitamin D3 Biosynthesis",3.04,0.667,#NUM!,CYP2R1,POR,,,,,,,,,,,,,,,,,
Methionine Salvage II (Mammalian),3.04,0.667,#NUM!,BHMT,BHMT2,,,,,,,,,,,,,,,,,
Role of Tissue Factor in Cancer,2.99,0.069,#NUM!,CASP3,IL1B,ITGA6,ITGB3,NRAS,PDIA6,RAP2A,RPS6KA1,,,,,,,,,,,
2-ketoglutarate Dehydrogenase Complex,2.74,0.5,#NUM!,DLST,OGDH,,,,,,,,,,,,,,,,,
Xenobiotic Metabolism PXR Signaling Pathway,2.68,0.0524,-1.265,CDK2,CHST10,CYP2C8,GSTA3,Gstm3,Gstm6,GSTT2/GSTT2B,HS3ST3B1,PPP1R10,UGT2B28,,,,,,,,,
Glutathione-mediated Detoxification,2.64,0.125,-1,GSTA3,Gsta4,Gstm3,GSTT2/GSTT2B,,,,,,,,,,,,,,,
Toll-like Receptor Signaling,2.6,0.0769,-0.447,ELK1,IL1B,NFKBIA,TIRAP,TNFAIP3,Ubb,,,,,,,,,,,,,
Insulin Secretion Signaling Pathway,2.53,0.0448,-1.155,AGO1,ATF4,EIF2AK3,EIF4EBP3,JAK3,PC,SEC61B,SLC2A5,SPCS2,SPCS3,SSR1,SSR3,,,,,,,
CMP-N-acetylneuraminate Biosynthesis I (Eukaryotes),2.53,0.4,#NUM!,NANP,NANS,,,,,,,,,,,,,,,,,
_-tocopherol Degradation,2.53,0.4,#NUM!,CYP4A11,CYP4F12,,,,,,,,,,,,,,,,,
Coronavirus Pathogenesis Pathway,2.5,0.0495,0,ATF4,CASP3,CDK2,E2F2,EIF2AK3,ELK1,HDAC5,IL1B,NFKBIA,SERPINE1,,,,,,,,,
Androgen Biosynthesis,2.44,0.167,#NUM!,AKR1C4,HSD3B1,Hsd3b4 (includes others),,,,,,,,,,,,,,,,
Prostate Cancer Signaling,2.44,0.0625,#NUM!,ATF4,CDK2,E2F2,HDAC5,NFKBIA,NRAS,RAP2A,,,,,,,,,,,,
HIF1_ Signaling,2.41,0.0481,1.265,ADRA1B,ARAF,CCNG2,HIF1AN,HMOX1,NRAS,RAP2A,SERPINE1,SLC2A5,VHL,,,,,,,,,
Melatonin Degradation I,2.4,0.0833,-1.342,CYP2C18,CYP2C8,CYP51A1,POR,UGT2B28,,,,,,,,,,,,,,
Arginine Biosynthesis IV,2.36,0.333,#NUM!,ASL,OAT,,,,,,,,,,,,,,,,,
ERK/MAPK Signaling,2.33,0.0467,-1.89,ARAF,ATF4,ELK1,ITGA6,ITGB3,MYCN,NRAS,PPP1R10,RAP2A,RPS6KA1,,,,,,,,,
Regulation of Cellular Mechanics by Calpain Protease,2.32,0.0674,#NUM!,ACTN1,CDK2,ITGA6,ITGB3,NRAS,RAP2A,,,,,,,,,,,,,
Methylglyoxal Degradation III,2.31,0.15,#NUM!,ADH4,CYP4A11,PTGR1,,,,,,,,,,,,,,,,
Unfolded protein response,2.29,0.0667,-2.236,ATF4,EIF2AK3,ERO1B,INSIG1,PDIA6,SREBF1,,,,,,,,,,,,,
Endoplasmic Reticulum Stress Pathway,2.25,0.143,#NUM!,ATF4,CASP3,EIF2AK3,,,,,,,,,,,,,,,,
PXR/RXR Activation,2.25,0.0769,#NUM!,ABCB11,CPT1A,CYP2C8,G6PC1,NR0B2,,,,,,,,,,,,,,
Superpathway of Melatonin Degradation,2.25,0.0769,-1.342,CYP2C18,CYP2C8,CYP51A1,POR,UGT2B28,,,,,,,,,,,,,,
LXR/RXR Activation,2.22,0.0569,#NUM!,A1BG,ABCG8,APOA4,CYP51A1,FDFT1,IL1B,SREBF1,,,,,,,,,,,,
Hepatic Cholestasis,2.2,0.0476,#NUM!,ABCB11,ABCG8,CYP8B1,IL1B,NFKBIA,NR0B2,SLC22A7,SREBF1,TIRAP,,,,,,,,,,
CD40 Signaling,2.19,0.0746,0.447,ICAM1,JAK3,MAPKAPK2,NFKBIA,TNFAIP3,,,,,,,,,,,,,,
Oncostatin M Signaling,2.17,0.093,-1,ELK1,JAK3,NRAS,RAP2A,,,,,,,,,,,,,,,
Remodeling of Epithelial Adherens Junctions,2.16,0.0735,#NUM!,ACTN1,MAPRE1,TUBA8,TUBB,ZYX,,,,,,,,,,,,,,
PPAR_/RXR_ Activation,2.14,0.0466,0.707,BCL3,CYP2C18,CYP2C8,IL1B,NFKBIA,NR0B2,NRAS,RAP2A,SLC27A1,,,,,,,,,,
Hepatic Fibrosis Signaling Pathway,2.12,0.0358,1.069,ARAF,ATF4,CASP3,ELK1,ICAM1,IL1B,ITGA6,ITGB3,NFKBIA,NRAS,RAP2A,RHOB,SERPINE1,TIRAP,WNT5B,,,,
Cysteine Biosynthesis III (mammalia),2.08,0.125,#NUM!,CTH,MAT1A,NSUN4,,,,,,,,,,,,,,,,
Role of MAPK Signaling in Inhibiting the Pathogenesis of Influenza,1.97,0.0658,0.447,ARAF,CASP3,IL1B,NFKBIA,PLA2G7,,,,,,,,,,,,,,
Germ Cell-Sertoli Cell Junction Signaling,1.96,0.0468,#NUM!,ACTN1,ITGA6,NRAS,RAP2A,RHOB,TUBA8,TUBB,ZYX,,,,,,,,,,,
MSP-RON Signaling In Cancer Cells Pathway,1.95,0.0507,-0.378,ARAF,ATF4,ITGA6,NFKBIA,NRAS,RAP2A,VHL,,,,,,,,,,,,
NF-_B Activation by Viruses,1.92,0.0641,-0.447,ITGA6,ITGB3,NFKBIA,NRAS,RAP2A,,,,,,,,,,,,,,
FLT3 Signaling in Hematopoietic Progenitor Cells,1.88,0.0625,-2.236,ATF4,ELK1,NRAS,RAP2A,RPS6KA1,,,,,,,,,,,,,,
Renal Cell Carcinoma Signaling,1.88,0.0625,#NUM!,FH,NRAS,RAP2A,Ubb,VHL,,,,,,,,,,,,,,
Stearate Biosynthesis I (Animals),1.86,0.0755,#NUM!,BDH2,CYP4A11,PTGR1,SLC27A1,,,,,,,,,,,,,,,
Role of MAPK Signaling in Promoting the Pathogenesis of Influenza,1.85,0.0536,-0.816,ARAF,CASP3,NFKBIA,NRAS,PLA2G7,RAP2A,,,,,,,,,,,,,
PEDF Signaling,1.79,0.0595,-1,ELK1,NFKBIA,NRAS,PNPLA2,RAP2A,,,,,,,,,,,,,,
Acute Phase Response Signaling,1.77,0.0432,0,ELK1,HMOX1,IL1B,MBL2,NFKBIA,NRAS,RAP2A,SERPINE1,,,,,,,,,,,
EIF2 Signaling,1.76,0.0404,0.378,AGO1,ATF4,EIF2AK3,MYCN,NRAS,PTBP1,RAP2A,SREBF1,TRIB3,,,,,,,,,,
L-cysteine Degradation II,1.76,1,#NUM!,CTH,,,,,,,,,,,,,,,,,,
Lanosterol Biosynthesis,1.76,1,#NUM!,LSS,,,,,,,,,,,,,,,,,,
CNTF Signaling,1.75,0.0702,-2,LIFR,NRAS,RAP2A,RPS6KA1,,,,,,,,,,,,,,,
PDGF Signaling,1.75,0.0581,-0.447,ELK1,JAK3,NRAS,RAP2A,SPHK2,,,,,,,,,,,,,,
Xenobiotic Metabolism CAR Signaling Pathway,1.75,0.0428,-1.414,CHST10,CYP2C8,GSTA3,Gstm3,Gstm6,GSTT2/GSTT2B,HS3ST3B1,UGT2B28,,,,,,,,,,,
Mineralocorticoid Biosynthesis,1.74,0.167,#NUM!,HSD3B1,Hsd3b4 (includes others),,,,,,,,,,,,,,,,,
3-phosphoinositide Degradation,1.74,0.0426,-0.447,ALPL,CA3,G6PC1,G6PC3,NUDT5,PPP1R10,PTPMT1,PTPRF,,,,,,,,,,,
HER-2 Signaling in Breast Cancer,1.71,0.0396,-0.378,ARAF,CASP3,DDX19B,ELK1,ITGB3,NFKBIA,NRAS,NUP58,RAP2A,,,,,,,,,,
"Bile Acid Biosynthesis, Neutral Pathway",1.68,0.154,#NUM!,AKR1C4,CYP8B1,,,,,,,,,,,,,,,,,
Glucocorticoid Biosynthesis,1.68,0.154,#NUM!,HSD3B1,Hsd3b4 (includes others),,,,,,,,,,,,,,,,,
Fatty Acid _-oxidation I,1.67,0.0882,#NUM!,ECI1,HSD17B10,SLC27A1,,,,,,,,,,,,,,,,
IL-2 Signaling,1.65,0.0656,-1,ELK1,JAK3,NRAS,RAP2A,,,,,,,,,,,,,,,
RAR Activation,1.64,0.0408,#NUM!,ADH4,AKR1C4,MAPKAPK2,PNRC1,RDH11,RDH16,SDR9C7,SORBS3,,,,,,,,,,,
Osteoarthritis Pathway,1.64,0.0385,1.134,ALPL,ATF4,CASP3,CNMD,IL1B,ITGA6,ITGB3,MTF1,PTH1R,,,,,,,,,,
Pancreatic Adenocarcinoma Signaling,1.62,0.0476,1,CDK2,E2F2,ELK1,HDAC5,HMOX1,JAK3,,,,,,,,,,,,,
Actin Nucleation by ARP-WASP Complex,1.62,0.0538,#NUM!,ITGA6,ITGB3,NRAS,RAP2A,RHOB,,,,,,,,,,,,,,
14-3-3-mediated Signaling,1.61,0.0472,-2,ELK1,NRAS,RAP2A,RPS6KA1,TUBA8,TUBB,,,,,,,,,,,,,
Melanocyte Development and Pigmentation Signaling,1.6,0.0532,-2,ATF4,DCT,NRAS,RAP2A,RPS6KA1,,,,,,,,,,,,,,
IL-6 Signaling,1.59,0.0469,0,ELK1,IL1B,MAPKAPK2,NFKBIA,NRAS,RAP2A,,,,,,,,,,,,,
TWEAK Signaling,1.57,0.0811,#NUM!,CASP3,NFKBIA,TNFRSF12A,,,,,,,,,,,,,,,,
Small Cell Lung Cancer Signaling,1.57,0.0521,#NUM!,CDK2,CKS1B,E2F2,HDAC5,NFKBIA,,,,,,,,,,,,,,
TGF-_ Signaling,1.57,0.0521,-0.447,INHBB,INHBC,NRAS,RAP2A,SERPINE1,,,,,,,,,,,,,,
ERB2-ERBB3 Signaling,1.56,0.0615,-1,ELK1,JAK3,NRAS,RAP2A,,,,,,,,,,,,,,,
Superpathway of Citrulline Metabolism,1.56,0.133,#NUM!,ASL,OAT,,,,,,,,,,,,,,,,,
HMGB1 Signaling,1.55,0.0419,0,ELK1,ICAM1,IL1B,NRAS,RAP2A,RHOB,SERPINE1,,,,,,,,,,,,
Docosahexaenoic Acid (DHA) Signaling,1.54,0.0789,#NUM!,CASP3,IL1B,PNPLA2,,,,,,,,,,,,,,,,
HGF Signaling,1.53,0.0455,-2,CDK2,ELK1,ITGA6,ITGB3,NRAS,RAP2A,,,,,,,,,,,,,
UVA-Induced MAPK Signaling,1.53,0.051,#NUM!,CASP3,NRAS,PARP16,RAP2A,RPS6KA1,,,,,,,,,,,,,,
Sertoli Cell-Sertoli Cell Junction Signaling,1.53,0.0388,#NUM!,ACTN1,ELK1,ITGA6,ITGB3,NRAS,RAP2A,TUBA8,TUBB,,,,,,,,,,,
Role of JAK1 and JAK3 in _c Cytokine Signaling,1.48,0.058,#NUM!,BLNK,JAK3,NRAS,RAP2A,,,,,,,,,,,,,,,
IL-8 Signaling,1.48,0.0379,1.134,ARAF,HMOX1,ICAM1,ITGB3,NFKBIA,NRAS,RAP2A,RHOB,,,,,,,,,,,
UDP-D-xylose and UDP-D-glucuronate Biosynthesis,1.46,0.5,#NUM!,UXS1,,,,,,,,,,,,,,,,,,
Epoxysqualene Biosynthesis,1.46,0.5,#NUM!,FDFT1,,,,,,,,,,,,,,,,,,
Spermine Biosynthesis,1.46,0.5,#NUM!,AMD1,,,,,,,,,,,,,,,,,,
L-cysteine Degradation III,1.46,0.5,#NUM!,GOT1,,,,,,,,,,,,,,,,,,
Spermidine Biosynthesis I,1.46,0.5,#NUM!,AMD1,,,,,,,,,,,,,,,,,,
Sulfate Activation for Sulfonation,1.46,0.5,#NUM!,PAPSS1,,,,,,,,,,,,,,,,,,
Cysteine Biosynthesis/Homocysteine Degradation,1.46,0.5,#NUM!,CTH,,,,,,,,,,,,,,,,,,
Cardiolipin Biosynthesis II,1.46,0.5,#NUM!,PTPMT1,,,,,,,,,,,,,,,,,,
Integrin Signaling,1.46,0.0376,-0.378,ACTN1,ARHGAP26,ITGA6,ITGB3,NRAS,RAP2A,RHOB,ZYX,,,,,,,,,,,
RAN Signaling,1.45,0.118,#NUM!,RANBP1,XPO1,,,,,,,,,,,,,,,,,
"D-myo-inositol (1,4,5,6)-Tetrakisphosphate Biosynthesis",1.44,0.0398,-1,ALPL,CA3,G6PC1,G6PC3,NUDT5,PPP1R10,PTPRF,,,,,,,,,,,,
"D-myo-inositol (3,4,5,6)-tetrakisphosphate Biosynthesis",1.44,0.0398,-1,ALPL,CA3,G6PC1,G6PC3,NUDT5,PPP1R10,PTPRF,,,,,,,,,,,,
Iron homeostasis signaling pathway,1.44,0.0432,#NUM!,ABCB10,ACO2,HJV,HMOX1,JAK3,SLC25A37,,,,,,,,,,,,,
Virus Entry via Endocytic Pathways,1.44,0.0481,#NUM!,FLNB,ITGB3,MR1,NRAS,RAP2A,,,,,,,,,,,,,,
Apoptosis Signaling,1.44,0.0481,1.342,CASP3,NFKBIA,NRAS,RAP2A,RPS6KA1,,,,,,,,,,,,,,
IL-10 Signaling,1.42,0.0556,#NUM!,ELK1,HMOX1,IL1B,NFKBIA,,,,,,,,,,,,,,,
ERK5 Signaling,1.42,0.0556,-2,ATF4,NRAS,RAP2A,RPS6KA1,,,,,,,,,,,,,,,
Senescence Pathway,1.42,0.0337,1.265,ARAF,CDK2,E2F2,MAPKAPK2,NRAS,PCGF6,RAP2A,SERPINE1,VHL,ZFP36L1,,,,,,,,,
Mitochondrial L-carnitine Shuttle Pathway,1.41,0.111,#NUM!,CPT1A,SLC27A1,,,,,,,,,,,,,,,,,
Glioma Invasiveness Signaling,1.4,0.0548,0,ITGB3,NRAS,RAP2A,RHOB,,,,,,,,,,,,,,,
PPAR Signaling,1.39,0.0467,0.447,IL1B,NFKBIA,NR0B2,NRAS,RAP2A,,,,,,,,,,,,,,
PI3K Signaling in B Lymphocytes,1.39,0.042,-0.816,ATF4,BLNK,ELK1,NFKBIA,NRAS,RAP2A,,,,,,,,,,,,,
Hypoxia Signaling in the Cardiovascular System,1.39,0.0541,1,ATF4,HIF1AN,NFKBIA,VHL,,,,,,,,,,,,,,,
Paxillin Signaling,1.38,0.0463,#NUM!,ACTN1,ITGA6,ITGB3,NRAS,RAP2A,,,,,,,,,,,,,,
Caveolar-mediated Endocytosis Signaling,1.37,0.0533,#NUM!,FLNB,ITGA6,ITGB3,MR1,,,,,,,,,,,,,,,
Role of IL-17F in Allergic Inflammatory Airway Diseases,1.35,0.0667,#NUM!,ATF4,IL1B,RPS6KA1,,,,,,,,,,,,,,,,
Neurotrophin/TRK Signaling,1.35,0.0526,-2,ATF4,NRAS,RAP2A,RPS6KA1,,,,,,,,,,,,,,,
Antioxidant Action of Vitamin C,1.34,0.045,#NUM!,HMOX1,NFKBIA,PLA2G7,SLC2A5,TXNRD3,,,,,,,,,,,,,,
Antiproliferative Role of Somatostatin Receptor 2,1.33,0.0519,#NUM!,CTH,ELK1,NRAS,RAP2A,,,,,,,,,,,,,,,
CDK5 Signaling,1.32,0.0446,#NUM!,ITGA6,LAMB3,NRAS,PPP1R10,RAP2A,,,,,,,,,,,,,,
Molecular Mechanisms of Cancer,1.29,0.0292,#NUM!,CASP3,CDK2,E2F2,ELK1,HDAC5,ITGA6,ITGB3,JAK3,NFKBIA,NRAS,RAP2A,RHOB,WNT5B,,,,,,
NADH Repair,1.29,0.333,#NUM!,NAXD,,,,,,,,,,,,,,,,,,
Glutamate Degradation II,1.29,0.333,#NUM!,GOT1,,,,,,,,,,,,,,,,,,
S-adenosyl-L-methionine Biosynthesis,1.29,0.333,#NUM!,MAT1A,,,,,,,,,,,,,,,,,,
L-serine Degradation,1.29,0.333,#NUM!,SDSL,,,,,,,,,,,,,,,,,,
Aspartate Biosynthesis,1.29,0.333,#NUM!,GOT1,,,,,,,,,,,,,,,,,,
D-myo-inositol-5-phosphate Metabolism,1.27,0.0365,-1,ALPL,CA3,G6PC1,G6PC3,NUDT5,PPP1R10,PTPRF,,,,,,,,,,,,
Role of MAPK Signaling in the Pathogenesis of Influenza,1.27,0.0494,#NUM!,CASP3,NRAS,PLA2G7,RAP2A,,,,,,,,,,,,,,,
Neuregulin Signaling,1.26,0.0427,#NUM!,ELK1,ITGA6,ITGB3,NRAS,RAP2A,,,,,,,,,,,,,,
FAK Signaling,1.26,0.0427,#NUM!,ARHGAP26,ITGA6,ITGB3,NRAS,RAP2A,,,,,,,,,,,,,,
Methionine Degradation I (to Homocysteine),1.25,0.0909,#NUM!,MAT1A,NSUN4,,,,,,,,,,,,,,,,,
PAK Signaling,1.24,0.0424,#NUM!,CASP3,ITGA6,ITGB3,NRAS,RAP2A,,,,,,,,,,,,,,
NGF Signaling,1.24,0.0424,-2.236,ATF4,ELK1,NRAS,RAP2A,RPS6KA1,,,,,,,,,,,,,,
p38 MAPK Signaling,1.24,0.0424,0,ATF4,ELK1,IL1B,MAPKAPK2,RPS6KA1,,,,,,,,,,,,,,
Cell Cycle: G2/M DNA Damage Checkpoint Regulation,1.24,0.06,#NUM!,CKS1B,PTPMT1,RPS6KA1,,,,,,,,,,,,,,,,
Cholecystokinin/Gastrin-mediated Signaling,1.23,0.042,-0.447,ELK1,IL1B,NRAS,RAP2A,RHOB,,,,,,,,,,,,,,
UVC-Induced MAPK Signaling,1.22,0.0588,#NUM!,ARAF,NRAS,RAP2A,,,,,,,,,,,,,,,,
TR/RXR Activation,1.22,0.0476,#NUM!,BCL3,G6PC1,SREBF1,THRSP,,,,,,,,,,,,,,,
Role of NANOG in Mammalian Embryonic Stem Cell Pluripotency,1.22,0.0417,-1,JAK3,LIFR,NRAS,RAP2A,WNT5B,,,,,,,,,,,,,,
ILK Signaling,1.22,0.0354,0.378,ACTN1,ATF4,CASP3,FLNB,ITGB3,MYH14,RHOB,,,,,,,,,,,,
Vitamin-C Transport,1.21,0.087,#NUM!,AKR1C4,TXNRD3,,,,,,,,,,,,,,,,,
Adrenomedullin signaling pathway,1.21,0.0352,-0.447,ARAF,CASP3,CTH,ELK1,IL1B,NRAS,RAP2A,,,,,,,,,,,,
LPS-stimulated MAPK Signaling,1.2,0.0471,-1,ELK1,NFKBIA,NRAS,RAP2A,,,,,,,,,,,,,,,
TNFR1 Signaling,1.2,0.0577,#NUM!,CASP3,NFKBIA,TNFAIP3,,,,,,,,,,,,,,,,
Tumoricidal Function of Hepatic Natural Killer Cells,1.18,0.0833,#NUM!,CASP3,ICAM1,,,,,,,,,,,,,,,,,
3-phosphoinositide Biosynthesis,1.18,0.0347,-1,ALPL,CA3,G6PC1,G6PC3,NUDT5,PPP1R10,PTPRF,,,,,,,,,,,,
Heme Degradation,1.16,0.25,#NUM!,HMOX1,,,,,,,,,,,,,,,,,,
Spermine and Spermidine Degradation I,1.16,0.25,#NUM!,PAOX,,,,,,,,,,,,,,,,,,
Eumelanin Biosynthesis,1.16,0.25,#NUM!,DCT,,,,,,,,,,,,,,,,,,
Arginine Degradation I (Arginase Pathway),1.16,0.25,#NUM!,OAT,,,,,,,,,,,,,,,,,,
L-cysteine Degradation I,1.16,0.25,#NUM!,GOT1,,,,,,,,,,,,,,,,,,
"Fatty Acid _-oxidation III (Unsaturated, Odd Number)",1.16,0.25,#NUM!,ECI1,,,,,,,,,,,,,,,,,,
Oxidative Ethanol Degradation III,1.14,0.0545,#NUM!,CYP2C18,CYP2C8,CYP2R1,,,,,,,,,,,,,,,,
Estrogen-mediated S-phase Entry,1.12,0.0769,#NUM!,CDK2,E2F2,,,,,,,,,,,,,,,,,
Synaptic Long Term Potentiation,1.11,0.0388,-1.342,ATF4,NRAS,PPP1R10,RAP2A,RPS6KA1,,,,,,,,,,,,,,
Role of IL-17A in Arthritis,1.11,0.0526,#NUM!,MAPKAPK2,NFKBIA,RPS6KA1,,,,,,,,,,,,,,,,
Atherosclerosis Signaling,1.1,0.0385,#NUM!,APOA4,ICAM1,IL1B,PLA2G7,TNFRSF12A,,,,,,,,,,,,,,
Mitochondrial Dysfunction,1.09,0.0351,#NUM!,ACO2,CASP3,CPT1A,CYB5B,HSD17B10,OGDH,,,,,,,,,,,,,
Glioblastoma Multiforme Signaling,1.09,0.0351,-0.447,CDK2,E2F2,NRAS,RAP2A,RHOB,WNT5B,,,,,,,,,,,,,
Cancer Drug Resistance By Drug Efflux,1.09,0.0517,#NUM!,ARAF,NRAS,RAP2A,,,,,,,,,,,,,,,,
Non-Small Cell Lung Cancer Signaling,1.08,0.0426,#NUM!,E2F2,HDAC5,NRAS,RAP2A,,,,,,,,,,,,,,,
Proline Biosynthesis II (from Arginine),1.07,0.2,#NUM!,OAT,,,,,,,,,,,,,,,,,,
Myo-inositol Biosynthesis,1.07,0.2,#NUM!,IMPA1,,,,,,,,,,,,,,,,,,
"Trans, trans-farnesyl Diphosphate Biosynthesis",1.07,0.2,#NUM!,FDPS,,,,,,,,,,,,,,,,,,
Citrulline-Nitric Oxide Cycle,1.07,0.2,#NUM!,ASL,,,,,,,,,,,,,,,,,,
Endometrial Cancer Signaling,1.05,0.05,#NUM!,ELK1,NRAS,RAP2A,,,,,,,,,,,,,,,,
ATM Signaling,1.04,0.0412,#NUM!,ATF4,CDK2,NFKBIA,SMC3,,,,,,,,,,,,,,,
Salvage Pathways of Pyrimidine Ribonucleotides,1.03,0.0408,-1,ARAF,CDK2,G6PC1,NME6,,,,,,,,,,,,,,,
Regulation of eIF4 and p70S6K Signaling,1.03,0.0337,#NUM!,AGO1,EIF4EBP3,ITGA6,ITGB3,NRAS,RAP2A,,,,,,,,,,,,,
Tumor Microenvironment Pathway,1.02,0.0335,0.816,ARAF,ICAM1,IL1B,ITGB3,NRAS,RAP2A,,,,,,,,,,,,,
RAC Signaling,1.02,0.0362,#NUM!,ELK1,ITGA6,ITGB3,NRAS,RAP2A,,,,,,,,,,,,,,
Apelin Endothelial Signaling Pathway,1.01,0.036,-1,HDAC5,ICAM1,KLF2,NRAS,RAP2A,,,,,,,,,,,,,,
Urea Cycle,0.996,0.167,#NUM!,ASL,,,,,,,,,,,,,,,,,,
Arginine Degradation VI (Arginase 2 Pathway),0.996,0.167,#NUM!,OAT,,,,,,,,,,,,,,,,,,
Rapoport-Luebering Glycolytic Shunt,0.996,0.167,#NUM!,TIGAR,,,,,,,,,,,,,,,,,,
Neuroinflammation Signaling Pathway,0.979,0.0286,0.378,ATF4,CASP3,HMOX1,ICAM1,IL1B,JAK3,MR1,SLC6A13,TIRAP,,,,,,,,,,
TNFR2 Signaling,0.967,0.0625,#NUM!,NFKBIA,TNFAIP3,,,,,,,,,,,,,,,,,
Pyridoxal 5'-phosphate Salvage Pathway,0.959,0.0455,#NUM!,ARAF,CDK2,G6PC1,,,,,,,,,,,,,,,,
Mouse Embryonic Stem Cell Pluripotency,0.955,0.0385,-1,JAK3,LIFR,NRAS,RAP2A,,,,,,,,,,,,,,,
IGF-1 Signaling,0.955,0.0385,#NUM!,ELK1,IGFBP2,NRAS,RAP2A,,,,,,,,,,,,,,,
Superpathway of Inositol Phosphate Compounds,0.939,0.0302,-1,ALPL,CA3,G6PC1,G6PC3,NUDT5,PPP1R10,PTPRF,,,,,,,,,,,,
"PD-1, PD-L1 cancer immunotherapy pathway",0.936,0.0377,1,CDK2,ELK1,JAK3,MR1,,,,,,,,,,,,,,,
Thioredoxin Pathway,0.932,0.143,#NUM!,TXNRD3,,,,,,,,,,,,,,,,,,
Aspartate Degradation II,0.932,0.143,#NUM!,GOT1,,,,,,,,,,,,,,,,,,
Cell Cycle: G1/S Checkpoint Regulation,0.932,0.0441,#NUM!,CDK2,E2F2,HDAC5,,,,,,,,,,,,,,,,
Chronic Myeloid Leukemia Signaling,0.924,0.0374,#NUM!,E2F2,HDAC5,NRAS,RAP2A,,,,,,,,,,,,,,,
Pyrimidine Ribonucleotides Interconversion,0.921,0.0588,#NUM!,NME6,NUDT5,,,,,,,,,,,,,,,,,
Endothelin-1 Signaling,0.917,0.0314,0,ARAF,CASP3,HMOX1,NRAS,PLA2G7,RAP2A,,,,,,,,,,,,,
SPINK1 General Cancer Pathway,0.917,0.0435,#NUM!,JAK3,NRAS,RAP2A,,,,,,,,,,,,,,,,
Coagulation System,0.903,0.0571,#NUM!,PROS1,SERPINE1,,,,,,,,,,,,,,,,,
IL-9 Signaling,0.903,0.0571,#NUM!,BCL3,JAK3,,,,,,,,,,,,,,,,,
PTEN Signaling,0.903,0.0333,#NUM!,CASP3,ITGA6,ITGB3,NRAS,RAP2A,,,,,,,,,,,,,,
GM-CSF Signaling,0.903,0.0429,#NUM!,ELK1,NRAS,RAP2A,,,,,,,,,,,,,,,,
Pyrimidine Ribonucleotides De Novo Biosynthesis,0.883,0.0556,#NUM!,NME6,NUDT5,,,,,,,,,,,,,,,,,
Cell Cycle Regulation by BTG Family Proteins,0.863,0.0541,#NUM!,CDK2,E2F2,,,,,,,,,,,,,,,,,
PI3K/AKT Signaling,0.857,0.0302,0,ITGA6,ITGB3,JAK3,NFKBIA,NRAS,RAP2A,,,,,,,,,,,,,
Ovarian Cancer Signaling,0.836,0.0316,#NUM!,E2F2,HDAC5,NRAS,RAP2A,WNT5B,,,,,,,,,,,,,,
Bladder Cancer Signaling,0.833,0.0345,#NUM!,E2F2,HDAC5,NRAS,RAP2A,,,,,,,,,,,,,,,
Phosphatidylethanolamine Biosynthesis II,0.833,0.111,#NUM!,ETNK1,,,,,,,,,,,,,,,,,,
Citrulline Biosynthesis,0.833,0.111,#NUM!,OAT,,,,,,,,,,,,,,,,,,
tRNA Charging,0.827,0.0513,#NUM!,CARS1,TARS1,,,,,,,,,,,,,,,,,
Macropinocytosis Signaling,0.827,0.0395,#NUM!,ITGB3,NRAS,RAP2A,,,,,,,,,,,,,,,,
TREM1 Signaling,0.815,0.039,#NUM!,CD83,ICAM1,IL1B,,,,,,,,,,,,,,,,
Angiopoietin Signaling,0.815,0.039,#NUM!,NFKBIA,NRAS,RAP2A,,,,,,,,,,,,,,,,
Maturity Onset Diabetes of Young (MODY) Signaling,0.804,0.0385,#NUM!,APOA4,FABP2,OGDH,,,,,,,,,,,,,,,,
IL-3 Signaling,0.79,0.038,#NUM!,ELK1,NRAS,RAP2A,,,,,,,,,,,,,,,,
Thyroid Cancer Signaling,0.79,0.038,#NUM!,ELK1,NRAS,RAP2A,,,,,,,,,,,,,,,,
Ketolysis,0.79,0.1,#NUM!,BDH2,,,,,,,,,,,,,,,,,,
mTOR Signaling,0.775,0.0284,-0.447,EIF4EBP3,HMOX1,NRAS,RAP2A,RHOB,RPS6KA1,,,,,,,,,,,,,
April Mediated Signaling,0.775,0.0476,#NUM!,ELK1,NFKBIA,,,,,,,,,,,,,,,,,
Cardiac Hypertrophy Signaling,0.77,0.0271,-1.134,ADRA1B,ELK1,MAPKAPK2,NRAS,RAP2A,RHOB,RPS6KA1,,,,,,,,,,,,
Endocannabinoid Developing Neuron Pathway,0.767,0.0325,-1,ARAF,ATF4,NRAS,RAP2A,,,,,,,,,,,,,,,
Protein Kinase A Signaling,0.764,0.0249,0.378,AKAP8,ATF4,ELK1,FLNB,H1-2,NFKBIA,PPP1R10,PTP4A1,PTPRF,PTPRK,,,,,,,,,
B Cell Activating Factor Signaling,0.759,0.0465,#NUM!,ELK1,NFKBIA,,,,,,,,,,,,,,,,,
Glioma Signaling,0.759,0.0323,#NUM!,E2F2,HDAC5,NRAS,RAP2A,,,,,,,,,,,,,,,
JAK/STAT Signaling,0.757,0.0366,#NUM!,JAK3,NRAS,RAP2A,,,,,,,,,,,,,,,,
Ketogenesis,0.752,0.0909,#NUM!,BDH2,,,,,,,,,,,,,,,,,,
_-glutamyl Cycle,0.752,0.0909,#NUM!,OPLAH,,,,,,,,,,,,,,,,,,
Retinol Biosynthesis,0.745,0.0455,#NUM!,PNPLA2,RDH11,,,,,,,,,,,,,,,,,
G_q Signaling,0.745,0.0294,0,ADRA1B,ELK1,HMOX1,NFKBIA,RHOB,,,,,,,,,,,,,,
Cyclins and Cell Cycle Regulation,0.738,0.0357,#NUM!,CDK2,E2F2,HDAC5,,,,,,,,,,,,,,,,
Dermatan Sulfate Biosynthesis (Late Stages),0.728,0.0444,#NUM!,CHST10,HS3ST3B1,,,,,,,,,,,,,,,,,
Coronavirus Replication Pathway,0.728,0.0444,#NUM!,TUBA8,TUBB,,,,,,,,,,,,,,,,,
Fc_RIIB Signaling in B Lymphocytes,0.726,0.0353,#NUM!,BLNK,NRAS,RAP2A,,,,,,,,,,,,,,,,
Cleavage and Polyadenylation of Pre-mRNA,0.719,0.0833,#NUM!,NUDT21,,,,,,,,,,,,,,,,,,
P2Y Purigenic Receptor Signaling Pathway,0.717,0.031,#NUM!,ATF4,ITGB3,NRAS,RAP2A,,,,,,,,,,,,,,,
IL-23 Signaling Pathway,0.714,0.0435,#NUM!,IL1B,NFKBIA,,,,,,,,,,,,,,,,,
fMLP Signaling in Neutrophils,0.701,0.0305,-2,ELK1,NFKBIA,NRAS,RAP2A,,,,,,,,,,,,,,,
iNOS Signaling,0.699,0.0426,#NUM!,JAK3,NFKBIA,,,,,,,,,,,,,,,,,
Chondroitin Sulfate Biosynthesis (Late Stages),0.699,0.0426,#NUM!,CHST10,HS3ST3B1,,,,,,,,,,,,,,,,,
Erythropoietin Signaling Pathway,0.697,0.0282,-2.236,ELK1,IL1B,NFKBIA,NRAS,RAP2A,,,,,,,,,,,,,,
G_12/13 Signaling,0.686,0.0301,#NUM!,ELK1,NFKBIA,NRAS,RAP2A,,,,,,,,,,,,,,,
Ceramide Signaling,0.678,0.0333,#NUM!,NRAS,RAP2A,SPHK2,,,,,,,,,,,,,,,,
G-Protein Coupled Receptor Signaling,0.672,0.0254,#NUM!,ADRA1B,ATF4,NFKBIA,NRAS,PTH1R,RAP2A,RPS6KA1,,,,,,,,,,,,
"Role of Macrophages, Fibroblasts and Endothelial Cells in Rheumatoid Arthritis",0.67,0.0246,#NUM!,ATF4,ICAM1,IL1B,MAPKAPK2,NFKBIA,NRAS,RAP2A,WNT5B,,,,,,,,,,,
Acute Myeloid Leukemia Signaling,0.668,0.033,#NUM!,ARAF,NRAS,RAP2A,,,,,,,,,,,,,,,,
Role of PKR in Interferon Induction and Antiviral Response,0.664,0.0294,-1,CASP3,IL1B,NFKBIA,TIRAP,,,,,,,,,,,,,,,
Melanoma Signaling,0.66,0.04,#NUM!,NRAS,RAP2A,,,,,,,,,,,,,,,,,
Fatty Acid Activation,0.658,0.0714,#NUM!,SLC27A1,,,,,,,,,,,,,,,,,,
"Phenylalanine Degradation IV (Mammalian, via Side Chain)",0.658,0.0714,#NUM!,GOT1,,,,,,,,,,,,,,,,,,
IL-4 Signaling,0.65,0.0323,#NUM!,JAK3,NRAS,RAP2A,,,,,,,,,,,,,,,,
ERBB Signaling,0.64,0.0319,#NUM!,ELK1,NRAS,RAP2A,,,,,,,,,,,,,,,,
Insulin Receptor Signaling,0.635,0.0286,-1,NRAS,PPP1R10,PTPRF,RAP2A,,,,,,,,,,,,,,,
Choline Biosynthesis III,0.633,0.0667,#NUM!,HMOX1,,,,,,,,,,,,,,,,,,
Death Receptor Signaling,0.623,0.0312,#NUM!,CASP3,NFKBIA,PARP16,,,,,,,,,,,,,,,,
Hereditary Breast Cancer Signaling,0.622,0.0282,#NUM!,HDAC5,NRAS,RAP2A,Ubb,,,,,,,,,,,,,,,
Production of Nitric Oxide and Reactive Oxygen Species in Macrophages,0.611,0.0262,2.236,APOA4,JAK3,NFKBIA,PPP1R10,RHOB,,,,,,,,,,,,,,
Granzyme B Signaling,0.607,0.0625,#NUM!,CASP3,,,,,,,,,,,,,,,,,,
Extrinsic Prothrombin Activation Pathway,0.607,0.0625,#NUM!,PROS1,,,,,,,,,,,,,,,,,,
Chondroitin Sulfate Degradation (Metazoa),0.607,0.0625,#NUM!,HYAL2,,,,,,,,,,,,,,,,,,
Parkinson's Signaling,0.607,0.0625,#NUM!,CASP3,,,,,,,,,,,,,,,,,,
Regulation Of The Epithelial Mesenchymal Transition By Growth Factors Pathway,0.604,0.026,-0.447,ARAF,JAK3,MEST,NRAS,RAP2A,,,,,,,,,,,,,,
Lymphotoxin _ Receptor Signaling,0.6,0.0364,#NUM!,CASP3,NFKBIA,,,,,,,,,,,,,,,,,
Primary Immunodeficiency Signaling,0.6,0.0364,#NUM!,BLNK,JAK3,,,,,,,,,,,,,,,,,
Chondroitin Sulfate Biosynthesis,0.6,0.0364,#NUM!,CHST10,HS3ST3B1,,,,,,,,,,,,,,,,,
VEGF Signaling,0.599,0.0303,#NUM!,ACTN1,NRAS,RAP2A,,,,,,,,,,,,,,,,
CSDE1 Signaling Pathway,0.588,0.0357,#NUM!,AGO1,PTBP1,,,,,,,,,,,,,,,,,
Regulation of the Epithelial-Mesenchymal Transition Pathway,0.587,0.0256,#NUM!,ARAF,JAK3,NRAS,RAP2A,WNT5B,,,,,,,,,,,,,,
Glutaryl-CoA Degradation,0.585,0.0588,#NUM!,HSD17B10,,,,,,,,,,,,,,,,,,
Isoleucine Degradation I,0.585,0.0588,#NUM!,HSD17B10,,,,,,,,,,,,,,,,,,
Dermatan Sulfate Degradation (Metazoa),0.585,0.0588,#NUM!,HYAL2,,,,,,,,,,,,,,,,,,
"D-myo-inositol (1,4,5)-trisphosphate Degradation",0.585,0.0588,#NUM!,IMPA1,,,,,,,,,,,,,,,,,,
Actin Cytoskeleton Signaling,0.582,0.0245,-1,ACTN1,ITGA6,ITGB3,MYH14,NRAS,RAP2A,,,,,,,,,,,,,
CD27 Signaling in Lymphocytes,0.578,0.0351,#NUM!,CASP3,NFKBIA,,,,,,,,,,,,,,,,,
Role of CHK Proteins in Cell Cycle Checkpoint Control,0.578,0.0351,#NUM!,CDK2,E2F2,,,,,,,,,,,,,,,,,
Gap Junction Signaling,0.572,0.0253,#NUM!,CTH,NRAS,RAP2A,TUBA8,TUBB,,,,,,,,,,,,,,
Dermatan Sulfate Biosynthesis,0.567,0.0345,#NUM!,CHST10,HS3ST3B1,,,,,,,,,,,,,,,,,
Differential Regulation of Cytokine Production in Macrophages and T Helper Cells by IL-17A and IL-17F,0.564,0.0556,#NUM!,IL1B,,,,,,,,,,,,,,,,,,
_-linolenate Biosynthesis II (Animals),0.564,0.0556,#NUM!,SLC27A1,,,,,,,,,,,,,,,,,,
Pregnenolone Biosynthesis,0.564,0.0556,#NUM!,CYP4A11,,,,,,,,,,,,,,,,,,
Superpathway of Geranylgeranyldiphosphate Biosynthesis I (via Mevalonate),0.564,0.0556,#NUM!,FDPS,,,,,,,,,,,,,,,,,,
NAD Signaling Pathway,0.562,0.0265,0,EIF2AK3,H1-2,PARP16,SREBF1,,,,,,,,,,,,,,,
Ephrin Receptor Signaling,0.554,0.0249,#NUM!,ATF4,ITGA6,ITGB3,NRAS,RAP2A,,,,,,,,,,,,,,
Kinetochore Metaphase Signaling Pathway,0.553,0.0286,#NUM!,H2AZ1,PPP1R10,SMC3,,,,,,,,,,,,,,,,
Retinoic acid Mediated Apoptosis Signaling,0.547,0.0333,#NUM!,CASP3,PARP16,,,,,,,,,,,,,,,,,
Granzyme A Signaling,0.544,0.0526,#NUM!,H1-2,,,,,,,,,,,,,,,,,,
DNA damage-induced 14-3-3_ Signaling,0.544,0.0526,#NUM!,CDK2,,,,,,,,,,,,,,,,,,
Telomerase Signaling,0.538,0.028,#NUM!,HDAC5,NRAS,RAP2A,,,,,,,,,,,,,,,,
GADD45 Signaling,0.526,0.05,#NUM!,CDK2,,,,,,,,,,,,,,,,,,
The Visual Cycle,0.526,0.05,#NUM!,RDH11,,,,,,,,,,,,,,,,,,
Histidine Degradation VI,0.526,0.05,#NUM!,CYP4A11,,,,,,,,,,,,,,,,,,
Inflammasome pathway,0.526,0.05,#NUM!,IL1B,,,,,,,,,,,,,,,,,,
Thrombopoietin Signaling,0.519,0.0317,#NUM!,NRAS,RAP2A,,,,,,,,,,,,,,,,,
Phagosome Maturation,0.516,0.0252,#NUM!,CTSV,MR1,TUBA8,TUBB,,,,,,,,,,,,,,,
WNT/Ca+ pathway,0.509,0.0312,#NUM!,ATF4,WNT5B,,,,,,,,,,,,,,,,,
Inhibition of ARE-Mediated mRNA Degradation Pathway,0.504,0.0248,1,AGO1,CNOT9,MAPKAPK2,ZFP36L1,,,,,,,,,,,,,,,
Activation of IRF by Cytosolic Pattern Recognition Receptors,0.5,0.0308,#NUM!,NFKBIA,PPIB,,,,,,,,,,,,,,,,,
Induction of Apoptosis by HIV1,0.5,0.0308,#NUM!,CASP3,NFKBIA,,,,,,,,,,,,,,,,,
HOTAIR Regulatory Pathway,0.493,0.0245,1,AGO1,ICAM1,NFKBIA,WNT5B,,,,,,,,,,,,,,,
Pyrimidine Deoxyribonucleotides De Novo Biosynthesis I,0.491,0.0455,#NUM!,NME6,,,,,,,,,,,,,,,,,,
Phospholipases,0.491,0.0303,#NUM!,HMOX1,PLA2G7,,,,,,,,,,,,,,,,,
RHOGDI Signaling,0.487,0.0233,#NUM!,ARHGAP6,ITGA6,ITGB3,MYH14,RHOB,,,,,,,,,,,,,,
IL-17A Signaling in Airway Cells,0.483,0.0299,#NUM!,JAK3,NFKBIA,,,,,,,,,,,,,,,,,
Serotonin Degradation,0.483,0.0299,#NUM!,ADH4,UGT2B28,,,,,,,,,,,,,,,,,
Regulation of Actin-based Motility by Rho,0.478,0.0259,#NUM!,ITGA6,ITGB3,RHOB,,,,,,,,,,,,,,,,
Colorectal Cancer Metastasis Signaling,0.476,0.0223,0.816,CASP3,JAK3,NRAS,RAP2A,RHOB,WNT5B,,,,,,,,,,,,,
Role of Lipids/Lipid Rafts in the Pathogenesis of Influenza,0.475,0.0435,#NUM!,FDPS,,,,,,,,,,,,,,,,,,
Differential Regulation of Cytokine Production in Intestinal Epithelial Cells by IL-17A and IL-17F,0.475,0.0435,#NUM!,IL1B,,,,,,,,,,,,,,,,,,
Ubiquinol-10 Biosynthesis (Eukaryotic),0.475,0.0435,#NUM!,CYP4A11,,,,,,,,,,,,,,,,,,
"Superpathway of D-myo-inositol (1,4,5)-trisphosphate Metabolism",0.475,0.0435,#NUM!,IMPA1,,,,,,,,,,,,,,,,,,
Apelin Cardiac Fibroblast Signaling Pathway,0.475,0.0435,#NUM!,SERPINE1,,,,,,,,,,,,,,,,,,
ERBB4 Signaling,0.474,0.0294,#NUM!,NRAS,RAP2A,,,,,,,,,,,,,,,,,
CXCR4 Signaling,0.472,0.024,-1,ELK1,NRAS,RAP2A,RHOB,,,,,,,,,,,,,,,
MSP-RON Signaling In Macrophages Pathway,0.471,0.0256,#NUM!,ATF4,NRAS,RAP2A,,,,,,,,,,,,,,,,
Phosphatidylglycerol Biosynthesis II (Non-plastidic),0.461,0.0417,#NUM!,PTPMT1,,,,,,,,,,,,,,,,,,
Tryptophan Degradation III (Eukaryotic),0.461,0.0417,#NUM!,HSD17B10,,,,,,,,,,,,,,,,,,
Cardiac Hypertrophy Signaling (Enhanced),0.461,0.0204,-0.333,ADRA1B,ELK1,HDAC5,IL1B,ITGA6,ITGB3,MAPKAPK2,NRAS,RAP2A,TG,WNT5B,,,,,,,,
Breast Cancer Regulation by Stathmin1,0.46,0.0203,-1.732,ADRA1B,ATF4,CDK2,E2F2,GPR155,GPR160,NRAS,PPP1R10,PTH1R,RAP2A,TUBA8,TUBB,,,,,,,
Agrin Interactions at Neuromuscular Junction,0.458,0.0286,#NUM!,NRAS,RAP2A,,,,,,,,,,,,,,,,,
Renin-Angiotensin Signaling,0.453,0.025,#NUM!,ELK1,NRAS,RAP2A,,,,,,,,,,,,,,,,
Protein Ubiquitination Pathway,0.452,0.0218,#NUM!,MR1,Ubb,USP1,USP28,USP45,VHL,,,,,,,,,,,,,
Growth Hormone Signaling,0.45,0.0282,#NUM!,ELK1,RPS6KA1,,,,,,,,,,,,,,,,,
Heparan Sulfate Biosynthesis (Late Stages),0.45,0.0282,#NUM!,CHST10,HS3ST3B1,,,,,,,,,,,,,,,,,
Opioid Signaling Pathway,0.449,0.0217,-2.449,ATF4,ELK1,NFKBIA,NRAS,RAP2A,RPS6KA1,,,,,,,,,,,,,
G_s Signaling,0.447,0.0248,#NUM!,ATF4,ELK1,PTH1R,,,,,,,,,,,,,,,,
"Role of Osteoblasts, Osteoclasts and Chondrocytes in Rheumatoid Arthritis",0.446,0.0223,#NUM!,ALPL,IL1B,ITGB3,NFKBIA,WNT5B,,,,,,,,,,,,,,
Glutathione Redox Reactions I,0.446,0.04,#NUM!,GSTT2/GSTT2B,,,,,,,,,,,,,,,,,,
GDNF Family Ligand-Receptor Interactions,0.413,0.0263,#NUM!,NRAS,RAP2A,,,,,,,,,,,,,,,,,
Heparan Sulfate Biosynthesis,0.399,0.0256,#NUM!,CHST10,HS3ST3B1,,,,,,,,,,,,,,,,,
IL-7 Signaling Pathway,0.399,0.0256,#NUM!,CDK2,JAK3,,,,,,,,,,,,,,,,,
Sirtuin Signaling Pathway,0.391,0.0205,1.342,CPT1A,H1-2,MAP1LC3A,MYCN,SREBF1,TUBA8,,,,,,,,,,,,,
Chemokine Signaling,0.386,0.025,#NUM!,NRAS,RAP2A,,,,,,,,,,,,,,,,,
IL-17 Signaling,0.381,0.0214,-1,ELK1,IL1B,NRAS,RAP2A,,,,,,,,,,,,,,,
GNRH Signaling,0.377,0.0213,-2,ATF4,ELK1,NRAS,RAP2A,,,,,,,,,,,,,,,
STAT3 Pathway,0.374,0.0222,#NUM!,IL1B,NRAS,RAP2A,,,,,,,,,,,,,,,,
Adipogenesis pathway,0.374,0.0222,#NUM!,HDAC5,RPS6KA1,SREBF1,,,,,,,,,,,,,,,,
Ethanol Degradation II,0.364,0.0312,#NUM!,ADH4,,,,,,,,,,,,,,,,,,
VEGF Family Ligand-Receptor Interactions,0.362,0.0238,#NUM!,NRAS,RAP2A,,,,,,,,,,,,,,,,,
FGF Signaling,0.362,0.0238,#NUM!,ATF4,MAPKAPK2,,,,,,,,,,,,,,,,,
BAG2 Signaling Pathway,0.362,0.0238,#NUM!,CASP3,MAPKAPK2,,,,,,,,,,,,,,,,,
Glucocorticoid Receptor Signaling,0.355,0.0189,#NUM!,ELK1,G6PC1,ICAM1,IL1B,JAK3,NFKBIA,NRAS,PC,RAP2A,SERPINE1,TAF2,,,,,,,,
Circadian Rhythm Signaling,0.354,0.0303,#NUM!,ATF4,,,,,,,,,,,,,,,,,,
Synaptic Long Term Depression,0.353,0.0206,#NUM!,CTH,NRAS,PLA2G7,RAP2A,,,,,,,,,,,,,,,
Hepatic Fibrosis / Hepatic Stellate Cell Activation,0.353,0.0206,#NUM!,ICAM1,IL1B,MYH14,SERPINE1,,,,,,,,,,,,,,,
Prolactin Signaling,0.35,0.0233,#NUM!,NRAS,RAP2A,,,,,,,,,,,,,,,,,
4-1BB Signaling in T Lymphocytes,0.344,0.0294,#NUM!,NFKBIA,,,,,,,,,,,,,,,,,,
Inhibition of Angiogenesis by TSP1,0.344,0.0294,#NUM!,CASP3,,,,,,,,,,,,,,,,,,
BMP signaling pathway,0.344,0.023,#NUM!,NRAS,RAP2A,,,,,,,,,,,,,,,,,
Endocannabinoid Cancer Inhibition Pathway,0.337,0.021,#NUM!,ATF4,CASP3,TRIB3,,,,,,,,,,,,,,,,
Noradrenaline and Adrenaline Degradation,0.335,0.0286,#NUM!,ADH4,,,,,,,,,,,,,,,,,,
MIF-mediated Glucocorticoid Regulation,0.326,0.0278,#NUM!,NFKBIA,,,,,,,,,,,,,,,,,,
RANK Signaling in Osteoclasts,0.322,0.022,#NUM!,ELK1,NFKBIA,,,,,,,,,,,,,,,,,
Complement System,0.318,0.027,#NUM!,MBL2,,,,,,,,,,,,,,,,,,
Corticotropin Releasing Hormone Signaling,0.312,0.0201,#NUM!,ATF4,CTH,ELK1,,,,,,,,,,,,,,,,
IL-17A Signaling in Fibroblasts,0.31,0.0263,#NUM!,NFKBIA,,,,,,,,,,,,,,,,,,
Thyroid Hormone Metabolism II (via Conjugation and/or Degradation),0.31,0.0263,#NUM!,UGT2B28,,,,,,,,,,,,,,,,,,
Semaphorin Neuronal Repulsive Signaling Pathway,0.305,0.0199,#NUM!,ITGA6,ITGB3,SMC3,,,,,,,,,,,,,,,,
Antigen Presentation Pathway,0.302,0.0256,#NUM!,MR1,,,,,,,,,,,,,,,,,,
Relaxin Signaling,0.297,0.0196,#NUM!,CTH,ELK1,NFKBIA,,,,,,,,,,,,,,,,
Thrombin Signaling,0.297,0.019,-1,ELK1,NRAS,RAP2A,RHOB,,,,,,,,,,,,,,,
Signaling by Rho Family GTPases,0.294,0.0187,#NUM!,ELK1,ITGA6,ITGB3,RHOB,SEPTIN10,,,,,,,,,,,,,,
p53 Signaling,0.288,0.0204,#NUM!,CDK2,TIGAR,,,,,,,,,,,,,,,,,
Mechanisms of Viral Exit from Host Cells,0.287,0.0244,#NUM!,XPO1,,,,,,,,,,,,,,,,,,
Agranulocyte Adhesion and Diapedesis,0.285,0.0187,#NUM!,ICAM1,IL1B,ITGA6,MYH14,,,,,,,,,,,,,,,
Epithelial Adherens Junction Signaling,0.282,0.0191,#NUM!,NRAS,RAP2A,ZBTB33,,,,,,,,,,,,,,,,
Intrinsic Prothrombin Activation Pathway,0.28,0.0238,#NUM!,PROS1,,,,,,,,,,,,,,,,,,
Calcium Signaling,0.278,0.0185,#NUM!,ATF4,HDAC5,MYH14,RAP2A,,,,,,,,,,,,,,,
MIF Regulation of Innate Immunity,0.267,0.0227,#NUM!,NFKBIA,,,,,,,,,,,,,,,,,,
Sumoylation Pathway,0.266,0.0194,#NUM!,NFKBIA,RHOB,,,,,,,,,,,,,,,,,
Role of RIG1-like Receptors in Antiviral Innate Immunity,0.254,0.0217,#NUM!,NFKBIA,,,,,,,,,,,,,,,,,,
Role of OCT4 in Mammalian Embryonic Stem Cell Pluripotency,0.254,0.0217,#NUM!,PCGF6,,,,,,,,,,,,,,,,,,
Apelin Pancreas Signaling Pathway,0.254,0.0217,#NUM!,EIF2AK3,,,,,,,,,,,,,,,,,,
PFKFB4 Signaling Pathway,0.254,0.0217,#NUM!,ATF4,,,,,,,,,,,,,,,,,,
_-Adrenergic Signaling,0.253,0.0189,#NUM!,NRAS,RAP2A,,,,,,,,,,,,,,,,,
MYC Mediated Apoptosis Signaling,0.231,0.02,#NUM!,CASP3,,,,,,,,,,,,,,,,,,
Assembly of RNA Polymerase II Complex,0.231,0.02,#NUM!,TAF2,,,,,,,,,,,,,,,,,,
Triacylglycerol Degradation,0.231,0.02,#NUM!,PNPLA2,,,,,,,,,,,,,,,,,,
FAT10 Cancer Signaling Pathway,0.231,0.02,#NUM!,NFKBIA,,,,,,,,,,,,,,,,,,
Role of Cytokines in Mediating Communication between Immune Cells,0.21,0.0185,#NUM!,IL1B,,,,,,,,,,,,,,,,,,
EGF Signaling,0.206,0.0182,#NUM!,ELK1,,,,,,,,,,,,,,,,,,
Cell Cycle Control of Chromosomal Replication,0.201,0.0179,#NUM!,CDK2,,,,,,,,,,,,,,,,,,
Dilated Cardiomyopathy Signaling Pathway,0,0.00685,#NUM!,MYH14,,,,,,,,,,,,,,,,,,
Natural Killer Cell Signaling,0,0.0151,#NUM!,JAK3,NRAS,RAP2A,,,,,,,,,,,,,,,,
Leukocyte Extravasation Signaling,0,0.0155,#NUM!,ACTN1,ARHGAP6,ICAM1,,,,,,,,,,,,,,,,
Axonal Guidance Signaling,0,0.0158,#NUM!,ITGA6,ITGB3,NRAS,RAP2A,SHANK2,TUBA8,TUBB,WNT5B,,,,,,,,,,,
Amyotrophic Lateral Sclerosis Signaling,0,0.0087,#NUM!,CASP3,,,,,,,,,,,,,,,,,,
Fc Epsilon RI Signaling,0,0.0169,#NUM!,NRAS,RAP2A,,,,,,,,,,,,,,,,,
Huntington's Disease Signaling,0,0.0142,#NUM!,ATF4,CASP3,HDAC5,Ubb,,,,,,,,,,,,,,,
VDR/RXR Activation,0,0.0128,#NUM!,KLF4,,,,,,,,,,,,,,,,,,
Tight Junction Signaling,0,0.0112,#NUM!,MYH14,NUDT21,,,,,,,,,,,,,,,,,
Role of BRCA1 in DNA Damage Response,0,0.0125,#NUM!,E2F2,,,,,,,,,,,,,,,,,,
Clathrin-mediated Endocytosis Signaling,0,0.0155,#NUM!,APOA4,ITGB3,Ubb,,,,,,,,,,,,,,,,
Fc_ Receptor-mediated Phagocytosis in Macrophages and Monocytes,0,0.0106,#NUM!,HMOX1,,,,,,,,,,,,,,,,,,
IL-12 Signaling and Production in Macrophages,0,0.0147,#NUM!,APOA4,NFKBIA,,,,,,,,,,,,,,,,,
Role of Pattern Recognition Receptors in Recognition of Bacteria and Viruses,0,0.0128,#NUM!,IL1B,MBL2,,,,,,,,,,,,,,,,,
Role of NFAT in Regulation of the Immune Response,0,0.00849,#NUM!,BLNK,NFKBIA,NRAS,RAP2A,XPO1,,,,,,,,,,,,,,
Cytotoxic T Lymphocyte-mediated Apoptosis of Target Cells,0,0.00471,#NUM!,CASP3,MR1,,,,,,,,,,,,,,,,,
Airway Pathology in Chronic Obstructive Pulmonary Disease,0,0.00847,#NUM!,IL1B,,,,,,,,,,,,,,,,,,
CTLA4 Signaling in Cytotoxic T Lymphocytes,0,0.00209,#NUM!,MR1,,,,,,,,,,,,,,,,,,
IL-15 Production,0,0.0163,#NUM!,CLK1,JAK3,,,,,,,,,,,,,,,,,
CCR3 Signaling in Eosinophils,0,0.0148,#NUM!,NRAS,RAP2A,,,,,,,,,,,,,,,,,
CD28 Signaling in T Helper Cells,0,0.00193,#NUM!,NFKBIA,,,,,,,,,,,,,,,,,,
IL-15 Signaling,0,0.00568,#NUM!,JAK3,NRAS,RAP2A,,,,,,,,,,,,,,,,
Dendritic Cell Maturation,0,0.0102,0.816,ATF4,CD83,ICAM1,IL1B,MR1,NFKBIA,,,,,,,,,,,,,
Melatonin Signaling,0,0.0139,#NUM!,ARAF,,,,,,,,,,,,,,,,,,
Cellular Effects of Sildenafil (Viagra),0,0.00671,#NUM!,MYH14,,,,,,,,,,,,,,,,,,
Neuropathic Pain Signaling In Dorsal Horn Neurons,0,0.0099,#NUM!,ELK1,,,,,,,,,,,,,,,,,,
Factors Promoting Cardiogenesis in Vertebrates,0,0.0132,#NUM!,ATF4,WNT5B,,,,,,,,,,,,,,,,,
Semaphorin Signaling in Neurons,0,0.0161,#NUM!,RHOB,,,,,,,,,,,,,,,,,,
ICOS-ICOSL Signaling in T Helper Cells,0,0.00197,#NUM!,NFKBIA,,,,,,,,,,,,,,,,,,
Mitotic Roles of Polo-Like Kinase,0,0.0152,#NUM!,SMC3,,,,,,,,,,,,,,,,,,
Human Embryonic Stem Cell Pluripotency,0,0.00602,#NUM!,WNT5B,,,,,,,,,,,,,,,,,,
Androgen Signaling,0,0.00592,#NUM!,TAF2,,,,,,,,,,,,,,,,,,
CREB Signaling in Neurons,0,0.015,-2.333,ADRA1B,ATF4,ELK1,GPR155,GPR160,NRAS,PTH1R,RAP2A,RPS6KA1,,,,,,,,,,
Type I Diabetes Mellitus Signaling,0,0.00589,#NUM!,CASP3,IL1B,NFKBIA,,,,,,,,,,,,,,,,
Basal Cell Carcinoma Signaling,0,0.0139,#NUM!,WNT5B,,,,,,,,,,,,,,,,,,
Autoimmune Thyroid Disease Signaling,0,0.00221,#NUM!,TG,,,,,,,,,,,,,,,,,,
Graft-versus-Host Disease Signaling,0,0.00224,#NUM!,IL1B,,,,,,,,,,,,,,,,,,
Type II Diabetes Mellitus Signaling,0,0.0132,#NUM!,NFKBIA,SLC27A1,,,,,,,,,,,,,,,,,
p70S6K Signaling,0,0.0152,#NUM!,NRAS,RAP2A,,,,,,,,,,,,,,,,,
G Beta Gamma Signaling,0,0.0155,#NUM!,NRAS,RAP2A,,,,,,,,,,,,,,,,,
Communication between Innate and Adaptive Immune Cells,0,0.00323,#NUM!,CD83,IL1B,MR1,,,,,,,,,,,,,,,,
Sphingosine-1-phosphate Signaling,0,0.0169,#NUM!,CASP3,RHOB,,,,,,,,,,,,,,,,,
Crosstalk between Dendritic Cells and Natural Killer Cells,0,0.011,#NUM!,CD83,,,,,,,,,,,,,,,,,,
Systemic Lupus Erythematosus Signaling,0,0.00644,#NUM!,IL1B,NRAS,PRPF4,RAP2A,,,,,,,,,,,,,,,
CDC42 Signaling,0,0.00348,#NUM!,ITGA6,ITGB3,,,,,,,,,,,,,,,,,
AMPK Signaling,0,0.0124,#NUM!,ADRA1B,ATF4,CPT1A,,,,,,,,,,,,,,,,
RHOA Signaling,0,0.0161,#NUM!,ARHGAP6,SEPTIN10,,,,,,,,,,,,,,,,,
Phospholipase C Signaling,0,0.0134,0,ATF4,BLNK,HDAC5,HMOX1,ITGA6,ITGB3,NRAS,RAP2A,RHOB,,,,,,,,,,
Altered T Cell and B Cell Signaling in Rheumatoid Arthritis,0,0.00203,#NUM!,IL1B,,,,,,,,,,,,,,,,,,
Role of NFAT in Cardiac Hypertrophy,0,0.0136,#NUM!,HDAC5,NRAS,RAP2A,,,,,,,,,,,,,,,,
IL-1 Signaling,0,0.0106,#NUM!,NFKBIA,,,,,,,,,,,,,,,,,,
Regulation of IL-2 Expression in Activated and Anergic T Lymphocytes,0,0.00868,-1,ELK1,NFKBIA,NRAS,RAP2A,,,,,,,,,,,,,,,
Role of WNT/GSK-3_ Signaling in the Pathogenesis of Influenza,0,0.0128,#NUM!,WNT5B,,,,,,,,,,,,,,,,,,
NUR77 Signaling in T Lymphocytes,0,0.00195,#NUM!,CASP3,,,,,,,,,,,,,,,,,,
PKC_ Signaling in T Lymphocytes,0,0.00538,#NUM!,NFKBIA,NRAS,RAP2A,,,,,,,,,,,,,,,,
Role of PI3K/AKT Signaling in the Pathogenesis of Influenza,0,0.0152,#NUM!,NFKBIA,,,,,,,,,,,,,,,,,,
Role of Hypercytokinemia/hyperchemokinemia in the Pathogenesis of Influenza,0,0.0116,#NUM!,IL1B,,,,,,,,,,,,,,,,,,
Antiproliferative Role of TOB in T Cell Signaling,0,0.00469,#NUM!,CDK2,RPS6KA1,,,,,,,,,,,,,,,,,
OX40 Signaling Pathway,0,0.00209,#NUM!,NFKBIA,,,,,,,,,,,,,,,,,,
Dopamine-DARPP32 Feedback in cAMP Signaling,0,0.011,#NUM!,ATF4,PPP1R10,,,,,,,,,,,,,,,,,
eNOS Signaling,0,0.0126,#NUM!,AQP8,CASP3,,,,,,,,,,,,,,,,,
G_i Signaling,0,0.0145,#NUM!,NRAS,RAP2A,,,,,,,,,,,,,,,,,
Granulocyte Adhesion and Diapedesis,0,0.0106,#NUM!,ICAM1,IL1B,,,,,,,,,,,,,,,,,
Sperm Motility,0,0.0118,#NUM!,CLK1,JAK3,PLA2G7,,,,,,,,,,,,,,,,
TEC Kinase Signaling,0,0.00691,#NUM!,ITGA6,ITGB3,JAK3,RHOB,,,,,,,,,,,,,,,
Oxidative Phosphorylation,0,0.00909,#NUM!,CYB5B,,,,,,,,,,,,,,,,,,
HIPPO signaling,0,0.0118,#NUM!,PPP1R10,,,,,,,,,,,,,,,,,,
PCP (Planar Cell Polarity) Pathway,0,0.0167,#NUM!,WNT5B,,,,,,,,,,,,,,,,,,
Estrogen Receptor Signaling,0,0.0149,-0.816,ATF4,JAK3,MED17,NR0B2,NRAS,RAP2A,,,,,,,,,,,,,
SAPK/JNK Signaling,0,0.00598,#NUM!,ELK1,NRAS,RAP2A,,,,,,,,,,,,,,,,
Cardiac _-adrenergic Signaling,0,0.0115,#NUM!,AKAP8,PPP1R10,,,,,,,,,,,,,,,,,
GABA Receptor Signaling,0,0.0153,#NUM!,SLC6A13,Ubb,,,,,,,,,,,,,,,,,
B Cell Receptor Signaling,0,0.00954,-0.816,ATF4,BLNK,ELK1,NFKBIA,NRAS,RAP2A,,,,,,,,,,,,,
WNT/_-catenin Signaling,0,0.0173,#NUM!,TLE3,Ubb,WNT5B,,,,,,,,,,,,,,,,
Dopamine Receptor Signaling,0,0.013,#NUM!,PPP1R10,,,,,,,,,,,,,,,,,,
cAMP-mediated signaling,0,0.0175,#NUM!,AKAP8,ATF4,PTH1R,RPS6KA1,,,,,,,,,,,,,,,
Glutamate Receptor Signaling,0,0.0152,#NUM!,HOMER2,,,,,,,,,,,,,,,,,,
NF-_B Signaling,0,0.0123,-1.134,ARAF,IL1B,NFKBIA,NRAS,RAP2A,TIRAP,TNFAIP3,,,,,,,,,,,,
T Cell Receptor Signaling,0,0.00814,-2,ELK1,ICAM1,NFKBIA,NRAS,RAP2A,,,,,,,,,,,,,,
Phagosome Formation,0,0.0174,0,ADRA1B,GPR155,GPR160,HMOX1,ITGA6,ITGB3,MYH14,NRAS,PLA2G7,PTH1R,RAP2A,SPHK2,,,,,,,
Autophagy,0,0.0141,#NUM!,ATF4,EIF2AK3,MAP1LC3A,,,,,,,,,,,,,,,,
Th1 and Th2 Activation Pathway,0,0.0116,#NUM!,ICAM1,JAK3,,,,,,,,,,,,,,,,,
Th1 Pathway,0,0.0164,#NUM!,ICAM1,JAK3,,,,,,,,,,,,,,,,,
Th2 Pathway,0,0.0146,#NUM!,ICAM1,JAK3,,,,,,,,,,,,,,,,,
GP6 Signaling Pathway,0,0.0157,#NUM!,ITGB3,LAMB3,,,,,,,,,,,,,,,,,
Th17 Activation Pathway,0,0.00413,#NUM!,IL1B,JAK3,,,,,,,,,,,,,,,,,
Apelin Adipocyte Signaling Pathway,0,0.0116,#NUM!,GSTT2/GSTT2B,,,,,,,,,,,,,,,,,,
T Cell Exhaustion Signaling Pathway,0,0.0053,#NUM!,JAK3,NRAS,RAP2A,,,,,,,,,,,,,,,,
Synaptogenesis Signaling Pathway,0,0.016,-1.342,ATF4,CNTNAP1,EIF4EBP3,NRAS,RAP2A,,,,,,,,,,,,,,
Systemic Lupus Erythematosus In T Cell Signaling Pathway,0,0.00782,2.236,ATF4,CASP3,NRAS,RAP2A,RHOB,,,,,,,,,,,,,,
Systemic Lupus Erythematosus In B Cell Signaling Pathway,0,0.00553,0,BLNK,IL1B,NRAS,RAP2A,,,,,,,,,,,,,,,
White Adipose Tissue Browning Pathway,0,0.0147,#NUM!,ATF4,HIF1AN,,,,,,,,,,,,,,,,,
BEX2 Signaling Pathway,0,0.0123,#NUM!,NFKBIA,,,,,,,,,,,,,,,,,,
Regulation Of The Epithelial Mesenchymal Transition In Development Pathway,0,0.0115,#NUM!,WNT5B,,,,,,,,,,,,,,,,,,
Eicosanoid Signaling,0,0.0149,#NUM!,PLA2G7,,,,,,,,,,,,,,,,,,