Ingenuity Canonical Pathways, -log(p-value),Ratio,z-score,Molecules,,,,,,,,,,,,,,,,,,,,,,,,,,,,,,,,,
PI3K Signaling in B Lymphocytes,6.17,0.126,1.213,AKT3,ATF6B,BLNK,BTK,Calm1 (includes others),CAMK2A,CD19,CD79A,CD79B,HRAS,IKBKE,IL4R,INPP5D,NFKBIA,NFKBIE,PLCD4,PTPRC,RALA,,,,,,,,,,,,,,,,
Autophagy,5.33,0.0986,0.218,AKT3,ATG13,ATG14,Calm1 (includes others),DAPK1,DAPK2,E2F1,FGF2,FUNDC1,GABARAPL1,KAT5,PPM1L,PPP2R3A,PRKACA,PRKAG3,RALA,SESN1,TBK1,TGFB2,TNFRSF1B,ULK1,,,,,,,,,,,,,
Primary Immunodeficiency Signaling,5.11,0.182,#NUM!,BLNK,BTK,CD19,CD4,CD79A,CIITA,ICOS,IL7R,PTPRC,TNFRSF13B,,,,,,,,,,,,,,,,,,,,,,,,
Senescence Pathway,5,0.0842,-1.091,ACVR2B,AKT3,CACNB1,CACNG6,Calm1 (includes others),CAPN3,CAPN6,CCND3,CDC26,E2F1,EIF4EBP1,ELF1,GADD45A,GADD45G,HRAS,IKBKE,MAP2K6,PDK4,PPM1L,PPP2R3A,RALA,RPS6KA5,SMAD3,TBK1,TGFB2,,,,,,,,,
D-myo-inositol-5-phosphate Metabolism,4.91,0.099,-0.775,DUSP10,DUSP14,DUSP4,INPP5D,ITPK1,MTMR4,NUDT3,NUDT4,PIP4P1,PLCD4,PLPP7,PPM1H,PPM1L,PPP1R14C,PPP2R3A,PPTC7,PTPN1,PTPRC,STYX,,,,,,,,,,,,,,,
FAT10 Cancer Signaling Pathway,4.62,0.18,0.707,ACVR2B,AKT3,EEF1A1,IKBKE,NFKBIA,NFKBIE,SMAD3,TGFB2,TNFRSF1B,,,,,,,,,,,,,,,,,,,,,,,,,
3-phosphoinositide Degradation,4.49,0.0957,-0.258,DUSP10,DUSP14,DUSP4,INPP5D,ITPK1,MTMR4,NUDT3,NUDT4,PIP4P1,PLPP7,PPM1H,PPM1L,PPP1R14C,PPP2R3A,PPTC7,PTPN1,PTPRC,STYX,,,,,,,,,,,,,,,,
PPAR_/RXR_ Activation,4.34,0.0933,0,ACVR2B,ADCY5,CYP2C8,GHR,HRAS,IKBKE,MAP2K6,MAP3K14,MEF2C,NFKBIA,NFKBIE,PLCD4,PRKACA,PRKAG3,RALA,SHC1,SMAD3,TGFB2,,,,,,,,,,,,,,,,
"D-myo-inositol (1,4,5,6)-Tetrakisphosphate Biosynthesis",4.32,0.0966,-0.832,DUSP10,DUSP14,DUSP4,INPP5D,ITPK1,MTMR4,NUDT3,NUDT4,PLPP7,PPM1H,PPM1L,PPP1R14C,PPP2R3A,PPTC7,PTPN1,PTPRC,STYX,,,,,,,,,,,,,,,,,
"D-myo-inositol (3,4,5,6)-tetrakisphosphate Biosynthesis",4.32,0.0966,-0.832,DUSP10,DUSP14,DUSP4,INPP5D,ITPK1,MTMR4,NUDT3,NUDT4,PLPP7,PPM1H,PPM1L,PPP1R14C,PPP2R3A,PPTC7,PTPN1,PTPRC,STYX,,,,,,,,,,,,,,,,,
Fc_RIIB Signaling in B Lymphocytes,4.12,0.129,0.707,BLNK,BTK,CACNA1I,CACNB1,CACNG6,CD79A,CD79B,HRAS,INPP5D,RALA,SHC1,,,,,,,,,,,,,,,,,,,,,,,
Cardiac Hypertrophy Signaling (Enhanced),3.92,0.0632,-1.257,ACVR2B,ADCY5,AKT3,CACNB1,CACNG6,Calm1 (includes others),CAMK2A,CSF2RB,EIF4EBP1,FGF2,FGF6,GHR,HDAC2,HRAS,HSPB1,IKBKE,IL2RB,IL4R,IL7R,ITGB6,MAP2K6,MAP3K14,MAP3K4,MAP3K6,MEF2C,PDE4A,PDE7B,PLCD4,PRKACA,RALA,RPS6KA5,TGFB2,TNFRSF1B,WNT5A
Production of Nitric Oxide and Reactive Oxygen Species in Macrophages,3.88,0.089,3.5,AKT3,APOD,IFNGR1,IKBKE,LYZ,MAP3K14,MAP3K4,MAP3K6,NFKBIA,NFKBIE,PPM1L,PPP1R14C,PPP2R3A,RHOB,RHOBTB1,RHOH,TNFRSF1B,,,,,,,,,,,,,,,,,
Superpathway of Inositol Phosphate Compounds,3.79,0.0819,-0.5,DUSP10,DUSP14,DUSP4,INPP5D,ITPK1,MTMR4,NUDT3,NUDT4,PIP4P1,PLCD4,PLPP7,PPM1H,PPM1L,PPP1R14C,PPP2R3A,PPTC7,PTPN1,PTPRC,STYX,,,,,,,,,,,,,,,
PI3K/AKT Signaling,3.67,0.0854,1.265,AKT3,CSF2RB,EIF4EBP1,GHR,HRAS,IKBKE,IL2RB,IL4R,IL7R,INPP5D,ITGB6,NFKBIA,NFKBIE,PPM1L,PPP2R3A,RALA,SHC1,,,,,,,,,,,,,,,,,
3-phosphoinositide Biosynthesis,3.59,0.0842,-0.832,DUSP10,DUSP14,DUSP4,INPP5D,ITPK1,MTMR4,NUDT3,NUDT4,PLPP7,PPM1H,PPM1L,PPP1R14C,PPP2R3A,PPTC7,PTPN1,PTPRC,STYX,,,,,,,,,,,,,,,,,
p70S6K Signaling,3.53,0.0985,1.941,AKT3,BTK,CD19,CD79A,CD79B,EEF2K,HRAS,IL4R,PLCD4,PPM1L,PPP2R3A,RALA,SHC1,,,,,,,,,,,,,,,,,,,,,
B Cell Development,3.43,0.163,#NUM!,CD19,CD79A,CD79B,HLA-A,HLA-DOB,IL7R,PTPRC,,,,,,,,,,,,,,,,,,,,,,,,,,,
mTOR Signaling,3.37,0.0806,0.277,AKT3,ATG13,DDIT4,EIF4A1,EIF4EBP1,HMOX1,HRAS,PPM1L,PPP2R3A,PRKAG3,RALA,RHOB,RHOBTB1,RHOH,RPS6KA2,RPS6KA5,ULK1,,,,,,,,,,,,,,,,,
TNFR2 Signaling,3.35,0.188,2.449,IKBKE,MAP3K14,NFKBIA,NFKBIE,TBK1,TNFRSF1B,,,,,,,,,,,,,,,,,,,,,,,,,,,,
Iron homeostasis signaling pathway,3.31,0.0935,#NUM!,ATP6AP2,ATP6V1A,ATP6V1H,BMPR1A,ERFE,FTL,HEPH,HJV,HMOX1,SLC39A14,SMAD3,STEAP3,TFRC,,,,,,,,,,,,,,,,,,,,,
NRF2-mediated Oxidative Stress Response,3.25,0.0763,1.732,CYP2C8,DNAJB1,DNAJB13,DNAJB5,ENC1,FTL,GCLM,HACD3,HMOX1,HRAS,MAF,MAFF,MAFG,MAFK,MAP2K6,NQO2,RALA,USP14,,,,,,,,,,,,,,,,
RANK Signaling in Osteoclasts,3.21,0.11,0.707,AKT3,Calm1 (includes others),IKBKE,MAP2K6,MAP3K14,MAP3K4,MAP3K6,NFKBIA,NFKBIE,PTK2B,,,,,,,,,,,,,,,,,,,,,,,,
IL-4 Signaling,3.14,0.108,#NUM!,AKT3,HLA-A,HLA-DOB,HRAS,IL4R,INPP5D,IRF4,NR3C2,RALA,SHC1,,,,,,,,,,,,,,,,,,,,,,,,
Small Cell Lung Cancer Signaling,3.03,0.104,#NUM!,AKT3,CCND3,E2F1,HDAC2,IKBKE,NFKBIA,NFKBIE,NOS1,RARB,RXRG,,,,,,,,,,,,,,,,,,,,,,,,
Protein Kinase A Signaling,2.94,0.0622,-1.091,ADCY5,AKAP6,Calm1 (includes others),CAMK2A,CDC26,DUSP10,DUSP4,EYA1,H1-2,H3-3A/H3-3B,NFKBIA,NFKBIE,PDE4A,PDE7B,PHKA2,PLCD4,PPP1R14C,PRKACA,PTK2B,PTPN1,PTPN3,PTPRC,SMAD3,Tcf7,TGFB2,,,,,,,,,
p38 MAPK Signaling,2.87,0.0932,0.632,DUSP10,EEF2K,H3-3A/H3-3B,HSPB1,MAP2K6,MAP4K1,MEF2C,RPS6KA2,RPS6KA5,TGFB2,TNFRSF1B,,,,,,,,,,,,,,,,,,,,,,,
ERK/MAPK Signaling,2.86,0.0748,0.258,DUSP4,EIF4EBP1,ELF1,ESR1,H3-3A/H3-3B,HRAS,HSPB1,ITGB6,PPM1L,PPP1R14C,PPP2R3A,PRKACA,PTK2B,RALA,RPS6KA5,SHC1,,,,,,,,,,,,,,,,,,
Role of JAK1 and JAK3 in _c Cytokine Signaling,2.83,0.116,#NUM!,BLNK,HRAS,IL2RB,IL4R,IL7R,PTK2B,RALA,SHC1,,,,,,,,,,,,,,,,,,,,,,,,,,
Cardiac Hypertrophy Signaling,2.8,0.0698,-0.775,ADCY5,CACNB1,CACNG6,Calm1 (includes others),HRAS,HSPB1,MAP2K6,MAP3K14,MAP3K4,MAP3K6,MEF2C,PLCD4,PRKACA,RALA,RHOB,RHOBTB1,RHOH,TGFB2,,,,,,,,,,,,,,,,
Role of NFAT in Cardiac Hypertrophy,2.74,0.0727,-1.807,ADCY5,AKT3,CACNA1I,CACNB1,CACNG6,Calm1 (includes others),CAMK2A,HDAC2,HRAS,MAP2K6,MEF2C,PLCD4,PRKACA,RALA,SHC1,TGFB2,,,,,,,,,,,,,,,,,,
Xenobiotic Metabolism General Signaling Pathway,2.69,0.0839,0,ABCA2,AKT3,FTL,HMOX1,HRAS,MAF,MAP2K6,MAP3K14,MAP3K4,MAP3K6,NQO2,RALA,,,,,,,,,,,,,,,,,,,,,,
CD27 Signaling in Lymphocytes,2.68,0.123,0.447,IKBKE,MAP2K6,MAP3K14,MAP3K4,MAP3K6,NFKBIA,NFKBIE,,,,,,,,,,,,,,,,,,,,,,,,,,,
Telomerase Signaling,2.67,0.0935,1.414,AKT3,E2F1,ELF1,HDAC2,HRAS,IL2RB,PPM1L,PPP2R3A,RALA,SHC1,,,,,,,,,,,,,,,,,,,,,,,,
Xenobiotic Metabolism Signaling,2.65,0.066,#NUM!,CAMK2A,CYP1B1,CYP2C8,FMO2,FTL,HMOX1,HRAS,HS2ST1,HS3ST5,MAF,MAP2K6,MAP3K14,MAP3K4,MAP3K6,NQO2,NRIP1,PPM1L,PPP2R3A,RALA,,,,,,,,,,,,,,,
IL-6 Signaling,2.59,0.0859,1.508,AKT3,HRAS,HSPB1,IKBKE,MAP2K6,MAP3K14,NFKBIA,NFKBIE,RALA,SHC1,TNFRSF1B,,,,,,,,,,,,,,,,,,,,,,,
GNRH Signaling,2.56,0.0745,-0.632,ADCY5,CACNA1I,CACNB1,CACNG6,Calm1 (includes others),CAMK2A,HRAS,MAP2K6,MAP3K14,MAP3K4,MAP3K6,PRKACA,PTK2B,RALA,,,,,,,,,,,,,,,,,,,,
PFKFB4 Signaling Pathway,2.5,0.13,-2.449,FGF2,GCK,MAP2K6,PRKACA,RPS6KA5,TGFB2,,,,,,,,,,,,,,,,,,,,,,,,,,,,
Germ Cell-Sertoli Cell Junction Signaling,2.49,0.076,#NUM!,HRAS,MAP2K6,MAP3K14,MAP3K4,MAP3K6,NECTIN2,RALA,RHOB,RHOBTB1,RHOH,TGFB2,TUBB,ZYX,,,,,,,,,,,,,,,,,,,,,
GADD45 Signaling,2.49,0.2,#NUM!,CCND3,GADD45A,GADD45G,MAP3K4,,,,,,,,,,,,,,,,,,,,,,,,,,,,,,
NF-_B Activation by Viruses,2.49,0.103,1.414,AKT3,CD4,HRAS,IKBKE,MAP3K14,NFKBIA,NFKBIE,RALA,,,,,,,,,,,,,,,,,,,,,,,,,,
Type II Diabetes Mellitus Signaling,2.47,0.0789,1.89,ACSL6,AKT3,CACNA1I,CACNB1,CACNG6,GCK,IKBKE,MAP3K14,NFKBIA,NFKBIE,PRKAG3,TNFRSF1B,,,,,,,,,,,,,,,,,,,,,,
TGF-_ Signaling,2.46,0.0938,-1.667,ACVR2B,BMPR1A,HRAS,MAP2K6,MAP4K1,RALA,SMAD3,TGFB2,TGIF1,,,,,,,,,,,,,,,,,,,,,,,,,
G_12/13 Signaling,2.46,0.0827,1,AKT3,BTK,CDH4,HRAS,IKBKE,MEF2C,NFKBIA,NFKBIE,PTK2B,RALA,TEC,,,,,,,,,,,,,,,,,,,,,,,
Glucocorticoid Receptor Signaling,2.45,0.0534,#NUM!,AKT3,CEBPA,CSF2RB,ESR1,GHR,GTF2B,H3-3A/H3-3B,HLA-A,HLA-DOB,HRAS,IKBKE,IL2RB,IL4R,IL7R,MAP3K14,NFKBIA,NFKBIE,NR3C2,NRIP1,PDK4,PRKACA,PRKAG3,RALA,RARB,RPS6KA5,RXRG,SHC1,SMAD3,TAF7,TGFB2,UBE2I,,,
WNT/_-catenin Signaling,2.45,0.0751,1.508,ACVR2B,AKT3,MAP4K1,PPM1L,PPP2R3A,RARB,SOX18,SOX6,Tcf7,TGFB2,TLE3,UBC,WNT5A,,,,,,,,,,,,,,,,,,,,,
FLT3 Signaling in Hematopoietic Progenitor Cells,2.42,0.1,-1.414,AKT3,EIF4EBP1,HRAS,INPP5D,RALA,RPS6KA2,RPS6KA5,SHC1,,,,,,,,,,,,,,,,,,,,,,,,,,
nNOS Signaling in Skeletal Muscle Cells,2.41,0.125,#NUM!,CACNA1I,CACNB1,CACNG6,Calm1 (includes others),CAPN3,NOS1,,,,,,,,,,,,,,,,,,,,,,,,,,,,
Hepatic Fibrosis Signaling Pathway,2.39,0.0573,-1.091,ACVR2B,AKT3,CACNB1,CACNG6,Calm1 (includes others),FGF2,FTL,HRAS,IKBKE,ITGB6,MAP2K6,NFKBIA,NFKBIE,PRKACA,RALA,RHOB,RHOBTB1,RHOH,SMAD3,Tcf7,TFRC,TGFB2,TNFRSF1B,WNT5A,,,,,,,,,,
BEX2 Signaling Pathway,2.38,0.0988,2.121,AKT3,ITGB6,LDB1,NFKBIA,PPM1L,PPP2R3A,SWAP70,Tcf7,,,,,,,,,,,,,,,,,,,,,,,,,,
NGF Signaling,2.36,0.0847,0,AKT3,HRAS,IKBKE,MAP3K14,MAP3K4,MAP3K6,RALA,RPS6KA2,RPS6KA5,SHC1,,,,,,,,,,,,,,,,,,,,,,,,
Aryl Hydrocarbon Receptor Signaling,2.31,0.0755,0,CCND3,CYP1B1,CYP2C8,E2F1,ESR1,HSPB1,NFIB,NQO2,NRIP1,RARB,RXRG,TGFB2,,,,,,,,,,,,,,,,,,,,,,
Sumoylation Pathway,2.26,0.0874,-0.816,CEBPA,DNMT3A,HDAC2,NFKBIA,RHOB,RHOBTB1,RHOH,RNF4,UBE2I,,,,,,,,,,,,,,,,,,,,,,,,,
Apoptosis Signaling,2.23,0.0865,0.707,CAPN3,CAPN6,HRAS,IKBKE,MAP3K14,NFKBIA,NFKBIE,RALA,TNFRSF1B,,,,,,,,,,,,,,,,,,,,,,,,,
Acute Phase Response Signaling,2.2,0.0703,1.155,AKT3,FTL,HMOX1,HRAS,IKBKE,MAP2K6,MAP3K14,NFKBIA,NFKBIE,RALA,SERPINA3,SHC1,TNFRSF1B,,,,,,,,,,,,,,,,,,,,,
"PD-1, PD-L1 cancer immunotherapy pathway",2.18,0.0849,-0.707,AKT3,CBLB,HLA-A,HLA-DOB,IFNGR1,IL2RB,SMAD3,TGFB2,TNFRSF1B,,,,,,,,,,,,,,,,,,,,,,,,,
Ferroptosis Signaling Pathway,2.16,0.0794,-0.632,ANGPTL4,FTL,HMOX1,HRAS,HSPB1,PRKAG3,RALA,SLC39A14,STEAP3,TFRC,,,,,,,,,,,,,,,,,,,,,,,,
Chronic Myeloid Leukemia Signaling,2.15,0.0841,#NUM!,AKT3,CCND3,E2F1,HDAC2,HRAS,IKBKE,RALA,SMAD3,TGFB2,,,,,,,,,,,,,,,,,,,,,,,,,
PPAR Signaling,2.15,0.0841,-1.667,HRAS,IKBKE,MAP3K14,NFKBIA,NFKBIE,NRIP1,RALA,SHC1,TNFRSF1B,,,,,,,,,,,,,,,,,,,,,,,,,
IL-10 Signaling,2.11,0.0972,#NUM!,HMOX1,IKBKE,IL4R,MAP2K6,MAP3K14,NFKBIA,NFKBIE,,,,,,,,,,,,,,,,,,,,,,,,,,,
Unfolded protein response,2.11,0.0889,2,CEBPA,CEBPD,DNAJB1,DNAJB13,DNAJB5,EDEM1,INSIG1,SYVN1,,,,,,,,,,,,,,,,,,,,,,,,,,
Acute Myeloid Leukemia Signaling,2.08,0.0879,-1.134,AKT3,CEBPA,CSF2RB,EIF4EBP1,HRAS,MAP2K6,RALA,Tcf7,,,,,,,,,,,,,,,,,,,,,,,,,,
Regulation Of The Epithelial Mesenchymal Transition By Growth Factors Pathway,2.07,0.0677,0.302,AKT3,FGF2,FGF6,HRAS,IKBKE,MAP2K6,PARD6B,RALA,SHC1,SMAD3,TGFB2,TNFRSF1B,VIM,,,,,,,,,,,,,,,,,,,,,
Th1 and Th2 Activation Pathway,2.05,0.0698,#NUM!,ACVR2B,CD4,HLA-A,HLA-DOB,ICOS,ICOSLG/LOC102723996,IFNGR1,IKZF1,IL2RB,IL4R,MAF,MAP2K6,,,,,,,,,,,,,,,,,,,,,,
Role of MAPK Signaling in Promoting the Pathogenesis of Influenza,2.03,0.0804,-1.414,ATP6AP2,ATP6V1A,ATP6V1H,HRAS,MAP2K6,NFKBIA,NFKBIE,PLAAT1,RALA,,,,,,,,,,,,,,,,,,,,,,,,,
Regulation of the Epithelial-Mesenchymal Transition Pathway,2.02,0.0667,#NUM!,AKT3,FGF2,FGF6,HRAS,LOX,MAP2K6,PARD6B,PYGO1,RALA,SMAD3,Tcf7,TGFB2,WNT5A,,,,,,,,,,,,,,,,,,,,,
Non-Small Cell Lung Cancer Signaling,2,0.0851,-1,AKT3,CCND3,E2F1,HDAC2,HRAS,RALA,RARB,RXRG,,,,,,,,,,,,,,,,,,,,,,,,,,
April Mediated Signaling,1.99,0.119,0.447,IKBKE,MAP3K14,NFKBIA,NFKBIE,TNFRSF13B,,,,,,,,,,,,,,,,,,,,,,,,,,,,,
STAT3 Pathway,1.96,0.0741,-1.414,BMPR1A,CSF2RB,FGF2,GHR,HRAS,IL2RB,IL4R,IL7R,RALA,TGFB2,,,,,,,,,,,,,,,,,,,,,,,,
Adipogenesis pathway,1.96,0.0741,#NUM!,BMPR1A,CEBPA,CEBPD,FBXW7,FGF2,HDAC2,NR1D2,SMAD3,TXNIP,WNT5A,,,,,,,,,,,,,,,,,,,,,,,,
B Cell Activating Factor Signaling,1.95,0.116,#NUM!,IKBKE,MAP3K14,NFKBIA,NFKBIE,TNFRSF13B,,,,,,,,,,,,,,,,,,,,,,,,,,,,,
Adrenomedullin signaling pathway,1.95,0.0653,-0.832,ADCY5,AKT3,Calm1 (includes others),HRAS,MAP2K6,MATK,PLCD4,PRKACA,PTK2B,RALA,RXRG,SHC1,TFAP2A,,,,,,,,,,,,,,,,,,,,,
Death Receptor Signaling,1.95,0.0833,0.707,HSPB1,IKBKE,MAP3K14,NFKBIA,NFKBIE,TBK1,TNFRSF1B,TNKS,,,,,,,,,,,,,,,,,,,,,,,,,,
Tight Junction Signaling,1.94,0.0674,#NUM!,AKT3,BET1L,CEBPA,CLDN5,MYO5C,NAPB,NECTIN2,PPM1L,PPP2R3A,PRKACA,TGFB2,TNFRSF1B,,,,,,,,,,,,,,,,,,,,,,
Bladder Cancer Signaling,1.94,0.0776,-2.236,DAPK1,E2F1,FGF2,FGF6,HDAC2,HRAS,RALA,RPS6KA5,THBS1,,,,,,,,,,,,,,,,,,,,,,,,,
VDR/RXR Activation,1.93,0.0897,#NUM!,CEBPA,GADD45A,GTF2B,HR,IGFBP5,RXRG,TGFB2,,,,,,,,,,,,,,,,,,,,,,,,,,,
Insulin Secretion Signaling Pathway,1.92,0.0597,-0.577,ADCY5,BET1L,CACNA1I,CACNB1,CACNG6,CAMK2A,CPE,EIF4A1,EIF4EBP1,GCK,GHR,KLF11,NAPB,PLCD4,PRKACA,RPS6KA5,,,,,,,,,,,,,,,,,,
Th2 Pathway,1.92,0.073,1.633,ACVR2B,CD4,HLA-A,HLA-DOB,ICOS,ICOSLG/LOC102723996,IKZF1,IL2RB,IL4R,MAF,,,,,,,,,,,,,,,,,,,,,,,,
IL-2 Signaling,1.9,0.0984,0.816,AKT3,HRAS,IL2RB,PTK2B,RALA,SHC1,,,,,,,,,,,,,,,,,,,,,,,,,,,,
p53 Signaling,1.9,0.0816,-0.447,AKT3,CCNK,E2F1,GADD45A,GADD45G,MDM4,THBS1,TP63,,,,,,,,,,,,,,,,,,,,,,,,,,
Phagosome Maturation,1.9,0.0692,#NUM!,ATP6AP2,ATP6V1A,ATP6V1H,BET1L,CTSS,CTSV,HLA-A,NAPB,NOS1,RILP,TUBB,,,,,,,,,,,,,,,,,,,,,,,
MSP-RON Signaling In Cancer Cells Pathway,1.9,0.0725,0.632,AKT3,CSF2RB,ELF1,HRAS,NFKBIA,PTK2B,RALA,RPS6KA2,Tcf7,VIM,,,,,,,,,,,,,,,,,,,,,,,,
Chondroitin Sulfate Degradation (Metazoa),1.88,0.188,#NUM!,CEMIP2,GALNS,HYAL3,,,,,,,,,,,,,,,,,,,,,,,,,,,,,,,
Cholecystokinin/Gastrin-mediated Signaling,1.87,0.0756,0,HRAS,MAP2K6,MEF2C,PTK2B,RALA,RHOB,RHOBTB1,RHOH,SHC1,,,,,,,,,,,,,,,,,,,,,,,,,
Insulin Receptor Signaling,1.86,0.0714,-0.707,AKT3,EIF4EBP1,HRAS,INPP5D,PPP1R14C,PRKACA,PTPN1,RALA,SHC1,STXBP4,,,,,,,,,,,,,,,,,,,,,,,,
Opioid Signaling Pathway,1.81,0.058,-3,ADCY5,AKT3,CACNA1I,CACNB1,CACNG6,Calm1 (includes others),CAMK2A,CLTA,HRAS,MAP2K6,NFKBIA,NOS1,PRKACA,RALA,RPS6KA2,RPS6KA5,,,,,,,,,,,,,,,,,,
Molecular Mechanisms of Cancer,1.81,0.0517,#NUM!,ADCY5,AKT3,ARHGEF9,BMPR1A,CAMK2A,CCND3,CDK9,E2F1,HDAC2,HRAS,ITGB6,MAP2K6,NFKBIA,NFKBIE,PRKACA,RALA,RHOB,RHOBTB1,RHOH,SHC1,SMAD3,TGFB2,WNT5A,,,,,,,,,,,
Endocannabinoid Cancer Inhibition Pathway,1.8,0.0699,-1.667,ADCY5,AKT3,CASQ1,CCND3,MAP2K6,NOS1,PRKACA,PRKAG3,Tcf7,VIM,,,,,,,,,,,,,,,,,,,,,,,,
iNOS Signaling,1.79,0.106,2,Calm1 (includes others),IFNGR1,IKBKE,NFKBIA,NFKBIE,,,,,,,,,,,,,,,,,,,,,,,,,,,,,
nNOS Signaling in Neurons,1.79,0.106,#NUM!,Calm1 (includes others),CAMK2A,CAPN3,CAPN6,NOS1,,,,,,,,,,,,,,,,,,,,,,,,,,,,,
"Role of Macrophages, Fibroblasts and Endothelial Cells in Rheumatoid Arthritis",1.79,0.0554,#NUM!,AKT3,Calm1 (includes others),CAMK2A,CEBPA,CEBPD,DAAM1,FGF2,HRAS,IKBKE,MAP2K6,MAP3K14,NFKBIA,NFKBIE,PLCD4,RALA,Tcf7,TNFRSF1B,WNT5A,,,,,,,,,,,,,,,,
Glioma Signaling,1.76,0.0726,-0.816,AKT3,Calm1 (includes others),CAMK2A,CCND3,E2F1,HDAC2,HRAS,RALA,SHC1,,,,,,,,,,,,,,,,,,,,,,,,,
IL-8 Signaling,1.76,0.0616,1.897,AKT3,CCND3,EIF4EBP1,HMOX1,HRAS,IKBKE,NFKBIA,NFKBIE,PTK2B,RALA,RHOB,RHOBTB1,RHOH,,,,,,,,,,,,,,,,,,,,,
Acetone Degradation I (to Methylglyoxal),1.75,0.125,#NUM!,CYP1B1,CYP2C8,POR,PTGR2,,,,,,,,,,,,,,,,,,,,,,,,,,,,,,
LPS-stimulated MAPK Signaling,1.74,0.0824,0.378,HRAS,IKBKE,MAP2K6,MAP3K14,NFKBIA,NFKBIE,RALA,,,,,,,,,,,,,,,,,,,,,,,,,,,
Androgen Signaling,1.72,0.0651,-0.378,CACNA1I,CACNB1,CACNG6,Calm1 (includes others),DNAJB1,GTF2B,H3-3A/H3-3B,PRKACA,SHC1,SMAD3,TAF7,,,,,,,,,,,,,,,,,,,,,,,
G_q Signaling,1.7,0.0647,2.121,AKT3,BTK,Calm1 (includes others),HMOX1,IKBKE,NFKBIA,NFKBIE,PTK2B,RHOB,RHOBTB1,RHOH,,,,,,,,,,,,,,,,,,,,,,,
Glioblastoma Multiforme Signaling,1.68,0.0643,0,AKT3,CCND3,E2F1,HRAS,PLCD4,RALA,RHOB,RHOBTB1,RHOH,SHC1,WNT5A,,,,,,,,,,,,,,,,,,,,,,,
Calcium Signaling,1.68,0.0602,-1.897,ATP2B3,CACNA1I,CACNB1,CACNG6,Calm1 (includes others),CAMK2A,CASQ1,CHRNE,HDAC2,MEF2C,MYO5C,PRKACA,TP63,,,,,,,,,,,,,,,,,,,,,
G Beta Gamma Signaling,1.66,0.0698,-0.333,AKT3,BTK,CACNA1I,CACNB1,CACNG6,HRAS,PRKACA,RALA,SHC1,,,,,,,,,,,,,,,,,,,,,,,,,
4-1BB Signaling in T Lymphocytes,1.66,0.118,#NUM!,IKBKE,MAP3K14,NFKBIA,NFKBIE,,,,,,,,,,,,,,,,,,,,,,,,,,,,,,
Cardiac _-adrenergic Signaling,1.63,0.0632,0.707,ADCY5,AKAP6,CACNB1,CACNG6,PDE4A,PDE7B,PKIA,PPM1L,PPP1R14C,PPP2R3A,PRKACA,,,,,,,,,,,,,,,,,,,,,,,
GM-CSF Signaling,1.63,0.0857,0,AKT3,CAMK2A,CSF2RB,HRAS,RALA,SHC1,,,,,,,,,,,,,,,,,,,,,,,,,,,,
TNFR1 Signaling,1.62,0.0962,2.236,IKBKE,MAP3K14,MAP4K2,NFKBIA,NFKBIE,,,,,,,,,,,,,,,,,,,,,,,,,,,,,
Ceramide Signaling,1.61,0.0778,-1.134,AKT3,CERK,HRAS,PPM1L,PPP2R3A,RALA,TNFRSF1B,,,,,,,,,,,,,,,,,,,,,,,,,,,
Crosstalk between Dendritic Cells and Natural Killer Cells,1.59,0.0769,1.342,CAMK2A,CD83,CSF2RB,HLA-A,IL2RB,NECTIN2,TNFRSF1B,,,,,,,,,,,,,,,,,,,,,,,,,,,
Epithelial Adherens Junction Signaling,1.55,0.0637,1.265,ACVR2B,AKT3,HRAS,NECTIN2,PPM1L,PPP2R3A,PRKAG3,RALA,Tcf7,TGFB2,,,,,,,,,,,,,,,,,,,,,,,,
Cell Cycle Regulation by BTG Family Proteins,1.54,0.108,#NUM!,BTG1,E2F1,PPM1L,PPP2R3A,,,,,,,,,,,,,,,,,,,,,,,,,,,,,,
TWEAK Signaling,1.54,0.108,0,IKBKE,MAP3K14,NFKBIA,NFKBIE,,,,,,,,,,,,,,,,,,,,,,,,,,,,,,
IL-12 Signaling and Production in Macrophages,1.53,0.0662,#NUM!,AKT3,APOD,IFNGR1,IKBKE,LYZ,MAF,NFKBIA,NFKBIE,TGFB2,,,,,,,,,,,,,,,,,,,,,,,,,
Melanocyte Development and Pigmentation Signaling,1.52,0.0745,-1.134,ADCY5,HRAS,PRKACA,RALA,RPS6KA2,RPS6KA5,SHC1,,,,,,,,,,,,,,,,,,,,,,,,,,,
IL-1 Signaling,1.52,0.0745,0.816,ADCY5,IKBKE,MAP2K6,MAP3K14,NFKBIA,NFKBIE,PRKACA,,,,,,,,,,,,,,,,,,,,,,,,,,,
IL-17A Signaling in Fibroblasts,1.5,0.105,#NUM!,CEBPD,IKBKE,NFKBIA,NFKBIE,,,,,,,,,,,,,,,,,,,,,,,,,,,,,,
Thio-molybdenum Cofactor Biosynthesis,1.5,1,#NUM!,MOCOS,,,,,,,,,,,,,,,,,,,,,,,,,,,,,,,,,
Sertoli Cell-Sertoli Cell Junction Signaling,1.5,0.0583,#NUM!,AKT3,CLDN5,HRAS,ITGB6,MAP3K14,MAP3K4,MAP3K6,NECTIN2,NOS1,PRKACA,RALA,TUBB,,,,,,,,,,,,,,,,,,,,,,
Sperm Motility,1.49,0.0551,-1.342,BTK,CACNA1I,Calm1 (includes others),MAP2K6,MATK,MERTK,PDE4A,PLAAT1,PLCD4,PRKACA,PTK2B,SLC16A10,TEC,TNK2,,,,,,,,,,,,,,,,,,,,
Apelin Endothelial Signaling Pathway,1.48,0.0647,-1.89,ADCY5,AKT3,Calm1 (includes others),HRAS,KLF2,MEF2C,PRKAG3,RALA,SMAD3,,,,,,,,,,,,,,,,,,,,,,,,,
Sphingosine-1-phosphate Signaling,1.46,0.0678,1.134,ADCY5,AKT3,CASQ1,PLCD4,PTK2B,RHOB,RHOBTB1,RHOH,,,,,,,,,,,,,,,,,,,,,,,,,,
Antigen Presentation Pathway,1.46,0.103,#NUM!,CD74,CIITA,HLA-A,HLA-DOB,,,,,,,,,,,,,,,,,,,,,,,,,,,,,,
ATM Signaling,1.46,0.0722,1,GADD45A,GADD45G,KAT5,MDM4,NFKBIA,PPM1L,PPP2R3A,,,,,,,,,,,,,,,,,,,,,,,,,,,
Apelin Cardiac Fibroblast Signaling Pathway,1.45,0.13,#NUM!,AKT3,PRKAG3,TGFB2,,,,,,,,,,,,,,,,,,,,,,,,,,,,,,,
HOTAIR Regulatory Pathway,1.45,0.0613,-0.333,AKT3,ATXN1,ESR1,H3-3A/H3-3B,HDAC2,JARID2,NFKBIA,Tcf7,VIM,WNT5A,,,,,,,,,,,,,,,,,,,,,,,,
Angiopoietin Signaling,1.45,0.0779,-1.633,AKT3,HRAS,IKBKE,NFKBIA,NFKBIE,RALA,,,,,,,,,,,,,,,,,,,,,,,,,,,,
Hereditary Breast Cancer Signaling,1.43,0.0634,#NUM!,AKT3,CCND3,E2F1,GADD45A,GADD45G,HDAC2,HRAS,RALA,UBC,,,,,,,,,,,,,,,,,,,,,,,,,
Maturity Onset Diabetes of Young (MODY) Signaling,1.43,0.0769,#NUM!,APOD,CACNB1,CACNG6,GCK,KLF11,UCP2,,,,,,,,,,,,,,,,,,,,,,,,,,,,
Hepatic Cholestasis,1.41,0.0582,#NUM!,ADCY5,ESR1,IKBKE,MAP3K14,MAP3K4,MAP4K2,NFKBIA,NFKBIE,PRKACA,TGFB2,TNFRSF1B,,,,,,,,,,,,,,,,,,,,,,,
IL-3 Signaling,1.4,0.0759,0,AKT3,CSF2RB,HRAS,INPP5D,RALA,SHC1,,,,,,,,,,,,,,,,,,,,,,,,,,,,
Integrin Signaling,1.4,0.0563,-0.632,AKT3,CAPN3,CAPN6,HRAS,ITGB6,RALA,RHOB,RHOBTB1,RHOH,SHC1,TNK2,ZYX,,,,,,,,,,,,,,,,,,,,,,
HMGB1 Signaling,1.39,0.0599,0.333,AKT3,HRAS,IFNGR1,MAP2K6,RALA,RHOB,RHOBTB1,RHOH,TGFB2,TNFRSF1B,,,,,,,,,,,,,,,,,,,,,,,,
Dilated Cardiomyopathy Signaling Pathway,1.36,0.0616,-0.816,ADCY5,AKT3,CACNA1I,CACNB1,CACNG6,CAMK2A,MYO5C,PRKACA,SGCD,,,,,,,,,,,,,,,,,,,,,,,,,
Bupropion Degradation,1.36,0.12,#NUM!,CYP1B1,CYP2C8,POR,,,,,,,,,,,,,,,,,,,,,,,,,,,,,,,
Clathrin-mediated Endocytosis Signaling,1.35,0.057,#NUM!,APOD,CLTA,FGF2,FGF6,GAK,HIP1R,ITGB6,LYZ,STON2,TFRC,UBC,,,,,,,,,,,,,,,,,,,,,,,
Mouse Embryonic Stem Cell Pluripotency,1.32,0.0673,1.134,AKT3,BMPR1A,HRAS,ID1,ID3,RALA,Tcf7,,,,,,,,,,,,,,,,,,,,,,,,,,,
Corticotropin Releasing Hormone Signaling,1.32,0.0604,-0.707,ADCY5,CACNA1I,CACNB1,CACNG6,Calm1 (includes others),CRHR2,MEF2C,NOS1,PRKACA,,,,,,,,,,,,,,,,,,,,,,,,,
RAR Activation,1.31,0.0561,#NUM!,ADCY5,AKT3,CSF2RB,DHRS7C,NRIP1,PRKACA,RARB,RDH14,RXRG,SMAD3,TGFB2,,,,,,,,,,,,,,,,,,,,,,,
PTEN Signaling,1.3,0.06,0.707,AKT3,BMPR1A,GHR,HRAS,IKBKE,INPP5D,ITGB6,RALA,SHC1,,,,,,,,,,,,,,,,,,,,,,,,,
Cyclins and Cell Cycle Regulation,1.3,0.0714,1.342,CCND3,E2F1,HDAC2,PPM1L,PPP2R3A,TGFB2,,,,,,,,,,,,,,,,,,,,,,,,,,,,
PEDF Signaling,1.3,0.0714,0,AKT3,HRAS,IKBKE,NFKBIA,NFKBIE,RALA,,,,,,,,,,,,,,,,,,,,,,,,,,,,
FGF Signaling,1.3,0.0714,-1.633,AKT3,FGF2,FGF6,HRAS,MAP2K6,RPS6KA5,,,,,,,,,,,,,,,,,,,,,,,,,,,,
ILK Signaling,1.29,0.0556,0.707,AKT3,ITGB6,MAP2K6,MYO5C,PPM1L,PPP2R3A,RHOB,RHOBTB1,RHOH,RPS6KA5,VIM,,,,,,,,,,,,,,,,,,,,,,,
HIPPO signaling,1.27,0.0706,1,AMOT,PPM1L,PPP1R14C,PPP2R3A,SMAD3,TEAD1,,,,,,,,,,,,,,,,,,,,,,,,,,,,
"Role of Osteoblasts, Osteoclasts and Chondrocytes in Rheumatoid Arthritis",1.27,0.0536,#NUM!,AKT3,BMPR1A,Calm1 (includes others),IKBKE,MAP2K6,MAP3K14,NFKBIA,NFKBIE,PTK2B,Tcf7,TNFRSF1B,WNT5A,,,,,,,,,,,,,,,,,,,,,,
Gustation Pathway,1.26,0.055,-0.302,ADCY5,CACNA1I,CACNB1,CACNG6,ORAI1,ORAI2,P2RX7,P2RY1,P2RY10,PRKACA,SCN4B,,,,,,,,,,,,,,,,,,,,,,,
Induction of Apoptosis by HIV1,1.26,0.0769,0.447,IKBKE,MAP3K14,NFKBIA,NFKBIE,TNFRSF1B,,,,,,,,,,,,,,,,,,,,,,,,,,,,,
Protein Ubiquitination Pathway,1.25,0.0509,#NUM!,DNAJB1,DNAJB13,DNAJB5,FBXW7,HLA-A,HSPA13,HSPB1,Sacs,UBC,UBE2D1,UBE2I,USP14,USP2,USP3,,,,,,,,,,,,,,,,,,,,
Role of RIG1-like Receptors in Antiviral Innate Immunity,1.24,0.087,#NUM!,IKBKE,NFKBIA,NFKBIE,TBK1,,,,,,,,,,,,,,,,,,,,,,,,,,,,,,
G-Protein Coupled Receptor Signaling,1.24,0.0507,#NUM!,ADCY5,AKT3,CAMK2A,DUSP4,HRAS,IKBKE,NFKBIA,NFKBIE,PDE4A,PDE7B,PRKACA,PTK2B,RALA,SHC1,,,,,,,,,,,,,,,,,,,,
Nicotine Degradation II,1.24,0.0758,1.342,CYP1B1,CYP2C8,FMO2,INMT,POR,,,,,,,,,,,,,,,,,,,,,,,,,,,,,
HER-2 Signaling in Breast Cancer,1.23,0.0529,-0.632,AKT3,ELF1,HRAS,IKBKE,ITGB6,NFKBIA,NFKBIE,NUP133,PARD6B,RAE1,RALA,SMAD3,,,,,,,,,,,,,,,,,,,,,,
HGF Signaling,1.23,0.0606,0,AKT3,ELF1,HRAS,ITGB6,MAP3K14,MAP3K4,MAP3K6,RALA,,,,,,,,,,,,,,,,,,,,,,,,,,
CD40 Signaling,1.21,0.0746,-0.447,IKBKE,MAP2K6,MAP3K14,NFKBIA,NFKBIE,,,,,,,,,,,,,,,,,,,,,,,,,,,,,
Sulfate Activation for Sulfonation,1.2,0.5,#NUM!,PAPSS2,,,,,,,,,,,,,,,,,,,,,,,,,,,,,,,,,
L-glutamine Biosynthesis II (tRNA-dependent),1.2,0.5,#NUM!,QRSL1,,,,,,,,,,,,,,,,,,,,,,,,,,,,,,,,,
Putrescine Biosynthesis III,1.2,0.5,#NUM!,ODC1,,,,,,,,,,,,,,,,,,,,,,,,,,,,,,,,,
Antioxidant Action of Vitamin C,1.2,0.0631,-1.633,CSF2RB,HMOX1,IKBKE,NFKBIA,NFKBIE,PLAAT1,PLCD4,,,,,,,,,,,,,,,,,,,,,,,,,,,
Dopamine-DARPP32 Feedback in cAMP Signaling,1.2,0.0552,-1.414,ADCY5,CACNB1,CACNG6,Calm1 (includes others),NOS1,PLCD4,PPM1L,PPP1R14C,PPP2R3A,PRKACA,,,,,,,,,,,,,,,,,,,,,,,,
Regulation of Cellular Mechanics by Calpain Protease,1.2,0.0674,-2,CAPN3,CAPN6,CCND3,HRAS,ITGB6,RALA,,,,,,,,,,,,,,,,,,,,,,,,,,,,
Cell Cycle: G1/S Checkpoint Regulation,1.19,0.0735,0,CCND3,E2F1,HDAC2,SMAD3,TGFB2,,,,,,,,,,,,,,,,,,,,,,,,,,,,,
CDK5 Signaling,1.18,0.0625,-1.134,ADCY5,HRAS,PPM1L,PPP1R14C,PPP2R3A,PRKACA,RALA,,,,,,,,,,,,,,,,,,,,,,,,,,,
Prostate Cancer Signaling,1.18,0.0625,#NUM!,AKT3,E2F1,HDAC2,HRAS,NFKBIA,NFKBIE,RALA,,,,,,,,,,,,,,,,,,,,,,,,,,,
SPINK1 General Cancer Pathway,1.17,0.0725,-1.342,AKT3,HRAS,Mt1,Mt2,RALA,,,,,,,,,,,,,,,,,,,,,,,,,,,,,
HIF1_ Signaling,1.17,0.0529,-1.508,AKT3,CAMK2A,EIF4EBP1,FGF2,GCK,HMOX1,HRAS,MAP2K6,RALA,TGFB2,VIM,,,,,,,,,,,,,,,,,,,,,,,
White Adipose Tissue Browning Pathway,1.17,0.0588,-1.414,ADCY5,CACNA1I,CACNB1,CACNG6,PRKACA,PRKAG3,RARB,RXRG,,,,,,,,,,,,,,,,,,,,,,,,,,
Osteoarthritis Pathway,1.15,0.0513,-0.707,BMPR1A,CASQ1,DDIT4,FGF2,ITGB6,MEF2C,P2RX7,PRKAG3,SDC4,SMAD3,Tcf7,TNFRSF1B,,,,,,,,,,,,,,,,,,,,,,
Thrombin Signaling,1.14,0.0524,-0.632,ADCY5,AKT3,ARHGEF9,CAMK2A,HRAS,PLCD4,RALA,RHOB,RHOBTB1,RHOH,SHC1,,,,,,,,,,,,,,,,,,,,,,,
Synaptogenesis Signaling Pathway,1.13,0.0481,0,ADCY5,AKT3,BET1L,CACNB1,Calm1 (includes others),CAMK2A,CDH4,EIF4EBP1,HRAS,NAPB,PRKACA,RALA,SHC1,STXBP4,THBS1,,,,,,,,,,,,,,,,,,,
Melanoma Signaling,1.13,0.08,-1,AKT3,E2F1,HRAS,RALA,,,,,,,,,,,,,,,,,,,,,,,,,,,,,,
Actin Nucleation by ARP-WASP Complex,1.12,0.0645,0,HRAS,ITGB6,RALA,RHOB,RHOBTB1,RHOH,,,,,,,,,,,,,,,,,,,,,,,,,,,,
Amyloid Processing,1.11,0.0784,#NUM!,AKT3,CAPN3,CAPN6,PRKACA,,,,,,,,,,,,,,,,,,,,,,,,,,,,,,
Melatonin Signaling,1.11,0.0694,-1.342,Calm1 (includes others),CAMK2A,MAP2K6,PLCD4,PRKACA,,,,,,,,,,,,,,,,,,,,,,,,,,,,,
ERK5 Signaling,1.11,0.0694,-2.236,HRAS,MEF2C,RALA,RPS6KA2,RPS6KA5,,,,,,,,,,,,,,,,,,,,,,,,,,,,,
Neuregulin Signaling,1.1,0.0598,-0.816,AKT3,ERRFI1,HRAS,ITGB6,MATK,RALA,SHC1,,,,,,,,,,,,,,,,,,,,,,,,,,,
MSP-RON Signaling In Macrophages Pathway,1.1,0.0598,-1.89,CIITA,ETV3,HLA-DOB,HRAS,IFNGR1,IKBKE,RALA,,,,,,,,,,,,,,,,,,,,,,,,,,,
Glioma Invasiveness Signaling,1.09,0.0685,0,HRAS,RALA,RHOB,RHOBTB1,RHOH,,,,,,,,,,,,,,,,,,,,,,,,,,,,,
AMPK Signaling,1.07,0.0496,0,AKT3,CHRNE,EEF2K,EIF4EBP1,ORAI1,ORAI2,PPM1H,PPM1L,PPP2R3A,PRKACA,PRKAG3,ULK1,,,,,,,,,,,,,,,,,,,,,,
Colorectal Cancer Metastasis Signaling,1.06,0.0483,0.632,ADCY5,AKT3,HRAS,IFNGR1,PRKACA,RALA,RHOB,RHOBTB1,RHOH,SMAD3,Tcf7,TGFB2,WNT5A,,,,,,,,,,,,,,,,,,,,,
Synaptic Long Term Depression,1.04,0.0515,-1,CACNA1I,CACNB1,CACNG6,HRAS,NOS1,PLAAT1,PLCD4,PPM1L,PPP2R3A,RALA,,,,,,,,,,,,,,,,,,,,,,,,
Hepatic Fibrosis / Hepatic Stellate Cell Activation,1.04,0.0515,#NUM!,COL15A1,COL6A6,FGF2,IFNGR1,IGFBP5,IL4R,MYO5C,SMAD3,TGFB2,TNFRSF1B,,,,,,,,,,,,,,,,,,,,,,,,
UVA-Induced MAPK Signaling,1.04,0.0612,-2.236,HRAS,PLCD4,RALA,RPS6KA2,RPS6KA5,TNKS,,,,,,,,,,,,,,,,,,,,,,,,,,,,
Role of JAK2 in Hormone-like Cytokine Signaling,1.04,0.0882,#NUM!,GHR,PTPN1,SHC1,,,,,,,,,,,,,,,,,,,,,,,,,,,,,,,
Coenzyme A Biosynthesis,1.04,0.333,#NUM!,COASY,,,,,,,,,,,,,,,,,,,,,,,,,,,,,,,,,
"1,25-dihydroxyvitamin D3 Biosynthesis",1.04,0.333,#NUM!,POR,,,,,,,,,,,,,,,,,,,,,,,,,,,,,,,,,
Glutathione Biosynthesis,1.04,0.333,#NUM!,GCLM,,,,,,,,,,,,,,,,,,,,,,,,,,,,,,,,,
"1D-myo-inositol Hexakisphosphate Biosynthesis V (from Ins(1,3,4)P3)",1.04,0.333,#NUM!,ITPK1,,,,,,,,,,,,,,,,,,,,,,,,,,,,,,,,,
S-adenosyl-L-methionine Biosynthesis,1.04,0.333,#NUM!,MAT2A,,,,,,,,,,,,,,,,,,,,,,,,,,,,,,,,,
Th1 Pathway,1.03,0.0574,1.89,CD4,HLA-A,HLA-DOB,ICOS,ICOSLG/LOC102723996,IFNGR1,MAP2K6,,,,,,,,,,,,,,,,,,,,,,,,,,,
Lymphotoxin _ Receptor Signaling,1.02,0.0727,1,AKT3,IKBKE,MAP3K14,NFKBIA,,,,,,,,,,,,,,,,,,,,,,,,,,,,,,
IL-15 Production,1.02,0.0569,1.134,BTK,MAP2K6,MATK,MERTK,PTK2B,TEC,TNK2,,,,,,,,,,,,,,,,,,,,,,,,,,,
Endocannabinoid Developing Neuron Pathway,1.02,0.0569,-1.633,ADCY5,AKT3,HRAS,MAP2K6,PAX6,PRKACA,RALA,,,,,,,,,,,,,,,,,,,,,,,,,,,
Dopamine Receptor Signaling,1.01,0.0649,#NUM!,ADCY5,PPM1L,PPP1R14C,PPP2R3A,PRKACA,,,,,,,,,,,,,,,,,,,,,,,,,,,,,
DNA Methylation and Transcriptional Repression Signaling,1.01,0.0857,#NUM!,DNMT3A,H3-3A/H3-3B,HDAC2,,,,,,,,,,,,,,,,,,,,,,,,,,,,,,,
Dermatan Sulfate Degradation (Metazoa),1,0.118,#NUM!,CEMIP2,HYAL3,,,,,,,,,,,,,,,,,,,,,,,,,,,,,,,,
CSDE1 Signaling Pathway,0.996,0.0714,2,AKT3,CCND3,SDC4,VIM,,,,,,,,,,,,,,,,,,,,,,,,,,,,,,
Cellular Effects of Sildenafil (Viagra),0.991,0.0537,#NUM!,ADCY5,CACNB1,CACNG6,Calm1 (includes others),MYO5C,PDE4A,PLCD4,PRKACA,,,,,,,,,,,,,,,,,,,,,,,,,,
Natural Killer Cell Signaling,0.987,0.0503,0.632,AKT3,HLA-A,HRAS,IL2RB,MAP3K14,MAP3K4,MAP3K6,NECTIN2,PTK2B,RALA,,,,,,,,,,,,,,,,,,,,,,,,
MIF-mediated Glucocorticoid Regulation,0.979,0.0833,#NUM!,CD74,NFKBIA,NFKBIE,,,,,,,,,,,,,,,,,,,,,,,,,,,,,,,
Thyroid Cancer Signaling,0.975,0.0633,0.447,AKT3,HRAS,RALA,SHC1,Tcf7,,,,,,,,,,,,,,,,,,,,,,,,,,,,,
Pancreatic Adenocarcinoma Signaling,0.975,0.0556,#NUM!,AKT3,E2F1,HDAC2,HMOX1,RALA,SMAD3,TGFB2,,,,,,,,,,,,,,,,,,,,,,,,,,,
CNTF Signaling,0.971,0.0702,-2,HRAS,RALA,RPS6KA2,RPS6KA5,,,,,,,,,,,,,,,,,,,,,,,,,,,,,,
NAD Signaling Pathway,0.967,0.053,0,AKT3,FGF2,H1-2,PRKAG3,SIRT7,SLC29A2,TGFB2,TNKS,,,,,,,,,,,,,,,,,,,,,,,,,,
Factors Promoting Cardiogenesis in Vertebrates,0.967,0.053,-2.121,ACVR2B,BMPR1A,CAMK2A,MEF2C,PLCD4,Tcf7,TGFB2,WNT5A,,,,,,,,,,,,,,,,,,,,,,,,,,
1D-myo-inositol Hexakisphosphate Biosynthesis II (Mammalian),0.959,0.111,#NUM!,INPP5D,ITPK1,,,,,,,,,,,,,,,,,,,,,,,,,,,,,,,,
Chemokine Signaling,0.959,0.0625,-1.342,Calm1 (includes others),CAMK2A,HRAS,PTK2B,RALA,,,,,,,,,,,,,,,,,,,,,,,,,,,,,
Cancer Drug Resistance By Drug Efflux,0.951,0.069,#NUM!,ABCC10,AKT3,HRAS,RALA,,,,,,,,,,,,,,,,,,,,,,,,,,,,,,
Virus Entry via Endocytic Pathways,0.947,0.0577,#NUM!,CLTA,HLA-A,HRAS,ITGB6,RALA,TFRC,,,,,,,,,,,,,,,,,,,,,,,,,,,,
IGF-1 Signaling,0.947,0.0577,-0.447,AKT3,HRAS,IGFBP5,PRKACA,RALA,SHC1,,,,,,,,,,,,,,,,,,,,,,,,,,,,
Regulation of eIF4 and p70S6K Signaling,0.943,0.0506,0.816,AKT3,EIF4A1,EIF4EBP1,HRAS,ITGB6,PPM1L,PPP2R3A,RALA,SHC1,,,,,,,,,,,,,,,,,,,,,,,,,
Role of MAPK Signaling in the Pathogenesis of Influenza,0.939,0.0617,#NUM!,AKT3,HRAS,MAP2K6,PLAAT1,RALA,,,,,,,,,,,,,,,,,,,,,,,,,,,,,
Synaptic Long Term Potentiation,0.936,0.0543,-1.89,Calm1 (includes others),CAMK2A,HRAS,PLCD4,PPP1R14C,PRKACA,RALA,,,,,,,,,,,,,,,,,,,,,,,,,,,
P2Y Purigenic Receptor Signaling Pathway,0.936,0.0543,-1.134,ADCY5,AKT3,HRAS,P2RY1,PLCD4,PRKACA,RALA,,,,,,,,,,,,,,,,,,,,,,,,,,,
JAK/STAT Signaling,0.924,0.061,-0.447,AKT3,HRAS,PTPN1,RALA,SHC1,,,,,,,,,,,,,,,,,,,,,,,,,,,,,
Granzyme A Signaling,0.921,0.105,#NUM!,H1-2,HMGB2,,,,,,,,,,,,,,,,,,,,,,,,,,,,,,,,
_-Adrenergic Signaling,0.917,0.0566,-1,ADCY5,Calm1 (includes others),HRAS,PHKA2,PRKACA,RALA,,,,,,,,,,,,,,,,,,,,,,,,,,,,
Heme Degradation,0.917,0.25,#NUM!,HMOX1,,,,,,,,,,,,,,,,,,,,,,,,,,,,,,,,,
Phenylethylamine Degradation I,0.917,0.25,#NUM!,AOC2,,,,,,,,,,,,,,,,,,,,,,,,,,,,,,,,,
Necroptosis Signaling Pathway,0.896,0.051,0.707,CAMK2A,CAPN3,CAPN6,DAPK1,MERTK,PELI1,TNFRSF1B,UBC,,,,,,,,,,,,,,,,,,,,,,,,,,
Ovarian Cancer Signaling,0.886,0.0506,-1,AKT3,E2F1,HDAC2,HRAS,PRKACA,RALA,Tcf7,WNT5A,,,,,,,,,,,,,,,,,,,,,,,,,,
eNOS Signaling,0.873,0.0503,-0.816,ADCY5,AKT3,AQP4,Calm1 (includes others),CHRNE,ESR1,PRKACA,PRKAG3,,,,,,,,,,,,,,,,,,,,,,,,,,
Protein Citrullination,0.827,0.2,#NUM!,PADI2,,,,,,,,,,,,,,,,,,,,,,,,,,,,,,,,,
Citrulline-Nitric Oxide Cycle,0.827,0.2,#NUM!,NOS1,,,,,,,,,,,,,,,,,,,,,,,,,,,,,,,,,
PXR/RXR Activation,0.821,0.0615,#NUM!,AKT3,CYP2C8,PAPSS2,PRKACA,,,,,,,,,,,,,,,,,,,,,,,,,,,,,,
Activation of IRF by Cytosolic Pattern Recognition Receptors,0.821,0.0615,0,IKBKE,NFKBIA,NFKBIE,TBK1,,,,,,,,,,,,,,,,,,,,,,,,,,,,,,
Aldosterone Signaling in Epithelial Cells,0.821,0.0488,#NUM!,DNAJB1,DNAJB13,DNAJB5,HSPA13,HSPB1,NR3C2,PLCD4,Sacs,,,,,,,,,,,,,,,,,,,,,,,,,,
Endothelin-1 Signaling,0.812,0.0471,-1.414,ADCY5,CASQ1,HMOX1,HRAS,NOS1,PLAAT1,PLCD4,RALA,SHC1,,,,,,,,,,,,,,,,,,,,,,,,,
Oncostatin M Signaling,0.81,0.0698,#NUM!,HRAS,RALA,SHC1,,,,,,,,,,,,,,,,,,,,,,,,,,,,,,,
Mitotic Roles of Polo-Like Kinase,0.804,0.0606,#NUM!,CDC26,PLK3,PPM1L,PPP2R3A,,,,,,,,,,,,,,,,,,,,,,,,,,,,,,
Pyridoxal 5'-phosphate Salvage Pathway,0.804,0.0606,0,DAPK1,DMPK,MAP2K6,MAP3K6,,,,,,,,,,,,,,,,,,,,,,,,,,,,,,
Amyotrophic Lateral Sclerosis Signaling,0.799,0.0522,#NUM!,AKT3,CACNB1,CACNG6,CAPN3,CAPN6,NOS1,,,,,,,,,,,,,,,,,,,,,,,,,,,,
CXCR4 Signaling,0.79,0.0479,0.378,ADCY5,AKT3,CD4,HRAS,RALA,RHOB,RHOBTB1,RHOH,,,,,,,,,,,,,,,,,,,,,,,,,,
MIF Regulation of Innate Immunity,0.788,0.0682,#NUM!,CD74,NFKBIA,NFKBIE,,,,,,,,,,,,,,,,,,,,,,,,,,,,,,,
Role of Tissue Factor in Cancer,0.788,0.0517,#NUM!,AKT3,HRAS,PTK2B,RALA,RPS6KA2,RPS6KA5,,,,,,,,,,,,,,,,,,,,,,,,,,,,
IL-17A Signaling in Airway Cells,0.788,0.0597,0,AKT3,IKBKE,NFKBIA,NFKBIE,,,,,,,,,,,,,,,,,,,,,,,,,,,,,,
Estrogen Biosynthesis,0.788,0.0682,#NUM!,CYP1B1,CYP2C8,POR,,,,,,,,,,,,,,,,,,,,,,,,,,,,,,,
BER (Base Excision Repair) Pathway,0.788,0.0682,#NUM!,E2F1,MAP2K6,NEIL2,,,,,,,,,,,,,,,,,,,,,,,,,,,,,,,
GPCR-Mediated Nutrient Sensing in Enteroendocrine Cells,0.788,0.0517,-0.816,ADCY5,CACNA1I,CACNB1,CACNG6,PLCD4,PRKACA,,,,,,,,,,,,,,,,,,,,,,,,,,,,
Cardiomyocyte Differentiation via BMP Receptors,0.785,0.087,#NUM!,BMPR1A,MEF2C,,,,,,,,,,,,,,,,,,,,,,,,,,,,,,,,
FAK Signaling,0.775,0.0513,#NUM!,AKT3,CAPN3,CAPN6,HRAS,ITGB6,RALA,,,,,,,,,,,,,,,,,,,,,,,,,,,,
Fc Epsilon RI Signaling,0.764,0.0508,-0.816,AKT3,BTK,HRAS,INPP5D,MAP2K6,RALA,,,,,,,,,,,,,,,,,,,,,,,,,,,,
Ceramide Biosynthesis,0.754,0.167,#NUM!,KDSR,,,,,,,,,,,,,,,,,,,,,,,,,,,,,,,,,
Fc_ Receptor-mediated Phagocytosis in Macrophages and Monocytes,0.75,0.0532,2.236,AKT3,HMOX1,INPP5D,MYO5A,PTK2B,,,,,,,,,,,,,,,,,,,,,,,,,,,,,
Renin-Angiotensin Signaling,0.74,0.05,-0.447,ADCY5,HRAS,PRKACA,PTK2B,RALA,SHC1,,,,,,,,,,,,,,,,,,,,,,,,,,,,
Role of NANOG in Mammalian Embryonic Stem Cell Pluripotency,0.74,0.05,0,AKT3,BMPR1A,HRAS,RALA,SHC1,WNT5A,,,,,,,,,,,,,,,,,,,,,,,,,,,,
Huntington's Disease Signaling,0.735,0.0427,0.378,AKT3,BET1L,CAPN3,CAPN6,CASQ1,CLTA,DNAJB1,HDAC2,HRAS,NAPB,SHC1,UBC,,,,,,,,,,,,,,,,,,,,,,
Growth Hormone Signaling,0.726,0.0563,-1,CEBPA,GHR,RPS6KA2,RPS6KA5,,,,,,,,,,,,,,,,,,,,,,,,,,,,,,
Netrin Signaling,0.71,0.0556,-1,CACNA1I,CACNB1,CACNG6,PRKACA,,,,,,,,,,,,,,,,,,,,,,,,,,,,,,
Estrogen-mediated S-phase Entry,0.701,0.0769,#NUM!,E2F1,ESR1,,,,,,,,,,,,,,,,,,,,,,,,,,,,,,,,
Salvage Pathways of Pyrimidine Ribonucleotides,0.699,0.051,0.447,APOBEC3B,DAPK1,DMPK,MAP2K6,MAP3K6,,,,,,,,,,,,,,,,,,,,,,,,,,,,,
Erythropoietin Signaling Pathway,0.697,0.0452,0,AKT3,CSF2RB,HRAS,NFKBIA,NFKBIE,RALA,SHC1,TGFB2,,,,,,,,,,,,,,,,,,,,,,,,,,
Trehalose Degradation II (Trehalase),0.695,0.143,#NUM!,GCK,,,,,,,,,,,,,,,,,,,,,,,,,,,,,,,,,
Phosphatidylcholine Biosynthesis I,0.695,0.143,#NUM!,CHKB,,,,,,,,,,,,,,,,,,,,,,,,,,,,,,,,,
B Cell Receptor Signaling,0.693,0.0382,1.091,AKT3,BLNK,BTK,Calm1 (includes others),CAMK2A,CD19,CD79A,CD79B,HRAS,IGKC,Iglc1,IKBKE,INPP5D,MAP2K6,MAP3K14,MAP3K4,MAP3K6,MEF2C,NFKBIA,NFKBIE,PTK2B,PTPRC,RALA,SHC1,,,,,,,,,,
Semaphorin Neuronal Repulsive Signaling Pathway,0.69,0.0464,-0.816,AKT3,ITGB6,MAP2K6,PDE4A,PRKACA,SEMA6C,SEMA6D,,,,,,,,,,,,,,,,,,,,,,,,,,,
VEGF Signaling,0.686,0.0505,0.447,AKT3,HRAS,PTK2B,RALA,SHC1,,,,,,,,,,,,,,,,,,,,,,,,,,,,,
Leptin Signaling in Obesity,0.682,0.0541,#NUM!,ADCY5,AKT3,PLCD4,PRKACA,,,,,,,,,,,,,,,,,,,,,,,,,,,,,,
Hypoxia Signaling in the Cardiovascular System,0.682,0.0541,#NUM!,NFKBIA,NFKBIE,UBE2D1,UBE2I,,,,,,,,,,,,,,,,,,,,,,,,,,,,,,
Tumor Microenvironment Pathway,0.68,0.0447,-1.414,AKT3,FGF2,FGF6,HLA-A,HRAS,MAP3K14,RALA,TGFB2,,,,,,,,,,,,,,,,,,,,,,,,,,
Reelin Signaling in Neurons,0.676,0.0476,0,AKT3,ARHGEF9,CAMK2A,MAP2K6,MAP4K1,PDK4,,,,,,,,,,,,,,,,,,,,,,,,,,,,
MYC Mediated Apoptosis Signaling,0.676,0.06,#NUM!,IKBKE,PRKACA,TNFRSF1B,,,,,,,,,,,,,,,,,,,,,,,,,,,,,,,
Relaxin Signaling,0.672,0.0458,-0.447,ADCY5,AKT3,NFKBIA,NFKBIE,PDE4A,PDE7B,PRKACA,,,,,,,,,,,,,,,,,,,,,,,,,,,
14-3-3-mediated Signaling,0.666,0.0472,-0.447,AKT3,HRAS,PLCD4,RALA,TUBB,VIM,,,,,,,,,,,,,,,,,,,,,,,,,,,,
Sirtuin Signaling Pathway,0.66,0.0411,2.309,ATG13,ATG14,ATG16L2,E2F1,GABARAPL1,GADD45A,GADD45G,H1-2,H3-3A/H3-3B,RARB,SIRT7,UCP2,,,,,,,,,,,,,,,,,,,,,,
GDNF Family Ligand-Receptor Interactions,0.656,0.0526,0,DOK3,HRAS,RALA,SHC1,,,,,,,,,,,,,,,,,,,,,,,,,,,,,,
Neurotrophin/TRK Signaling,0.656,0.0526,-1,HRAS,MAP2K6,RALA,SHC1,,,,,,,,,,,,,,,,,,,,,,,,,,,,,,
Macropinocytosis Signaling,0.656,0.0526,#NUM!,ABI1,HRAS,ITGB6,RALA,,,,,,,,,,,,,,,,,,,,,,,,,,,,,,
Role of MAPK Signaling in Inhibiting the Pathogenesis of Influenza,0.656,0.0526,-2,MAP2K6,NFKBIA,NFKBIE,PLAAT1,,,,,,,,,,,,,,,,,,,,,,,,,,,,,,
UVB-Induced MAPK Signaling,0.642,0.0577,#NUM!,EIF4EBP1,H3-3A/H3-3B,RPS6KA5,,,,,,,,,,,,,,,,,,,,,,,,,,,,,,,
Toll-like Receptor Signaling,0.629,0.0513,#NUM!,MAP2K6,MAP3K14,NFKBIA,UBC,,,,,,,,,,,,,,,,,,,,,,,,,,,,,,
IL-7 Signaling Pathway,0.629,0.0513,2,AKT3,CCND3,IL7R,SHC1,,,,,,,,,,,,,,,,,,,,,,,,,,,,,,
Stearate Biosynthesis I (Animals),0.627,0.0566,#NUM!,ACOT11,ACSL6,PTGR2,,,,,,,,,,,,,,,,,,,,,,,,,,,,,,,
Estrogen-Dependent Breast Cancer Signaling,0.616,0.0506,-1,AKT3,ESR1,HRAS,RALA,,,,,,,,,,,,,,,,,,,,,,,,,,,,,,
Xenobiotic Metabolism CAR Signaling Pathway,0.614,0.0428,-1.414,CYP2C8,FMO2,HS2ST1,HS3ST5,MAP2K6,NRIP1,PPM1L,PPP2R3A,,,,,,,,,,,,,,,,,,,,,,,,,,
Renal Cell Carcinoma Signaling,0.606,0.05,#NUM!,AKT3,HRAS,RALA,UBC,,,,,,,,,,,,,,,,,,,,,,,,,,,,,,
Phosphatidylethanolamine Biosynthesis II,0.599,0.111,#NUM!,CHKB,,,,,,,,,,,,,,,,,,,,,,,,,,,,,,,,,
Salvage Pathways of Pyrimidine Deoxyribonucleotides,0.599,0.111,#NUM!,APOBEC3B,,,,,,,,,,,,,,,,,,,,,,,,,,,,,,,,,
EGF Signaling,0.597,0.0545,#NUM!,AKT3,HRAS,SHC1,,,,,,,,,,,,,,,,,,,,,,,,,,,,,,,
Role of PKR in Interferon Induction and Antiviral Response,0.58,0.0441,-0.816,E2F1,IFNGR1,IKBKE,MAP2K6,NFKBIA,NFKBIE,,,,,,,,,,,,,,,,,,,,,,,,,,,,
Role of CHK Proteins in Cell Cycle Checkpoint Control,0.569,0.0526,#NUM!,E2F1,PPM1L,PPP2R3A,,,,,,,,,,,,,,,,,,,,,,,,,,,,,,,
Role of IL-17A in Arthritis,0.569,0.0526,#NUM!,MAP2K6,NFKBIA,NFKBIE,,,,,,,,,,,,,,,,,,,,,,,,,,,,,,,
Human Embryonic Stem Cell Pluripotency,0.561,0.0422,#NUM!,AKT3,BMPR1A,FGF2,SMAD3,Tcf7,TGFB2,WNT5A,,,,,,,,,,,,,,,,,,,,,,,,,,,
Prostanoid Biosynthesis,0.559,0.1,#NUM!,HPGDS,,,,,,,,,,,,,,,,,,,,,,,,,,,,,,,,,
Calcium Transport I,0.559,0.1,#NUM!,ATP2B3,,,,,,,,,,,,,,,,,,,,,,,,,,,,,,,,,
CREB Signaling in Neurons,0.558,0.0365,-2.4,ADCY5,AKT3,BMPR1A,CACNA1I,CACNB1,CACNG6,Calm1 (includes others),CAMK2A,CRHR2,FGF2,GHR,GPR180,GTF2B,HRAS,MCHR1,P2RY1,P2RY10,PLCD4,PRKACA,RALA,SHC1,TGFB2,,,,,,,,,,,,
VEGF Family Ligand-Receptor Interactions,0.558,0.0476,0,AKT3,HRAS,RALA,SHC1,,,,,,,,,,,,,,,,,,,,,,,,,,,,,,
Nicotine Degradation III,0.554,0.0517,#NUM!,CYP1B1,CYP2C8,POR,,,,,,,,,,,,,,,,,,,,,,,,,,,,,,,
Airway Inflammation in Asthma,0.55,0.0606,#NUM!,IFNGR1,TGFB2,,,,,,,,,,,,,,,,,,,,,,,,,,,,,,,,
PDGF Signaling,0.536,0.0465,0,HRAS,INPP5D,RALA,SHC1,,,,,,,,,,,,,,,,,,,,,,,,,,,,,,
Inhibition of Angiogenesis by TSP1,0.533,0.0588,#NUM!,AKT3,THBS1,,,,,,,,,,,,,,,,,,,,,,,,,,,,,,,,
Pyrimidine Ribonucleotides Interconversion,0.533,0.0588,#NUM!,CANT1,CTPS2,,,,,,,,,,,,,,,,,,,,,,,,,,,,,,,,
Endometrial Cancer Signaling,0.529,0.05,#NUM!,AKT3,HRAS,RALA,,,,,,,,,,,,,,,,,,,,,,,,,,,,,,,
Retinoic acid Mediated Apoptosis Signaling,0.529,0.05,#NUM!,RARB,RXRG,TNKS,,,,,,,,,,,,,,,,,,,,,,,,,,,,,,,
Melatonin Degradation I,0.529,0.05,#NUM!,CYP1B1,CYP2C8,POR,,,,,,,,,,,,,,,,,,,,,,,,,,,,,,,
Ketogenesis,0.526,0.0909,#NUM!,HMGCS1,,,,,,,,,,,,,,,,,,,,,,,,,,,,,,,,,
_-glutamyl Cycle,0.526,0.0909,#NUM!,GCLM,,,,,,,,,,,,,,,,,,,,,,,,,,,,,,,,,
Purine Nucleotides De Novo Biosynthesis II,0.526,0.0909,#NUM!,ADSS1,,,,,,,,,,,,,,,,,,,,,,,,,,,,,,,,,
GDP-glucose Biosynthesis,0.526,0.0909,#NUM!,GCK,,,,,,,,,,,,,,,,,,,,,,,,,,,,,,,,,
BMP signaling pathway,0.526,0.046,-2,BMPR1A,HRAS,PRKACA,RALA,,,,,,,,,,,,,,,,,,,,,,,,,,,,,,
Regulation Of The Epithelial Mesenchymal Transition In Development Pathway,0.526,0.046,#NUM!,LOX,PYGO1,Tcf7,WNT5A,,,,,,,,,,,,,,,,,,,,,,,,,,,,,,
Estrogen Receptor Signaling,0.519,0.0371,-0.832,ADCY5,AKT3,CACNB1,CACNG6,EIF4EBP1,ESR1,HRAS,NRIP1,PLCD4,PRKACA,PRKAG3,RALA,RBFOX2,SHC1,TRIM63,,,,,,,,,,,,,,,,,,,
cAMP-mediated signaling,0.519,0.0393,-1.414,ADCY5,AKAP6,Calm1 (includes others),CAMK2A,DUSP4,PDE4A,PDE7B,PKIA,PRKACA,,,,,,,,,,,,,,,,,,,,,,,,,
Ephrin Receptor Signaling,0.513,0.0398,0.816,ABI1,AKT3,HRAS,ITGB6,MAP3K14,RALA,SH2D3C,SHC1,,,,,,,,,,,,,,,,,,,,,,,,,,
Coronavirus Pathogenesis Pathway,0.506,0.0396,0.707,ATP6V1A,E2F1,EEF1A1,HDAC2,NFKBIA,NFKBIE,SMAD3,TBK1,,,,,,,,,,,,,,,,,,,,,,,,,,
Semaphorin Signaling in Neurons,0.503,0.0484,#NUM!,RHOB,RHOBTB1,RHOH,,,,,,,,,,,,,,,,,,,,,,,,,,,,,,,
Retinoate Biosynthesis I,0.499,0.0556,#NUM!,DHRS7C,RDH14,,,,,,,,,,,,,,,,,,,,,,,,,,,,,,,,
Pyrimidine Ribonucleotides De Novo Biosynthesis,0.499,0.0556,#NUM!,CANT1,CTPS2,,,,,,,,,,,,,,,,,,,,,,,,,,,,,,,,
PAK Signaling,0.495,0.0424,0,HRAS,ITGB6,PTK2B,RALA,SHC1,,,,,,,,,,,,,,,,,,,,,,,,,,,,,
Glucose and Glucose-1-phosphate Degradation,0.493,0.0833,#NUM!,GCK,,,,,,,,,,,,,,,,,,,,,,,,,,,,,,,,,
Thrombopoietin Signaling,0.491,0.0476,#NUM!,HRAS,RALA,SHC1,,,,,,,,,,,,,,,,,,,,,,,,,,,,,,,
Endocannabinoid Neuronal Synapse Pathway,0.489,0.0408,-0.816,ADCY5,CACNA1I,CACNB1,CACNG6,PLCD4,PRKACA,,,,,,,,,,,,,,,,,,,,,,,,,,,,
Nitric Oxide Signaling in the Cardiovascular System,0.487,0.042,#NUM!,AKT3,CACNB1,CACNG6,Calm1 (includes others),PRKACA,,,,,,,,,,,,,,,,,,,,,,,,,,,,,
WNT/Ca+ pathway,0.48,0.0469,#NUM!,CAMK2A,PLCD4,WNT5A,,,,,,,,,,,,,,,,,,,,,,,,,,,,,,,
ERB2-ERBB3 Signaling,0.469,0.0462,#NUM!,HRAS,RALA,SHC1,,,,,,,,,,,,,,,,,,,,,,,,,,,,,,,
Superpathway of Melatonin Degradation,0.469,0.0462,#NUM!,CYP1B1,CYP2C8,POR,,,,,,,,,,,,,,,,,,,,,,,,,,,,,,,
Assembly of RNA Polymerase III Complex,0.466,0.0769,#NUM!,GTF3C4,,,,,,,,,,,,,,,,,,,,,,,,,,,,,,,,,
Acyl-CoA Hydrolysis,0.466,0.0769,#NUM!,ACOT11,,,,,,,,,,,,,,,,,,,,,,,,,,,,,,,,,
UDP-N-acetyl-D-galactosamine Biosynthesis II,0.466,0.0769,#NUM!,GCK,,,,,,,,,,,,,,,,,,,,,,,,,,,,,,,,,
ERBB Signaling,0.458,0.0426,-1,HRAS,MAP2K6,RALA,SHC1,,,,,,,,,,,,,,,,,,,,,,,,,,,,,,
Role of PI3K/AKT Signaling in the Pathogenesis of Influenza,0.457,0.0455,#NUM!,AKT3,NFKBIA,NFKBIE,,,,,,,,,,,,,,,,,,,,,,,,,,,,,,,
Phospholipases,0.457,0.0455,#NUM!,HMOX1,PLAAT1,PLCD4,,,,,,,,,,,,,,,,,,,,,,,,,,,,,,,
LXR/RXR Activation,0.455,0.0407,-1,APOD,LYZ,MLXIPL,RXRG,TNFRSF1B,,,,,,,,,,,,,,,,,,,,,,,,,,,,,
Fatty Acid Activation,0.44,0.0714,#NUM!,ACSL6,,,,,,,,,,,,,,,,,,,,,,,,,,,,,,,,,
Mevalonate Pathway I,0.44,0.0714,#NUM!,HMGCS1,,,,,,,,,,,,,,,,,,,,,,,,,,,,,,,,,
ERBB4 Signaling,0.437,0.0441,#NUM!,HRAS,RALA,SHC1,,,,,,,,,,,,,,,,,,,,,,,,,,,,,,,
Remodeling of Epithelial Adherens Junctions,0.437,0.0441,#NUM!,RALA,TUBB,ZYX,,,,,,,,,,,,,,,,,,,,,,,,,,,,,,,
RHOGDI Signaling,0.428,0.0372,0,ARHGAP4,ARHGEF9,CDH4,ESR1,ITGB6,RHOB,RHOBTB1,RHOH,,,,,,,,,,,,,,,,,,,,,,,,,,
Actin Cytoskeleton Signaling,0.427,0.0367,0,FGF2,FGF6,HRAS,ITGB6,MATK,MYO5C,NCKAP1L,RALA,SHC1,,,,,,,,,,,,,,,,,,,,,,,,,
GP6 Signaling Pathway,0.425,0.0394,-0.447,AKT3,BTK,Calm1 (includes others),COL15A1,COL6A6,,,,,,,,,,,,,,,,,,,,,,,,,,,,,
Telomere Extension by Telomerase,0.417,0.0667,#NUM!,TNKS,,,,,,,,,,,,,,,,,,,,,,,,,,,,,,,,,
Superpathway of Citrulline Metabolism,0.417,0.0667,#NUM!,NOS1,,,,,,,,,,,,,,,,,,,,,,,,,,,,,,,,,
Choline Biosynthesis III,0.417,0.0667,#NUM!,HMOX1,,,,,,,,,,,,,,,,,,,,,,,,,,,,,,,,,
Heparan Sulfate Biosynthesis (Late Stages),0.407,0.0423,#NUM!,EXTL2,HS2ST1,HS3ST5,,,,,,,,,,,,,,,,,,,,,,,,,,,,,,,
LPS/IL-1 Mediated Inhibition of RXR Function,0.401,0.036,1,ACSL6,CYP2C8,FMO2,HMGCS1,HS2ST1,HS3ST5,PAPSS2,PPARGC1B,TNFRSF1B,,,,,,,,,,,,,,,,,,,,,,,,,
fMLP Signaling in Neutrophils,0.396,0.0382,-2.236,Calm1 (includes others),HRAS,NFKBIA,NFKBIE,RALA,,,,,,,,,,,,,,,,,,,,,,,,,,,,,
GABA Receptor Signaling,0.396,0.0382,#NUM!,ADCY5,CACNA1I,CACNB1,CACNG6,UBC,,,,,,,,,,,,,,,,,,,,,,,,,,,,,
Inhibition of ARE-Mediated mRNA Degradation Pathway,0.395,0.0373,0.816,AKT3,PPM1L,PPP2R3A,PRKACA,TNFRSF1B,ZFP36,,,,,,,,,,,,,,,,,,,,,,,,,,,,
Xenobiotic Metabolism PXR Signaling Pathway,0.395,0.0366,-1.89,CAMK2A,CYP2C8,HS2ST1,HS3ST5,NRIP1,PPP1R14C,PRKACA,,,,,,,,,,,,,,,,,,,,,,,,,,,
tRNA Splicing,0.388,0.0455,#NUM!,PDE4A,PDE7B,,,,,,,,,,,,,,,,,,,,,,,,,,,,,,,,
GPCR-Mediated Integration of Enteroendocrine Signaling Exemplified by an L Cell,0.388,0.0411,#NUM!,ADCY5,PLCD4,PRKACA,,,,,,,,,,,,,,,,,,,,,,,,,,,,,,,
EIF2 Signaling,0.385,0.0359,0.378,AKT3,EIF4A1,HRAS,RALA,Rpl22l1,RPL3,RPL3L,SHC1,,,,,,,,,,,,,,,,,,,,,,,,,,
Leukocyte Extravasation Signaling,0.384,0.0363,0.447,ARHGAP4,BTK,CLDN5,MAP3K4,PTK2B,RHOH,TEC,,,,,,,,,,,,,,,,,,,,,,,,,,,
Neuroinflammation Signaling Pathway,0.382,0.0349,2.111,ACVR2B,AKT3,HLA-A,HLA-DOB,HMOX1,IFNGR1,IKBKE,MFGE8,P2RX7,TBK1,TGFB2,,,,,,,,,,,,,,,,,,,,,,,
Role of IL-17F in Allergic Inflammatory Airway Diseases,0.377,0.0444,#NUM!,RPS6KA2,RPS6KA5,,,,,,,,,,,,,,,,,,,,,,,,,,,,,,,,
Dermatan Sulfate Biosynthesis (Late Stages),0.377,0.0444,#NUM!,HS2ST1,HS3ST5,,,,,,,,,,,,,,,,,,,,,,,,,,,,,,,,
"D-myo-inositol (1,4,5)-trisphosphate Degradation",0.375,0.0588,#NUM!,INPP5D,,,,,,,,,,,,,,,,,,,,,,,,,,,,,,,,,
Caveolar-mediated Endocytosis Signaling,0.371,0.04,#NUM!,HLA-A,ITGB6,PTPN1,,,,,,,,,,,,,,,,,,,,,,,,,,,,,,,
Kinetochore Metaphase Signaling Pathway,0.37,0.0381,1,CDC26,KAT5,PPP1R14C,ZWINT,,,,,,,,,,,,,,,,,,,,,,,,,,,,,,
Role of OCT4 in Mammalian Embryonic Stem Cell Pluripotency,0.366,0.0435,#NUM!,JARID2,PHC3,,,,,,,,,,,,,,,,,,,,,,,,,,,,,,,,
Apelin Pancreas Signaling Pathway,0.366,0.0435,#NUM!,PRKACA,PRKAG3,,,,,,,,,,,,,,,,,,,,,,,,,,,,,,,,
IL-23 Signaling Pathway,0.366,0.0435,#NUM!,AKT3,NFKBIA,,,,,,,,,,,,,,,,,,,,,,,,,,,,,,,,
Gap Junction Signaling,0.358,0.0354,#NUM!,ADCY5,AKT3,HRAS,PLCD4,PRKACA,RALA,TUBB,,,,,,,,,,,,,,,,,,,,,,,,,,,
_-linolenate Biosynthesis II (Animals),0.357,0.0556,#NUM!,ACSL6,,,,,,,,,,,,,,,,,,,,,,,,,,,,,,,,,
Mitochondrial L-carnitine Shuttle Pathway,0.357,0.0556,#NUM!,ACSL6,,,,,,,,,,,,,,,,,,,,,,,,,,,,,,,,,
"D-myo-inositol (1,3,4)-trisphosphate Biosynthesis",0.357,0.0556,#NUM!,INPP5D,,,,,,,,,,,,,,,,,,,,,,,,,,,,,,,,,
Superpathway of Geranylgeranyldiphosphate Biosynthesis I (via Mevalonate),0.357,0.0556,#NUM!,HMGCS1,,,,,,,,,,,,,,,,,,,,,,,,,,,,,,,,,
Chondroitin Sulfate Biosynthesis (Late Stages),0.355,0.0426,#NUM!,HS2ST1,HS3ST5,,,,,,,,,,,,,,,,,,,,,,,,,,,,,,,,
TREM1 Signaling,0.354,0.039,#NUM!,AKT3,CD83,CIITA,,,,,,,,,,,,,,,,,,,,,,,,,,,,,,,
Antiproliferative Role of Somatostatin Receptor 2,0.354,0.039,#NUM!,HRAS,NOS1,RALA,,,,,,,,,,,,,,,,,,,,,,,,,,,,,,,
RAC Signaling,0.351,0.0362,#NUM!,ANK1,HRAS,ITGB6,PTK2B,RALA,,,,,,,,,,,,,,,,,,,,,,,,,,,,,
G_i Signaling,0.351,0.0362,-0.447,ADCY5,HRAS,PRKACA,RALA,SHC1,,,,,,,,,,,,,,,,,,,,,,,,,,,,,
Paxillin Signaling,0.348,0.037,#NUM!,HRAS,ITGB6,PTK2B,RALA,,,,,,,,,,,,,,,,,,,,,,,,,,,,,,
Heparan Sulfate Biosynthesis,0.346,0.0385,#NUM!,EXTL2,HS2ST1,HS3ST5,,,,,,,,,,,,,,,,,,,,,,,,,,,,,,,
Apelin Muscle Signaling Pathway,0.345,0.0417,#NUM!,AKT3,PRKAG3,,,,,,,,,,,,,,,,,,,,,,,,,,,,,,,,
DNA damage-induced 14-3-3_ Signaling,0.339,0.0526,#NUM!,AKT3,,,,,,,,,,,,,,,,,,,,,,,,,,,,,,,,,
Assembly of RNA Polymerase II Complex,0.324,0.04,#NUM!,GTF2B,TAF7,,,,,,,,,,,,,,,,,,,,,,,,,,,,,,,,
Cell Cycle: G2/M DNA Damage Checkpoint Regulation,0.324,0.04,#NUM!,GADD45A,MDM4,,,,,,,,,,,,,,,,,,,,,,,,,,,,,,,,
The Visual Cycle,0.323,0.05,#NUM!,RDH14,,,,,,,,,,,,,,,,,,,,,,,,,,,,,,,,,
Methylglyoxal Degradation III,0.323,0.05,#NUM!,PTGR2,,,,,,,,,,,,,,,,,,,,,,,,,,,,,,,,,
Inflammasome pathway,0.323,0.05,#NUM!,P2RX7,,,,,,,,,,,,,,,,,,,,,,,,,,,,,,,,,
Signaling by Rho Family GTPases,0.321,0.0336,0.378,ARHGEF9,CDH4,ITGB6,PTK2B,RHOB,RHOBTB1,RHOH,SEPTIN11,VIM,,,,,,,,,,,,,,,,,,,,,,,,,
UVC-Induced MAPK Signaling,0.315,0.0392,#NUM!,HRAS,RALA,,,,,,,,,,,,,,,,,,,,,,,,,,,,,,,,
TR/RXR Activation,0.301,0.0357,#NUM!,AKT3,RXRG,UCP2,,,,,,,,,,,,,,,,,,,,,,,,,,,,,,,
Regulation of Actin-based Motility by Rho,0.298,0.0345,#NUM!,ITGB6,RHOB,RHOBTB1,RHOH,,,,,,,,,,,,,,,,,,,,,,,,,,,,,,
Methionine Degradation I (to Homocysteine),0.294,0.0455,#NUM!,MAT2A,,,,,,,,,,,,,,,,,,,,,,,,,,,,,,,,,
Breast Cancer Regulation by Stathmin1,0.291,0.0321,-2.357,ARHGEF9,CAMK2A,CCND3,CRHR2,E2F1,FGF2,GPR180,HRAS,MCHR1,P2RY1,P2RY10,PPM1L,PPP1R14C,PPP2R3A,PRKACA,RALA,SHC1,TGFB2,TUBB,,,,,,,,,,,,,,,
Transcriptional Regulatory Network in Embryonic Stem Cells,0.289,0.037,#NUM!,H3-3A/H3-3B,PAX6,,,,,,,,,,,,,,,,,,,,,,,,,,,,,,,,
Prolactin Signaling,0.287,0.0349,#NUM!,HRAS,RALA,SHC1,,,,,,,,,,,,,,,,,,,,,,,,,,,,,,,
Apelin Adipocyte Signaling Pathway,0.287,0.0349,#NUM!,ADCY5,PRKACA,PRKAG3,,,,,,,,,,,,,,,,,,,,,,,,,,,,,,,
Airway Pathology in Chronic Obstructive Pulmonary Disease,0.287,0.0339,#NUM!,APOD,FGF2,FGF6,TGFB2,,,,,,,,,,,,,,,,,,,,,,,,,,,,,,
Chondroitin Sulfate Biosynthesis,0.281,0.0364,#NUM!,HS2ST1,HS3ST5,,,,,,,,,,,,,,,,,,,,,,,,,,,,,,,,
"Superpathway of D-myo-inositol (1,4,5)-trisphosphate Metabolism",0.281,0.0435,#NUM!,INPP5D,,,,,,,,,,,,,,,,,,,,,,,,,,,,,,,,,
Xenobiotic Metabolism AHR Signaling Pathway,0.281,0.0345,#NUM!,CYP1B1,NQO2,NRIP1,,,,,,,,,,,,,,,,,,,,,,,,,,,,,,,
IL-22 Signaling,0.268,0.0417,#NUM!,AKT3,,,,,,,,,,,,,,,,,,,,,,,,,,,,,,,,,
TCA Cycle II (Eukaryotic),0.268,0.0417,#NUM!,IDH3A,,,,,,,,,,,,,,,,,,,,,,,,,,,,,,,,,
Cysteine Biosynthesis III (mammalia),0.268,0.0417,#NUM!,MAT2A,,,,,,,,,,,,,,,,,,,,,,,,,,,,,,,,,
IL-17 Signaling,0.263,0.0321,-0.816,AKT3,HRAS,MAP2K6,MAP3K14,RALA,TGFB2,,,,,,,,,,,,,,,,,,,,,,,,,,,,
MSP-RON Signaling Pathway,0.257,0.0345,#NUM!,CSF2RB,RPS6KA2,,,,,,,,,,,,,,,,,,,,,,,,,,,,,,,,
"Tryptophan Degradation X (Mammalian, via Tryptamine)",0.257,0.04,#NUM!,RDH14,,,,,,,,,,,,,,,,,,,,,,,,,,,,,,,,,
Dermatan Sulfate Biosynthesis,0.257,0.0345,#NUM!,HS2ST1,HS3ST5,,,,,,,,,,,,,,,,,,,,,,,,,,,,,,,,
"Role of JAK1, JAK2 and TYK2 in Interferon Signaling",0.246,0.0385,#NUM!,IFNGR1,,,,,,,,,,,,,,,,,,,,,,,,,,,,,,,,,
"D-myo-inositol (1,4,5)-Trisphosphate Biosynthesis",0.246,0.0385,#NUM!,PLCD4,,,,,,,,,,,,,,,,,,,,,,,,,,,,,,,,,
PCP (Planar Cell Polarity) Pathway,0.243,0.0333,#NUM!,DAAM1,WNT5A,,,,,,,,,,,,,,,,,,,,,,,,,,,,,,,,
SPINK1 Pancreatic Cancer Pathway,0.243,0.0333,#NUM!,CPE,SMAD3,,,,,,,,,,,,,,,,,,,,,,,,,,,,,,,,
Superpathway of Cholesterol Biosynthesis,0.217,0.0345,#NUM!,HMGCS1,,,,,,,,,,,,,,,,,,,,,,,,,,,,,,,,,
Role of p14/p19ARF in Tumor Suppression,0.217,0.0345,#NUM!,E2F1,,,,,,,,,,,,,,,,,,,,,,,,,,,,,,,,,
Sonic Hedgehog Signaling,0.217,0.0345,#NUM!,PRKACA,,,,,,,,,,,,,,,,,,,,,,,,,,,,,,,,,
Circadian Rhythm Signaling,0,0.0303,#NUM!,PER3,,,,,,,,,,,,,,,,,,,,,,,,,,,,,,,,,
Axonal Guidance Signaling,0,0.0237,#NUM!,ADAMTS20,AKT3,HRAS,ITGB6,PLCD4,PRKACA,RALA,SEMA6C,SEMA6D,SHC1,TUBB,WNT5A,,,,,,,,,,,,,,,,,,,,,,
Mitochondrial Dysfunction,0,0.00585,#NUM!,UCP2,,,,,,,,,,,,,,,,,,,,,,,,,,,,,,,,,
FXR/RXR Activation,0,0.0238,#NUM!,AKT3,APOD,MLXIPL,,,,,,,,,,,,,,,,,,,,,,,,,,,,,,,
Role of BRCA1 in DNA Damage Response,0,0.025,#NUM!,E2F1,GADD45A,,,,,,,,,,,,,,,,,,,,,,,,,,,,,,,,
Role of Pattern Recognition Receptors in Recognition of Bacteria and Viruses,0,0.0128,#NUM!,PTX3,TGFB2,,,,,,,,,,,,,,,,,,,,,,,,,,,,,,,,
Role of NFAT in Regulation of the Immune Response,0,0.0272,1.387,AKT3,BLNK,BTK,Calm1 (includes others),CD4,CD79A,CD79B,HLA-A,HLA-DOB,HRAS,IKBKE,MEF2C,NFKBIA,NFKBIE,ORAI1,RALA,,,,,,,,,,,,,,,,,,
CCR5 Signaling in Macrophages,0,0.012,#NUM!,CACNA1I,CACNB1,CACNG6,Calm1 (includes others),CD4,PTK2B,,,,,,,,,,,,,,,,,,,,,,,,,,,,
Calcium-induced T Lymphocyte Apoptosis,0,0.013,1,Calm1 (includes others),CD4,HDAC2,HLA-A,HLA-DOB,ORAI1,,,,,,,,,,,,,,,,,,,,,,,,,,,,
Cytotoxic T Lymphocyte-mediated Apoptosis of Target Cells,0,0.00235,#NUM!,HLA-A,,,,,,,,,,,,,,,,,,,,,,,,,,,,,,,,,
CTLA4 Signaling in Cytotoxic T Lymphocytes,0,0.0105,#NUM!,AKT3,CLTA,HLA-A,PPM1L,PPP2R3A,,,,,,,,,,,,,,,,,,,,,,,,,,,,,
T Helper Cell Differentiation,0,0.0149,#NUM!,HLA-A,HLA-DOB,ICOS,ICOSLG/LOC102723996,IFNGR1,IL4R,TNFRSF1B,,,,,,,,,,,,,,,,,,,,,,,,,,,
CCR3 Signaling in Eosinophils,0,0.0222,#NUM!,Calm1 (includes others),HRAS,RALA,,,,,,,,,,,,,,,,,,,,,,,,,,,,,,,
CD28 Signaling in T Helper Cells,0,0.0174,1.342,AKT3,Calm1 (includes others),CD4,HLA-A,HLA-DOB,IKBKE,NFKBIA,NFKBIE,PTPRC,,,,,,,,,,,,,,,,,,,,,,,,,
IL-15 Signaling,0,0.0133,0.447,AKT3,HRAS,IGKC,Iglc1,IL2RB,RALA,SHC1,,,,,,,,,,,,,,,,,,,,,,,,,,,
Dendritic Cell Maturation,0,0.017,2.53,AKT3,CD83,HLA-A,HLA-DOB,IKBKE,MAP3K14,NFKBIA,NFKBIE,PLCD4,TNFRSF1B,,,,,,,,,,,,,,,,,,,,,,,,
Neuropathic Pain Signaling In Dorsal Horn Neurons,0,0.0297,#NUM!,CAMK2A,PLCD4,PRKACA,,,,,,,,,,,,,,,,,,,,,,,,,,,,,,,
Agrin Interactions at Neuromuscular Junction,0,0.0286,#NUM!,HRAS,RALA,,,,,,,,,,,,,,,,,,,,,,,,,,,,,,,,
Docosahexaenoic Acid (DHA) Signaling,0,0.0263,#NUM!,AKT3,,,,,,,,,,,,,,,,,,,,,,,,,,,,,,,,,
ICOS-ICOSL Signaling in T Helper Cells,0,0.0296,1.732,AKT3,Calm1 (includes others),CAMK2A,CD4,HLA-A,HLA-DOB,ICOS,ICOSLG/LOC102723996,IKBKE,IL2RB,INPP5D,NFKBIA,NFKBIE,PTPRC,SHC1,,,,,,,,,,,,,,,,,,,
Polyamine Regulation in Colon Cancer,0,0.0161,#NUM!,ODC1,,,,,,,,,,,,,,,,,,,,,,,,,,,,,,,,,
Type I Diabetes Mellitus Signaling,0,0.0196,1.89,CPE,HLA-A,HLA-DOB,IFNGR1,IKBKE,MAP2K6,MAP3K14,NFKBIA,NFKBIE,TNFRSF1B,,,,,,,,,,,,,,,,,,,,,,,,
Basal Cell Carcinoma Signaling,0,0.0278,#NUM!,Tcf7,WNT5A,,,,,,,,,,,,,,,,,,,,,,,,,,,,,,,,
Allograft Rejection Signaling,0,0.00414,#NUM!,HLA-A,HLA-DOB,,,,,,,,,,,,,,,,,,,,,,,,,,,,,,,,
Autoimmune Thyroid Disease Signaling,0,0.00442,#NUM!,HLA-A,HLA-DOB,,,,,,,,,,,,,,,,,,,,,,,,,,,,,,,,
Graft-versus-Host Disease Signaling,0,0.00448,#NUM!,HLA-A,HLA-DOB,,,,,,,,,,,,,,,,,,,,,,,,,,,,,,,,
Communication between Innate and Adaptive Immune Cells,0,0.00861,#NUM!,CD4,CD79A,CD79B,CD83,HLA-A,IGKC,Iglc1,TNFRSF13B,,,,,,,,,,,,,,,,,,,,,,,,,,
Systemic Lupus Erythematosus Signaling,0,0.0209,#NUM!,AKT3,CD79A,CD79B,HLA-A,HRAS,INPP5D,LSM12,PTPRC,RALA,SNRNP40,SNRNP48,SNRPD3,SNRPN,,,,,,,,,,,,,,,,,,,,,
CDC42 Signaling,0,0.0087,#NUM!,HLA-A,HLA-DOB,ITGB6,RALA,TNK2,,,,,,,,,,,,,,,,,,,,,,,,,,,,,
RHOA Signaling,0,0.0242,#NUM!,ARHGAP4,PTK2B,SEPTIN11,,,,,,,,,,,,,,,,,,,,,,,,,,,,,,,
Phospholipase C Signaling,0,0.0267,0.535,ADCY5,ARHGEF9,BLNK,BTK,Calm1 (includes others),CD79A,CD79B,HDAC2,HMOX1,HRAS,ITGB6,MEF2C,PLCD4,RALA,RHOB,RHOBTB1,RHOH,SHC1,,,,,,,,,,,,,,,,
Altered T Cell and B Cell Signaling in Rheumatoid Arthritis,0,0.0142,#NUM!,CD79A,CD79B,CXCL13,HLA-A,HLA-DOB,MAP3K14,TNFRSF13B,,,,,,,,,,,,,,,,,,,,,,,,,,,
Atherosclerosis Signaling,0,0.0231,#NUM!,APOD,LYZ,PLAAT1,,,,,,,,,,,,,,,,,,,,,,,,,,,,,,,
Neuroprotective Role of THOP1 in Alzheimer's Disease,0,0.0254,#NUM!,HLA-A,PRKACA,SERPINA3,,,,,,,,,,,,,,,,,,,,,,,,,,,,,,,
Regulation of IL-2 Expression in Activated and Anergic T Lymphocytes,0,0.0195,1,Calm1 (includes others),HRAS,IKBKE,NFKBIA,NFKBIE,RALA,SMAD3,TGFB2,TOB1,,,,,,,,,,,,,,,,,,,,,,,,,
Role of WNT/GSK-3_ Signaling in the Pathogenesis of Influenza,0,0.0256,#NUM!,Tcf7,WNT5A,,,,,,,,,,,,,,,,,,,,,,,,,,,,,,,,
NUR77 Signaling in T Lymphocytes,0,0.00781,#NUM!,Calm1 (includes others),HDAC2,HLA-A,HLA-DOB,,,,,,,,,,,,,,,,,,,,,,,,,,,,,,
PKC_ Signaling in T Lymphocytes,0,0.0269,1.155,CACNA1I,CACNB1,CACNG6,CAMK2A,CD4,HLA-A,HLA-DOB,HRAS,IKBKE,MAP3K14,MAP3K4,MAP3K6,NFKBIA,NFKBIE,RALA,,,,,,,,,,,,,,,,,,,
Antiproliferative Role of TOB in T Cell Signaling,0,0.00704,#NUM!,SMAD3,TGFB2,TOB1,,,,,,,,,,,,,,,,,,,,,,,,,,,,,,,
OX40 Signaling Pathway,0,0.0104,#NUM!,CD4,HLA-A,HLA-DOB,NFKBIA,NFKBIE,,,,,,,,,,,,,,,,,,,,,,,,,,,,,
Cell Cycle Control of Chromosomal Replication,0,0.0179,#NUM!,CDK9,,,,,,,,,,,,,,,,,,,,,,,,,,,,,,,,,
Hematopoiesis from Pluripotent Stem Cells,0,0.00227,#NUM!,CD4,,,,,,,,,,,,,,,,,,,,,,,,,,,,,,,,,
Ephrin B Signaling,0,0.0278,#NUM!,ABI1,HRAS,,,,,,,,,,,,,,,,,,,,,,,,,,,,,,,,
Glutathione-mediated Detoxification,0,0.0312,#NUM!,HPGDS,,,,,,,,,,,,,,,,,,,,,,,,,,,,,,,,,
tRNA Charging,0,0.0256,#NUM!,VARS1,,,,,,,,,,,,,,,,,,,,,,,,,,,,,,,,,
Retinol Biosynthesis,0,0.0227,#NUM!,RDH14,,,,,,,,,,,,,,,,,,,,,,,,,,,,,,,,,
Triacylglycerol Biosynthesis,0,0.0213,#NUM!,LPIN2,,,,,,,,,,,,,,,,,,,,,,,,,,,,,,,,,
Oxidative Ethanol Degradation III,0,0.0182,#NUM!,CYP2C8,,,,,,,,,,,,,,,,,,,,,,,,,,,,,,,,,
Fatty Acid _-oxidation I,0,0.0294,#NUM!,ACSL6,,,,,,,,,,,,,,,,,,,,,,,,,,,,,,,,,
Superpathway of Methionine Degradation,0,0.027,#NUM!,MAT2A,,,,,,,,,,,,,,,,,,,,,,,,,,,,,,,,,
G_s Signaling,0,0.0165,#NUM!,ADCY5,PRKACA,,,,,,,,,,,,,,,,,,,,,,,,,,,,,,,,
Agranulocyte Adhesion and Diapedesis,0,0.0234,#NUM!,CLDN5,CXCL13,MYO5C,SDC4,SELL,,,,,,,,,,,,,,,,,,,,,,,,,,,,,
Granulocyte Adhesion and Diapedesis,0,0.0265,#NUM!,CLDN5,CXCL13,SDC4,SELL,TNFRSF1B,,,,,,,,,,,,,,,,,,,,,,,,,,,,,
TEC Kinase Signaling,0,0.0121,2.236,BTK,ITGB6,PTK2B,RHOB,RHOBTB1,RHOH,TEC,,,,,,,,,,,,,,,,,,,,,,,,,,,
SAPK/JNK Signaling,0,0.0179,-0.333,DUSP10,DUSP4,GADD45A,HRAS,MAP3K4,MAP4K1,MAP4K2,RALA,SHC1,,,,,,,,,,,,,,,,,,,,,,,,,
Interferon Signaling,0,0.0278,#NUM!,IFNGR1,,,,,,,,,,,,,,,,,,,,,,,,,,,,,,,,,
Serotonin Receptor Signaling,0,0.0233,#NUM!,ADCY5,,,,,,,,,,,,,,,,,,,,,,,,,,,,,,,,,
Phototransduction Pathway,0,0.0185,#NUM!,PRKACA,,,,,,,,,,,,,,,,,,,,,,,,,,,,,,,,,
Glutamate Receptor Signaling,0,0.0303,#NUM!,Calm1 (includes others),HOMER1,,,,,,,,,,,,,,,,,,,,,,,,,,,,,,,,
NF-_B Signaling,0,0.0246,-0.535,AKT3,BMPR1A,GHR,HDAC2,HRAS,MAP2K6,MAP3K14,NFKBIA,NFKBIE,PELI1,PRKACA,RALA,TBK1,TNFRSF1B,,,,,,,,,,,,,,,,,,,,
T Cell Receptor Signaling,0,0.0261,1.807,AKT3,Calm1 (includes others),CD4,HLA-A,HLA-DOB,HRAS,ICOS,ICOSLG/LOC102723996,IKBKE,MAP2K6,NFKBIA,NFKBIE,PTK2B,PTPRC,RALA,Tcf7,,,,,,,,,,,,,,,,,,
Phagosome Formation,0,0.0203,-1.604,AKT3,CRHR2,GPR180,HMOX1,HRAS,ITGB6,MAP2K6,MCHR1,MYO5C,P2RY1,P2RY10,PLAAT1,PTK2B,RALA,,,,,,,,,,,,,,,,,,,,
Th17 Activation Pathway,0,0.00207,#NUM!,IRF4,,,,,,,,,,,,,,,,,,,,,,,,,,,,,,,,,
"NER (Nucleotide Excision Repair, Enhanced Pathway)",0,0.0291,#NUM!,H3-3A/H3-3B,POLK,UBE2I,,,,,,,,,,,,,,,,,,,,,,,,,,,,,,,
Apelin Cardiomyocyte Signaling Pathway,0,0.0202,#NUM!,AKT3,PLCD4,,,,,,,,,,,,,,,,,,,,,,,,,,,,,,,,
BAG2 Signaling Pathway,0,0.0119,#NUM!,UBE2D1,,,,,,,,,,,,,,,,,,,,,,,,,,,,,,,,,
T Cell Exhaustion Signaling Pathway,0,0.0194,-1.89,ACVR2B,AKT3,BTLA,HLA-A,HLA-DOB,HRAS,IRF4,PPM1L,PPP2R3A,RALA,SMAD3,,,,,,,,,,,,,,,,,,,,,,,
Systemic Lupus Erythematosus In T Cell Signaling Pathway,0,0.0313,1.342,AKT3,CASQ1,ELF1,ESR1,GADD45A,HLA-A,HLA-DOB,HRAS,ICOS,ICOSLG/LOC102723996,IRF4,MAP2K6,NOS1,ORAI1,PPM1L,PPP2R3A,RALA,RHOB,RHOBTB1,RHOH,,,,,,,,,,,,,,
Systemic Lupus Erythematosus In B Cell Signaling Pathway,0,0.0277,0.943,AKT3,BLNK,BTK,Calm1 (includes others),CCND3,CD19,CD79A,CD79B,HRAS,IFNGR1,IGKC,Iglc1,INPP5D,LILRB4,MAP3K14,RALA,RASGRP3,SHC1,TBK1,TGFB2,,,,,,,,,,,,,,
Coronavirus Replication Pathway,0,0.0222,#NUM!,TUBB,,,,,,,,,,,,,,,,,,,,,,,,,,,,,,,,,
Eicosanoid Signaling,0,0.0299,#NUM!,HPGDS,PLAAT1,,,,,,,,,,,,,,,,,,,,,,,,,,,,,,,,