Upstream Regulator,Expr Log Ratio,Molecule Type,Predicted Activation State,Activation z-score,p-value of overlap,Target Molecules in Dataset,,,,,,,,,,,,,,,,,,,,,,,,,,,,,,,,,,,,,,,,,,,,,,,,,,,,,,,,,,,,,,,,,,,,,,,,,,,,,,,,,,,,,
DYSF, ,other, , ,2.36E-09,CD53,CD74,CD83,CTSS,CTSV,DNAJB1,ERRFI1,FTL,GABARAPL1,HLA-A,HSPB1,IDH3A,IFI16,LILRB4,LYZ,Mir142hg,MPEG1,SERPINA3,,,,,,,,,,,,,,,,,,,,,,,,,,,,,,,,,,,,,,,,,,,,,,,,,,,,,,,,,,,,,,,,,,,,
MED1, ,transcription regulator, ,0.724,9.36E-08,ADCY5,BCL11A,CCND3,CD79A,CD79B,CEBPA,E2F1,EML1,Foxp1,GADD45A,GCK,GHR,IKZF1,IL2RB,IRF4,MEF2C,OTUB2,POU2AF1,RARB,SCPEP1,SYNPO2,Tcf7,THBS1,,,,,,,,,,,,,,,,,,,,,,,,,,,,,,,,,,,,,,,,,,,,,,,,,,,,,,,,,,,,,,,
ID2, ,transcription regulator, ,0.845,0.000000288,CD19,CD79A,CD83,CSF2RB,DUSP10,DUSP4,Foxp1,GADD45G,ICOSLG/LOC102723996,ID3,IFNGR1,IKZF3,IL2RB,IL4R,IL7R,IRF4,MAF,MAP2K6,MAP3K14,NFKBIE,PTPN3,RPS6KA2,SELL,Tcf7,,,,,,,,,,,,,,,,,,,,,,,,,,,,,,,,,,,,,,,,,,,,,,,,,,,,,,,,,,,,,,
DMD, ,other,Inhibited,-2.781,0.000000407,AQP4,ARHGAP20,BLNK,CAPN3,CASQ1,CHRNE,CLIP4,CTSS,EEF1A1,IGFN1,KCNC1,KY,LYZ,MEF2C,MPEG1,NOS1,NQO2,PADI2,PDK4,PPP1R14C,RPL3L,ST3GAL6,SYNM,VIM,,,,,,,,,,,,,,,,,,,,,,,,,,,,,,,,,,,,,,,,,,,,,,,,,,,,,,,,,,,,,,
LDB1,0.869,transcription regulator, ,-1.134,0.000000495,BCL11A,BTK,CCND3,CD53,CD79B,ETV3,GIMAP8,ICOSLG/LOC102723996,JARID2,KLF11,LPIN2,MEF2C,MFGE8,PTPN3,RHOH,RPL3L,RPS6KA2,SLC16A5,SLC43A1,SMAD3,SOBP,Tcf7,TGFB2,TNFRSF13B,TNFRSF1B,TRIM35,TXNIP,UNC93B1,,,,,,,,,,,,,,,,,,,,,,,,,,,,,,,,,,,,,,,,,,,,,,,,,,,,,,,,,,
Tcf7,2.792,transcription regulator, ,-0.166,0.000000569,ARHGAP20,ARRDC4,C3orf70,CAPN3,CD4,CD83,CERK,CPE,E130308A19Rik,ID3,IFNGR1,IKZF3,IL2RB,IL7R,INPP5D,IRF4,MAF,MBNL3,PAPSS2,PPM1L,RRAGD,SELL,TOX,ZC3H12D,,,,,,,,,,,,,,,,,,,,,,,,,,,,,,,,,,,,,,,,,,,,,,,,,,,,,,,,,,,,,,
BNIP3L, ,other,Activated,2.111,0.000000674,ANK1,BLNK,CCND3,CD19,CD79B,E2F1,GADD45A,IL2RB,MAP4K1,NFKBIA,PTK2B,TFRC,,,,,,,,,,,,,,,,,,,,,,,,,,,,,,,,,,,,,,,,,,,,,,,,,,,,,,,,,,,,,,,,,,,,,,,,,,
SATB1, ,transcription regulator, ,0.035,0.00000224,BLNK,BTLA,CEMIP2,DNMT3A,DUSP4,Foxp1,HLA-DOB,HVCN1,ID3,IKZF1,IL4R,IL7R,KLF2,LPIN2,MAF,SELL,SMAD3,SUN2,TBX6,,,,,,,,,,,,,,,,,,,,,,,,,,,,,,,,,,,,,,,,,,,,,,,,,,,,,,,,,,,,,,,,,,,
TNF, ,cytokine, ,1.847,0.0000032,ADCY5,APOBEC3B,CCND3,CD74,CD83,CEBPA,CEBPD,CLASP1,CLDN5,CTSS,CXCL13,CYP1B1,CYP2C8,DEPP1,DSC3,DUSP10,FGF2,GADD45A,GADD45G,GCLM,HLA-A,HMOX1,ICOS,ICOSLG/LOC102723996,ID1,IFI16,IFNGR1,IKBKE,IL4R,IL7R,IRF4,ITGB6,JARID2,Kcnn2,LOX,MAFF,MAP3K14,MAP3K4,Mt1,Mt2,NFKBIA,NFKBIE,PTPRC,PTX3,RHOB,SDC4,SERPINA3,SLC16A5,SLC20A1,SPSB1,SYVN1,TFAP2A,TFRC,TNFRSF1B,TRIM63,TXNIP,USP2,VIM,WNT5A,,,,,,,,,,,,,,,,,,,,,,,,,,,
DNMT3A,-0.847,enzyme, ,-0.385,0.00000507,ADCY5,AKAP6,BLNK,CAMK2A,CD19,CD79A,CD79B,E2F1,FGF2,IGFBP5,Mt1,P2RX7,P2RY1,POU2AF1,PPP1R14C,PTPRC,SDC4,SHC1,Tcf7,,,,,,,,,,,,,,,,,,,,,,,,,,,,,,,,,,,,,,,,,,,,,,,,,,,,,,,,,,,,,,,,,,,
ID3,0.991,transcription regulator, ,1.897,0.00000776,CD83,CSF2RB,DUSP10,DUSP4,Foxp1,GADD45G,ICOSLG/LOC102723996,IFNGR1,IKZF3,IL2RB,IL4R,IL7R,IRF4,MAF,MAP2K6,MAP3K14,PTPN3,RPS6KA2,SELL,,,,,,,,,,,,,,,,,,,,,,,,,,,,,,,,,,,,,,,,,,,,,,,,,,,,,,,,,,,,,,,,,,,
KDM1A, ,enzyme, ,-0.263,0.0000104,ADCY5,BARX2,CD74,CD84,CDH4,CTSS,CXCL13,DOCK2,GALNT15,GPNMB,HLA-A,HMOX1,IFI16,KCNAB2,KLF2,LY9,LYZ,MPEG1,PTPRC,PTX3,RARB,RASGRP3,RBFOX2,STEAP3,TGIF1,VIM,,,,,,,,,,,,,,,,,,,,,,,,,,,,,,,,,,,,,,,,,,,,,,,,,,,,,,,,,,,,
EP300, ,transcription regulator, ,1.964,0.0000131,BANK1,CCND3,CD53,CEBPA,DUSP4,E2F1,GIMAP1-GIMAP5,HVCN1,ID1,ID3,IL7R,KDM3A,KIF1B,MAF,MAFG,MEF2C,NFKBIA,NPAS2,PDK4,PITPNM1,RASA3,RGL1,SCN4B,SDC4,SLC43A1,SPSB1,ST6GAL1,,,,,,,,,,,,,,,,,,,,,,,,,,,,,,,,,,,,,,,,,,,,,,,,,,,,,,,,,,,
NUPR1, ,transcription regulator,Activated,3.124,0.0000136,ANK1,APOBEC3B,B3GNT5,BTG1,CERK,CTPS2,DIDO1,EXTL2,FAM83G,GADD45A,KAT5,KBTBD7,KDM3A,MAFG,MAT2A,MGME1,MRTFB,MTRES1,NFIB,NR1D2,OSBPL6,PER3,PLK3,PM20D2,PRKACA,PXDC1,RTN4IP1,RUSC2,SERTAD2,SLC16A10,SLC2A12,SMAD3,TFAP2A,TOB1,TRAFD1,VIM,ZFAND2A,,,,,,,,,,,,,,,,,,,,,,,,,,,,,,,,,,,,,,,,,,,,,,,,,
UCP1, ,transporter,Activated,2.484,0.0000237,CAPN3,CCDC6,CCNK,CTSV,EEF1A1,EIF4EBP1,EML1,GADD45A,GREM2,ODC1,OTUB2,Snhg12,STYX,SYNM,UBC,UCP2,XPR1,,,,,,,,,,,,,,,,,,,,,,,,,,,,,,,,,,,,,,,,,,,,,,,,,,,,,,,,,,,,,,,,,,,,,
TP53, ,transcription regulator,Activated,2.031,0.0000358,ABCA2,ACOT11,ACSL6,AKT3,ANK1,ARL6IP1,ATL3,ATXN1,BTG1,CCND3,CEBPA,CLTA,CORO1A,DAPK1,DBP,DDIT4,DNAJB5,DNMT3A,DUSP4,E2F1,EEF1A1,ESR1,FBXW7,FGF2,GADD45A,GADD45G,HDAC2,HMGCS1,HMOX1,HRAS,HSPB1,ID1,ID3,IER5,IFI16,IGFBP5,IL4R,INMT,LOX,LYZ,MAP2K6,MAP4K1,MAP4K2,MDM4,MOCOS,Mt2,MYO5A,NEIL2,NEO1,NEXN,NFKBIA,NOS1,ORAI2,PADI2,PALLD,PARD6B,PDP1,PLAAT1,POLK,PPARGC1B,PPFIBP1,PTK2B,PTPN1,RHOB,RPS6KA2,SCPEP1,SERPINA3,SESN1,SHISA5,SLC2A12,SSPN,TCEA3,TFRC,TGFB2,THBS1,TMEM43,TNFRSF1B,TOB1,TP63,TUBB,UBC,UBE2D1,ULK1,USP14,VIM,ZC3H12A
MAX, ,transcription regulator,Inhibited,-2.236,0.0000361,E2F1,GADD45A,HDAC2,JARID2,KLF10,ODC1,RARB,SCPEP1,SERINC3,TXNIP,,,,,,,,,,,,,,,,,,,,,,,,,,,,,,,,,,,,,,,,,,,,,,,,,,,,,,,,,,,,,,,,,,,,,,,,,,,,
NR3C1, ,ligand-dependent nuclear receptor, ,0.235,0.0000394,ABI1,ANGPTL4,ANGPTL7,ATXN1,BTG1,BTK,CEBPA,CEBPD,CIDEC,CLDN5,CPEB4,CSRNP1,DAPK2,DDIT4,DEDD2,DUSP4,DYNLL2,ENC1,ERRFI1,FBXO30,GADD45A,GCLM,HDAC2,IL7R,ITGB6,KAT5,LOX,MAP3K14,MDM4,NFKBIA,PIM3,PPP1R14C,PTK2B,RHOB,SERINC3,SERTAD2,SLC43A1,SLC7A6,Tcf7,THBS1,TLE3,TNFRSF1B,WNT5A,,,,,,,,,,,,,,,,,,,,,,,,,,,,,,,,,,,,,,,,,,,
IL2RG, ,transmembrane receptor, ,-0.632,0.0000481,ARHGAP45,CCND3,HLA-A,IKBKE,IL7R,KLF2,MAP4K2,REV3L,RHOH,SESN1,,,,,,,,,,,,,,,,,,,,,,,,,,,,,,,,,,,,,,,,,,,,,,,,,,,,,,,,,,,,,,,,,,,,,,,,,,,,
CLOCK, ,transcription regulator, ,-0.213,0.0000536,ACVR2B,AHNAK2,AKT3,ANGPTL4,CEBPA,CTPS2,DBP,EEF2K,GADD45A,GCK,ID1,IGFBP5,IKBKE,KAT5,NPAS2,NR1D2,PER3,POR,SCN4B,SLC20A1,THBS1,USP2,,,,,,,,,,,,,,,,,,,,,,,,,,,,,,,,,,,,,,,,,,,,,,,,,,,,,,,,,,,,,,,,
ZMPSTE24, ,peptidase,Inhibited,-2.805,0.00012,CTSV,DDIT4,FMO2,GADD45A,GADD45G,GHR,IGFBP5,SESN1,,,,,,,,,,,,,,,,,,,,,,,,,,,,,,,,,,,,,,,,,,,,,,,,,,,,,,,,,,,,,,,,,,,,,,,,,,,,,,
PAX5, ,transcription regulator, ,1.459,0.000148,BLNK,CD19,CD79A,CIITA,POU2AF1,SLC16A10,VIM,,,,,,,,,,,,,,,,,,,,,,,,,,,,,,,,,,,,,,,,,,,,,,,,,,,,,,,,,,,,,,,,,,,,,,,,,,,,,,,
GFI1, ,transcription regulator,Inhibited,-2.182,0.00015,BTLA,CD53,CEBPA,GADD45G,IL7R,KLF2,LYZ,MAFF,NFKBIA,PER3,SERPINA3,SMAD3,TBK1,TNK2,,,,,,,,,,,,,,,,,,,,,,,,,,,,,,,,,,,,,,,,,,,,,,,,,,,,,,,,,,,,,,,,,,,,,,,,
MYC, ,transcription regulator, ,0.411,0.0002,BMPR1A,CCND3,CD19,CIDEC,COL15A1,DDIT4,DUSP4,E2F1,EIF4A1,GADD45A,GADD45G,GCLM,GTF2B,HDAC2,HMOX1,HRAS,HSPB1,ID1,IER5,IFI16,IKZF1,IRF4,JARID2,KIF16B,KLF10,LOX,MAT2A,MNT,Mt1,Mt2,NFKBIA,ODC1,RARB,Rpl22l1,RPL3,RPL3L,SCPEP1,SERINC3,SOX6,Tcf7,TEAD1,TFRC,TGFB2,THBS1,TOB1,TXNIP,UBE2I,VARS1,WNT5A,,,,,,,,,,,,,,,,,,,,,,,,,,,,,,,,,,,,,
MEF2D, ,transcription regulator,Activated,2.375,0.000204,BACH2,CCND3,GCLM,HMOX1,IKZF1,IRF4,KLF2,VIM,ZFP36,,,,,,,,,,,,,,,,,,,,,,,,,,,,,,,,,,,,,,,,,,,,,,,,,,,,,,,,,,,,,,,,,,,,,,,,,,,,,
CREBBP, ,transcription regulator, , ,0.000209,BANK1,CCND3,CD53,CEBPA,DUSP4,GIMAP1-GIMAP5,HVCN1,IL2RB,IL7R,KIF1B,KLF2,MAF,MAFG,MEF2C,NPAS2,PITPNM1,RARB,RASA3,RGL1,SCN4B,SDC4,SLC43A1,SPSB1,ST6GAL1,,,,,,,,,,,,,,,,,,,,,,,,,,,,,,,,,,,,,,,,,,,,,,,,,,,,,,,,,,,,,,
LIPE, ,enzyme, ,-1,0.000223,AQP4,CD74,CEBPA,DMPK,ELL,H3-3A/H3-3B,INMT,MEF2C,NRIP1,RARB,RXRG,SDC4,SOX18,,,,,,,,,,,,,,,,,,,,,,,,,,,,,,,,,,,,,,,,,,,,,,,,,,,,,,,,,,,,,,,,,,,,,,,,,
MTA3, ,transcription regulator, ,1.987,0.000235,BLNK,CD19,CD79B,CIITA,,,,,,,,,,,,,,,,,,,,,,,,,,,,,,,,,,,,,,,,,,,,,,,,,,,,,,,,,,,,,,,,,,,,,,,,,,,,,,,,,,
CD28, ,transmembrane receptor, ,0.344,0.000248,BTG1,CBLB,CCND3,CXCL13,ICOS,IL7R,IRF4,MAF,NFKBIA,ODC1,ORAI1,ORAI2,PDE4A,TFRC,TNFRSF1B,,,,,,,,,,,,,,,,,,,,,,,,,,,,,,,,,,,,,,,,,,,,,,,,,,,,,,,,,,,,,,,,,,,,,,,
BMP10, ,growth factor, ,-0.143,0.000257,ANGPTL4,CD74,CD83,CXCL13,FGF2,HLA-A,ID1,ID3,MEF2C,SERPINA3,THBS1,,,,,,,,,,,,,,,,,,,,,,,,,,,,,,,,,,,,,,,,,,,,,,,,,,,,,,,,,,,,,,,,,,,,,,,,,,,
STEAP3,-1.035,transporter, ,-0.707,0.000258,CYP1B1,ERRFI1,FGF2,LOX,RGCC,TFRC,TGFB2,ZYX,,,,,,,,,,,,,,,,,,,,,,,,,,,,,,,,,,,,,,,,,,,,,,,,,,,,,,,,,,,,,,,,,,,,,,,,,,,,,,
MAPT, ,other, , ,0.000289,Ank2,ATP6V1A,CAMK2A,CD74,CD84,CLTA,CORO1A,CTSS,CXCL13,DOCK2,DPY19L3,DYNLL2,GALNT15,GPNMB,HLA-A,HMOX1,IFI16,LY9,LYZ,MPEG1,MYO5A,NAPB,NOS1,PTK2B,PTPRC,PTX3,SEPTIN11,TGIF1,THBS1,TUBB,UBC,UCP2,VIM,Zfp871,,,,,,,,,,,,,,,,,,,,,,,,,,,,,,,,,,,,,,,,,,,,,,,,,,,,
TET2, ,enzyme, ,0.832,0.000301,CA8,CEBPA,IFI16,KLF2,LILRB4,MAFF,NIBAN2,PAX6,PXDC1,RPS6KA2,SLC20A1,TBX6,TPBGL,TRIB2,,,,,,,,,,,,,,,,,,,,,,,,,,,,,,,,,,,,,,,,,,,,,,,,,,,,,,,,,,,,,,,,,,,,,,,,
GLI1, ,transcription regulator, ,-1.257,0.000302,AHNAK2,APOBEC3B,CSRNP1,DBP,DUSP4,EFHD2,GREM2,HEPH,ID1,ID3,ITGB6,MAFF,MEF2C,NEO1,NQO2,NR1D2,NUDT4,PAPSS2,PDK4,PDZRN3,SDC4,SERTAD2,SESN1,SLC16A5,SOX18,SUN2,TGFB2,TNIK,ULK1,WNT5A,ZFP36,,,,,,,,,,,,,,,,,,,,,,,,,,,,,,,,,,,,,,,,,,,,,,,,,,,,,,,
CD3, ,complex, ,-0.431,0.000302,BTG1,CCND3,CD74,ICOS,IFNGR1,IL2RB,IL4R,IRF4,MAF,NFKBIA,ORAI1,ORAI2,PDE4A,PTPRC,SHC1,TFRC,,,,,,,,,,,,,,,,,,,,,,,,,,,,,,,,,,,,,,,,,,,,,,,,,,,,,,,,,,,,,,,,,,,,,,
NKX2-1, ,transcription regulator, , ,0.00039,CA8,CD74,CEBPA,ENC1,HLA-A,HMGB2,HS2ST1,INMT,LYZ,PARD6B,Tcf7,TGFB2,THBS1,TMEM37,TOX,TP63,,,,,,,,,,,,,,,,,,,,,,,,,,,,,,,,,,,,,,,,,,,,,,,,,,,,,,,,,,,,,,,,,,,,,,
TGFBR2, ,kinase, ,-1.413,0.000397,ANGPTL4,CCND3,DDIT4,DUSP14,FGF2,FGF6,GADD45G,ICOSLG/LOC102723996,IL2RB,ITPK1,Kcnn2,NFIB,NFKBIA,NFKBIE,ODC1,ORAI1,PTPRC,SH3BP2,SMAD3,TGFB2,TGIF1,TXNIP,VARS1,ZC3H12A,ZSWIM4,,,,,,,,,,,,,,,,,,,,,,,,,,,,,,,,,,,,,,,,,,,,,,,,,,,,,,,,,,,,,
PKNOX2,-0.926,transcription regulator, ,-0.541,0.000451,ESR1,GADD45A,IGFBP5,MDM4,VIM,,,,,,,,,,,,,,,,,,,,,,,,,,,,,,,,,,,,,,,,,,,,,,,,,,,,,,,,,,,,,,,,,,,,,,,,,,,,,,,,,
POR,0.812,enzyme, ,-1.599,0.00047,CD74,CIITA,CYP2C8,GCK,HLA-A,HLF,HMGCS1,HMOX1,INSIG1,MAP3K6,Mt1,PDK4,POR,RPS6KA2,SDC4,SERPINA3,,,,,,,,,,,,,,,,,,,,,,,,,,,,,,,,,,,,,,,,,,,,,,,,,,,,,,,,,,,,,,,,,,,,,,
YY1, ,transcription regulator, ,0,0.000475,BLNK,BTLA,CIITA,COL15A1,DDIT4,DMPK,DNMT3A,DROSHA,GADD45G,ICOSLG/LOC102723996,ID3,IGFBP5,KLF2,LMAN1,MAT2A,POLK,PTBP3,SNRPN,TGFB2,USP14,,,,,,,,,,,,,,,,,,,,,,,,,,,,,,,,,,,,,,,,,,,,,,,,,,,,,,,,,,,,,,,,,,
MRTFB,-0.482,transcription regulator, ,-0.726,0.000488,FILIP1L,FLI1,GADD45A,HLA-A,ID1,IGFBP5,LILRB4,MAFK,P2RY1,RHOBTB1,SERINC3,SLC20A1,SYNPO2,TGFB2,THBS1,,,,,,,,,,,,,,,,,,,,,,,,,,,,,,,,,,,,,,,,,,,,,,,,,,,,,,,,,,,,,,,,,,,,,,,
TCF3, ,transcription regulator,Activated,2.214,0.000499,ARHGAP4,BACH2,BLNK,CCND3,CD79A,CD79B,EDEM1,HMGB2,HSPA13,ICOS,ID3,IFI16,IL2RB,IL7R,KLF2,LILRB4,MAF,SELL,SLAMF7,ZC3H12A,,,,,,,,,,,,,,,,,,,,,,,,,,,,,,,,,,,,,,,,,,,,,,,,,,,,,,,,,,,,,,,,,,
HTT, ,transcription regulator, ,1.095,0.000499,ADCY5,CAMK2A,CD74,CEBPA,CLCN1,DBP,DNAJB1,EEF1A1,Foxp1,GADD45G,GCLM,HMGB2,HOMER1,HRAS,IGFBP5,KCNC4,MPEG1,Mt1,NOS1,POR,PRKACA,RARB,RPS6KA5,RXRG,Sacs,SCN4B,SERPINA3,SESN1,SYVN1,TBX6,USP2,,,,,,,,,,,,,,,,,,,,,,,,,,,,,,,,,,,,,,,,,,,,,,,,,,,,,,,
PRKAG3,-1.203,other, , ,0.000572,CLASP1,FTL,GADD45G,IGFBP5,MAP2K6,NEU2,NOS1,XPR1,,,,,,,,,,,,,,,,,,,,,,,,,,,,,,,,,,,,,,,,,,,,,,,,,,,,,,,,,,,,,,,,,,,,,,,,,,,,,,
ELL2, ,transcription regulator, ,0.378,0.000572,EDEM1,ERGIC1,HSPA13,IRF4,LMAN1,POU2AF1,SLAMF7,SRPRA,,,,,,,,,,,,,,,,,,,,,,,,,,,,,,,,,,,,,,,,,,,,,,,,,,,,,,,,,,,,,,,,,,,,,,,,,,,,,,
IKZF3,6.686,transcription regulator, ,-0.174,0.000583,BLNK,CCND3,CEMIP2,DEPP1,DOCK4,KIF16B,RASSF4,SMAD3,SPSB1,,,,,,,,,,,,,,,,,,,,,,,,,,,,,,,,,,,,,,,,,,,,,,,,,,,,,,,,,,,,,,,,,,,,,,,,,,,,,
IL1B, ,cytokine,Activated,2.909,0.000621,CEBPD,CIITA,CSF2RB,CSRNP1,CTSS,DDIT4,DNMT3A,EIF4EBP1,ERRFI1,FGF2,GAS5,GCK,IFNGR1,IGFBP5,Mt1,Mt2,NFKBIA,PAX6,PPARGC1B,PTX3,RARB,SERPINA3,SESN1,SYVN1,THBS1,TOB1,TXNIP,VIM,ZC3H12A,ZFP36,,,,,,,,,,,,,,,,,,,,,,,,,,,,,,,,,,,,,,,,,,,,,,,,,,,,,,,,
ADAM10, ,peptidase, ,-1.091,0.000653,CAMK2A,CD74,DTNA,GADD45G,ICOS,ICOSLG/LOC102723996,IDH3A,IFI16,MCHR1,MDM4,MEF2C,NOS1,USP14,,,,,,,,,,,,,,,,,,,,,,,,,,,,,,,,,,,,,,,,,,,,,,,,,,,,,,,,,,,,,,,,,,,,,,,,,
LEF1, ,transcription regulator, ,-0.38,0.000685,ARHGAP20,ARRDC4,C3orf70,CAPN3,CD83,CPE,E130308A19Rik,IL7R,MBNL3,PPM1L,RRAGD,ZC3H12D,,,,,,,,,,,,,,,,,,,,,,,,,,,,,,,,,,,,,,,,,,,,,,,,,,,,,,,,,,,,,,,,,,,,,,,,,,
ELAVL1, ,other,Activated,2.578,0.000711,APOD,CD83,CTSS,DNMT3A,F830016B08Rik,HLA-A,HMOX1,IFI16,MAT2A,MPEG1,Ms4a4c (includes others),NFKBIA,PTPRC,TP63,VIM,WNT5A,,,,,,,,,,,,,,,,,,,,,,,,,,,,,,,,,,,,,,,,,,,,,,,,,,,,,,,,,,,,,,,,,,,,,,
IL2, ,cytokine, ,1.567,0.000749,CCND3,CD74,CSF2RB,CSRNP1,DAPK1,DAPK2,DUSP4,FGF2,GADD45G,H1-2,ICOS,IL2RB,IL7R,LILRB4,MAP2K6,NOP2,PDE4A,PELI1,PTPN3,PTPRC,RGCC,RHOB,RPS6KA5,SESN1,SWAP70,TNFRSF1B,VIM,,,,,,,,,,,,,,,,,,,,,,,,,,,,,,,,,,,,,,,,,,,,,,,,,,,,,,,,,,,
TCR, ,complex, ,1.734,0.00075,AKT3,APOD,BACH2,CXCL13,CYTIP,GADD45G,ICOS,ID3,IL7R,IRF4,LPIN2,MAF,NFKBIA,ODC1,P2RX7,PTPRC,RPL3,SELL,SERPINA3,Tcf7,TLE3,,,,,,,,,,,,,,,,,,,,,,,,,,,,,,,,,,,,,,,,,,,,,,,,,,,,,,,,,,,,,,,,,
Cdk, ,group,Activated,2,0.000759,DDIT4,GADD45A,GADD45G,IDH3A,TXNIP,UCP2,,,,,,,,,,,,,,,,,,,,,,,,,,,,,,,,,,,,,,,,,,,,,,,,,,,,,,,,,,,,,,,,,,,,,,,,,,,,,,,,
TCF4, ,transcription regulator, ,1.528,0.00089,ANGPTL4,ARHGAP4,BACH2,BMPR1A,CSRNP1,EDEM1,ELF1,EYA1,HMGB2,HSPA13,ID3,IFI16,IGFBP5,MEF2C,NUFIP1,PDE7B,SELL,SHISA5,SLAMF7,TBK1,TMEM140,TSR1,TXNIP,,,,,,,,,,,,,,,,,,,,,,,,,,,,,,,,,,,,,,,,,,,,,,,,,,,,,,,,,,,,,,,
MIR17HG, ,other, ,0.905,0.00099,BLNK,CLIC1,CPE,FRAS1,IL7R,KLF2,MRTFB,RGMA,TBX6,TGIF1,TNKS,WNT5A,,,,,,,,,,,,,,,,,,,,,,,,,,,,,,,,,,,,,,,,,,,,,,,,,,,,,,,,,,,,,,,,,,,,,,,,,,
CASR, ,G-protein coupled receptor, ,1.732,0.00106,CCND3,GADD45A,GADD45G,ID1,IGFBP5,KIF22,ODC1,RGCC,TGFB2,TXNIP,UCP2,ZYX,,,,,,,,,,,,,,,,,,,,,,,,,,,,,,,,,,,,,,,,,,,,,,,,,,,,,,,,,,,,,,,,,,,,,,,,,,
CPT1B, ,enzyme, ,-0.832,0.00107,AKT3,ANGPTL4,ATP6V1H,Calm1 (includes others),CBLB,CYTL1,EIF4EBP1,GCK,INPP5D,INSIG1,NFKBIA,PDK4,PHKA2,PRKACA,PRKAG3,PTPN1,SHC1,,,,,,,,,,,,,,,,,,,,,,,,,,,,,,,,,,,,,,,,,,,,,,,,,,,,,,,,,,,,,,,,,,,,,
FOXO3, ,transcription regulator, ,0.975,0.00108,AQP4,ESR1,GABARAPL1,GADD45A,Mt1,Mt2,NFKBIA,PTPRC,SELL,SESN1,TP63,TXNIP,UCP2,ULK1,VIM,,,,,,,,,,,,,,,,,,,,,,,,,,,,,,,,,,,,,,,,,,,,,,,,,,,,,,,,,,,,,,,,,,,,,,,
TSC2, ,other,Inhibited,-2.881,0.00115,ATP6AP2,ATP6V1A,CCND3,E2F1,GPNMB,HMOX1,HSPB1,IGFBP5,Mt1,PDK4,RASSF4,SCPEP1,UCP2,ZFP36,,,,,,,,,,,,,,,,,,,,,,,,,,,,,,,,,,,,,,,,,,,,,,,,,,,,,,,,,,,,,,,,,,,,,,,,
MLXIP, ,transcription regulator, , ,0.00115,ARRDC4,TXNIP,,,,,,,,,,,,,,,,,,,,,,,,,,,,,,,,,,,,,,,,,,,,,,,,,,,,,,,,,,,,,,,,,,,,,,,,,,,,,,,,,,,,
PRL, ,cytokine,Activated,2.111,0.00118,CEBPD,CTSS,CTSV,ESR1,GPNMB,ID1,ID3,IGFBP5,MAFG,MFGE8,PDK4,PIM3,SERPINA3,SHISA5,SP110,TMEM140,VIM,,,,,,,,,,,,,,,,,,,,,,,,,,,,,,,,,,,,,,,,,,,,,,,,,,,,,,,,,,,,,,,,,,,,,
PRKAA2, ,kinase, ,-0.284,0.00122,CCND3,CEBPA,DOCK4,DUSP4,E2F1,NFIB,NFKBIA,NOS1,SMAD3,VIM,ZNF462,ZYX,,,,,,,,,,,,,,,,,,,,,,,,,,,,,,,,,,,,,,,,,,,,,,,,,,,,,,,,,,,,,,,,,,,,,,,,,,
FUS-DDIT3, ,fusion gene/product, ,-0.816,0.00122,KLF2,LOX,NPAS2,PALLD,PTX3,VIM,,,,,,,,,,,,,,,,,,,,,,,,,,,,,,,,,,,,,,,,,,,,,,,,,,,,,,,,,,,,,,,,,,,,,,,,,,,,,,,,
SNTA1, ,other, , ,0.00123,AQP4,DTNA,NOS1,,,,,,,,,,,,,,,,,,,,,,,,,,,,,,,,,,,,,,,,,,,,,,,,,,,,,,,,,,,,,,,,,,,,,,,,,,,,,,,,,,,
FBXL5, ,enzyme, , ,0.00123,HMOX1,Mt2,TFRC,,,,,,,,,,,,,,,,,,,,,,,,,,,,,,,,,,,,,,,,,,,,,,,,,,,,,,,,,,,,,,,,,,,,,,,,,,,,,,,,,,,
ETV6-RUNX1, ,fusion gene/product,Inhibited,-4.078,0.0013,ARHGAP4,BCL11A,CD19,CD79A,CD83,CLIC1,CORO1A,DDIT4,DGLUCY,EIF4A1,IFI16,IRF4,MAP4K2,MRPL41,PTPRC,RASAL3,RGL1,SELL,SWAP70,TBK1,TNK2,TRIM7,,,,,,,,,,,,,,,,,,,,,,,,,,,,,,,,,,,,,,,,,,,,,,,,,,,,,,,,,,,,,,,,
FOXO1, ,transcription regulator,Activated,3.602,0.00139,ANGPTL4,ATG14,BACH2,BANK1,BLNK,CD79B,CTSV,GABARAPL1,GADD45A,GCK,IL7R,ITGB6,KLF2,LPIN2,MLXIPL,PDK4,PPARGC1B,PTPRC,SELL,SEMA6D,SESN1,Tcf7,THBS1,TXNIP,,,,,,,,,,,,,,,,,,,,,,,,,,,,,,,,,,,,,,,,,,,,,,,,,,,,,,,,,,,,,,
IRS1, ,enzyme, ,-0.261,0.0014,CEBPA,CEBPD,GAS5,GCK,HMOX1,MEF2C,NFKBIA,PPARGC1B,Tcf7,TRIM63,UCP2,WNT5A,,,,,,,,,,,,,,,,,,,,,,,,,,,,,,,,,,,,,,,,,,,,,,,,,,,,,,,,,,,,,,,,,,,,,,,,,,
SPI1, ,transcription regulator,Activated,2.599,0.00175,BCL11A,BLNK,BTK,CD79A,CD79B,CIITA,CSF2RB,CTSS,E2F1,Foxp1,IKZF1,IL7R,MEF2C,P2RY10,PTPRC,SP110,VIM,,,,,,,,,,,,,,,,,,,,,,,,,,,,,,,,,,,,,,,,,,,,,,,,,,,,,,,,,,,,,,,,,,,,,
GPER1, ,G-protein coupled receptor,Activated,2.018,0.00179,CEBPD,DDIT4,DUSP4,ERRFI1,ESR1,NFKBIA,ZFP36,,,,,,,,,,,,,,,,,,,,,,,,,,,,,,,,,,,,,,,,,,,,,,,,,,,,,,,,,,,,,,,,,,,,,,,,,,,,,,,
AHR, ,ligand-dependent nuclear receptor, ,0.96,0.00191,CCND3,CD4,CEBPA,CSF2RB,CXCL13,CYP1B1,CYP2C8,E2F1,ESR1,FMO2,GADD45A,ICOS,IL2RB,IL7R,IRF4,KDSR,KLF2,Mt1,Mt2,PTX3,SLC16A10,SLC16A5,TGFB2,THBS1,VIM,,,,,,,,,,,,,,,,,,,,,,,,,,,,,,,,,,,,,,,,,,,,,,,,,,,,,,,,,,,,,
TICAM1, ,other,Activated,2.246,0.00194,APOBEC3B,Apol11b (includes others),CEBPD,CXCL13,ICOSLG/LOC102723996,IFI16,IKBKE,MAFF,Ms4a4c (includes others),NFKBIA,PELI1,RHOB,,,,,,,,,,,,,,,,,,,,,,,,,,,,,,,,,,,,,,,,,,,,,,,,,,,,,,,,,,,,,,,,,,,,,,,,,,
ZBTB16, ,transcription regulator, ,-0.326,0.00205,ATP6V1A,BACH2,CD74,CD83,CDK9,HRAS,ICOS,ICOSLG/LOC102723996,ID3,IFNGR1,IL4R,IL7R,KLF2,MAF,ODC1,SELL,,,,,,,,,,,,,,,,,,,,,,,,,,,,,,,,,,,,,,,,,,,,,,,,,,,,,,,,,,,,,,,,,,,,,,
PML, ,transcription regulator, ,-1.118,0.00236,CIITA,CPE,FTL,GCLM,HMGCS1,HMOX1,HSPB1,PDK4,UCP2,,,,,,,,,,,,,,,,,,,,,,,,,,,,,,,,,,,,,,,,,,,,,,,,,,,,,,,,,,,,,,,,,,,,,,,,,,,,,
SREBF1, ,transcription regulator,Activated,2.244,0.00237,CEBPA,DEPP1,DPY19L3,GCK,GPNMB,HMGCS1,HMOX1,HSPA13,INSIG1,MEF2C,RETREG1,SERPINA3,SLC20A1,TNFRSF1B,TRIM63,UCP2,,,,,,,,,,,,,,,,,,,,,,,,,,,,,,,,,,,,,,,,,,,,,,,,,,,,,,,,,,,,,,,,,,,,,,
PLIN5, ,other, ,1.633,0.00245,ACSL6,HMOX1,MAFK,PDK4,POR,PPARGC1B,,,,,,,,,,,,,,,,,,,,,,,,,,,,,,,,,,,,,,,,,,,,,,,,,,,,,,,,,,,,,,,,,,,,,,,,,,,,,,,,
MYB, ,transcription regulator,Activated,2.158,0.00246,BANK1,CCND3,CLTA,GIMAP1-GIMAP5,IGFBP5,IL7R,PAX6,RGCC,SDC4,VIM,,,,,,,,,,,,,,,,,,,,,,,,,,,,,,,,,,,,,,,,,,,,,,,,,,,,,,,,,,,,,,,,,,,,,,,,,,,,
ARNTL, ,transcription regulator, ,-1.026,0.00249,CEBPA,DBP,GCK,HMOX1,MLXIPL,PER3,PPARGC1B,,,,,,,,,,,,,,,,,,,,,,,,,,,,,,,,,,,,,,,,,,,,,,,,,,,,,,,,,,,,,,,,,,,,,,,,,,,,,,,
ELOVL3, ,enzyme, ,1.414,0.00251,CD53,CTSS,GPNMB,HACD3,IFI16,LYZ,SLAMF7,ZC3H12A,,,,,,,,,,,,,,,,,,,,,,,,,,,,,,,,,,,,,,,,,,,,,,,,,,,,,,,,,,,,,,,,,,,,,,,,,,,,,,
ZC3H12A,0.92,enzyme, ,0.798,0.00269,CEBPA,CEBPD,ICOS,MAF,TNFRSF1B,,,,,,,,,,,,,,,,,,,,,,,,,,,,,,,,,,,,,,,,,,,,,,,,,,,,,,,,,,,,,,,,,,,,,,,,,,,,,,,,,
KDM4B, ,enzyme, , ,0.00281,LOX,ULK1,VIM,,,,,,,,,,,,,,,,,,,,,,,,,,,,,,,,,,,,,,,,,,,,,,,,,,,,,,,,,,,,,,,,,,,,,,,,,,,,,,,,,,,
ATF5, ,transcription regulator, , ,0.00281,EIF4EBP1,GAS5,TXNIP,,,,,,,,,,,,,,,,,,,,,,,,,,,,,,,,,,,,,,,,,,,,,,,,,,,,,,,,,,,,,,,,,,,,,,,,,,,,,,,,,,,
IL6, ,cytokine,Activated,2.06,0.00282,CD74,CEBPD,CIITA,CXCL13,CYP2C8,E2F1,ERRFI1,GADD45G,HJV,HLA-A,ID1,IGFBP5,IL7R,LYZ,MAF,MERTK,Mt1,NFKBIA,SEMA6D,SERPINA3,SLC39A14,SP110,THBS1,TNFRSF1B,,,,,,,,,,,,,,,,,,,,,,,,,,,,,,,,,,,,,,,,,,,,,,,,,,,,,,,,,,,,,,
STAT6, ,transcription regulator, ,0.683,0.00286,Ccdc50,CD79B,CIDEC,CTSS,EFHD2,FAM118B,GADD45G,IFI16,IL4R,IRF4,ITPK1,LILRB4,MPEG1,Ms4a4c (includes others),NFKBIA,PDK4,RASGRP3,RASSF4,ST6GAL1,TBC1D17,Tcf7,USP2,VIM,,,,,,,,,,,,,,,,,,,,,,,,,,,,,,,,,,,,,,,,,,,,,,,,,,,,,,,,,,,,,,,
ESR1,-1.179,ligand-dependent nuclear receptor, ,0.885,0.00293,ARRDC3,ATG13,CD74,CEBPA,CEBPD,CPE,CTSS,CYP1B1,DDIT4,ESR1,FRAT2,GADD45G,GHR,HPGDS,HSPA13,ICOSLG/LOC102723996,ID1,INMT,IRF4,MAP2K6,NRIP1,OTUB2,POR,PTTG1IP,PTX3,SELL,SESN1,SLC2A12,SMAD3,SP110,TXNIP,UBALD1,UBE2I,VIM,,,,,,,,,,,,,,,,,,,,,,,,,,,,,,,,,,,,,,,,,,,,,,,,,,,,
CDK19, ,kinase, ,-1.265,0.00297,DDIT4,FBXW7,GADD45A,HMGCS1,HMOX1,HRAS,IER5,KLF2,PLK3,SESN1,TXNIP,,,,,,,,,,,,,,,,,,,,,,,,,,,,,,,,,,,,,,,,,,,,,,,,,,,,,,,,,,,,,,,,,,,,,,,,,,,
IKZF1,3.275,transcription regulator, ,0.158,0.003,BLNK,CCND3,CD79B,CEMIP2,DEPP1,DOCK4,EXTL2,FLI1,IFI16,IL7R,IRF4,KIF16B,RASSF4,SMAD3,SPSB1,ST3GAL6,,,,,,,,,,,,,,,,,,,,,,,,,,,,,,,,,,,,,,,,,,,,,,,,,,,,,,,,,,,,,,,,,,,,,,
MXD1, ,transcription regulator,Inhibited,-2.646,0.003,BTLA,CCND3,CIITA,IFNGR1,NOP2,ODC1,RPL3,WDFY4,,,,,,,,,,,,,,,,,,,,,,,,,,,,,,,,,,,,,,,,,,,,,,,,,,,,,,,,,,,,,,,,,,,,,,,,,,,,,,
SP1, ,transcription regulator, ,0.619,0.00315,ANK1,CCND3,CD79B,CEBPA,CEBPD,CIITA,ESR1,FGF2,GHR,HDAC2,HMOX1,IFNGR1,IL2RB,IL4R,IRF4,MAT2A,MIER1,P2RX7,PTPN1,SELL,SLC2A12,SMAD3,TEAD1,TGFB2,VIM,,,,,,,,,,,,,,,,,,,,,,,,,,,,,,,,,,,,,,,,,,,,,,,,,,,,,,,,,,,,,
PSMB11, ,peptidase,Inhibited,-2.185,0.00316,CDH4,CTSS,CTSV,GADD45A,HMOX1,PTK2B,PTPRC,RHOB,TGFB2,THBS1,TNFRSF1B,,,,,,,,,,,,,,,,,,,,,,,,,,,,,,,,,,,,,,,,,,,,,,,,,,,,,,,,,,,,,,,,,,,,,,,,,,,
ZNF423, ,transcription regulator, , ,0.00338,CD79A,CD79B,,,,,,,,,,,,,,,,,,,,,,,,,,,,,,,,,,,,,,,,,,,,,,,,,,,,,,,,,,,,,,,,,,,,,,,,,,,,,,,,,,,,
RNA polymerase II, ,complex, , ,0.00339,ANGPTL4,BLNK,CD4,CD83,CEBPA,CIITA,CYP1B1,ESR1,GADD45A,GHR,HDAC2,ID1,IFNGR1,KCNAB2,MEF2C,NFKBIA,RARB,UBC,,,,,,,,,,,,,,,,,,,,,,,,,,,,,,,,,,,,,,,,,,,,,,,,,,,,,,,,,,,,,,,,,,,,
SMARCA4, ,transcription regulator, ,-0.186,0.00357,ANGPTL2,ARHGAP30,ARRDC4,CD74,CIITA,DUSP4,E2F1,FMO2,GADD45A,GADD45G,HEPH,Hrc,ID3,IFI16,IGFBP5,IL7R,LOX,MAFF,MFGE8,Mt1,MTRES1,PDP1,PER3,PKIA,PPP1R14C,PTX3,SEL1L3,TEC,TGFB2,TUBB,VIM,,,,,,,,,,,,,,,,,,,,,,,,,,,,,,,,,,,,,,,,,,,,,,,,,,,,,,,
SND1, ,enzyme, , ,0.00363,ANGPTL4,E2F1,ID1,LAPTM5,VIM,,,,,,,,,,,,,,,,,,,,,,,,,,,,,,,,,,,,,,,,,,,,,,,,,,,,,,,,,,,,,,,,,,,,,,,,,,,,,,,,,
IL4, ,cytokine,Activated,2.832,0.00368,ABCA2,CCND3,CD74,CD79B,CD83,CIITA,CPEB3,DDIT4,DUSP14,GADD45G,GIMAP1-GIMAP5,ICOS,ICOSLG/LOC102723996,IL2RB,IL4R,IL7R,IRF4,ITPK1,KCNAB2,MERTK,NFKBIA,NFKBIE,ODC1,ORAI1,SH3BP2,SLAMF7,SWAP70,TBC1D17,Tcf7,TFRC,USP2,VARS1,VIM,ZC3H12A,ZSWIM4,,,,,,,,,,,,,,,,,,,,,,,,,,,,,,,,,,,,,,,,,,,,,,,,,,,
NFKB1, ,transcription regulator, ,-0.342,0.00371,ATP6AP2,CEBPA,CIITA,DROSHA,GADD45A,HMOX1,ICOSLG/LOC102723996,IFI16,IRF4,MAT2A,NFKBIA,ORAI1,PLK3,PRKACA,PTX3,,,,,,,,,,,,,,,,,,,,,,,,,,,,,,,,,,,,,,,,,,,,,,,,,,,,,,,,,,,,,,,,,,,,,,,
BTNL2, ,transmembrane receptor, ,1.414,0.00387,CAPN3,CD74,CERK,IFNGR1,MBNL3,RRAGD,SELL,TNFRSF1B,,,,,,,,,,,,,,,,,,,,,,,,,,,,,,,,,,,,,,,,,,,,,,,,,,,,,,,,,,,,,,,,,,,,,,,,,,,,,,
DPY30, ,other, , ,0.00391,E2F1,ID1,ID3,,,,,,,,,,,,,,,,,,,,,,,,,,,,,,,,,,,,,,,,,,,,,,,,,,,,,,,,,,,,,,,,,,,,,,,,,,,,,,,,,,,
hemoglobin, ,complex, , ,0.00391,GCLM,HMOX1,TFRC,,,,,,,,,,,,,,,,,,,,,,,,,,,,,,,,,,,,,,,,,,,,,,,,,,,,,,,,,,,,,,,,,,,,,,,,,,,,,,,,,,,
HOXB9, ,transcription regulator, , ,0.00391,ANGPTL2,FGF2,TGFB2,,,,,,,,,,,,,,,,,,,,,,,,,,,,,,,,,,,,,,,,,,,,,,,,,,,,,,,,,,,,,,,,,,,,,,,,,,,,,,,,,,,
KRIT1, ,other, , ,0.00391,KLF2,TGFB2,THBS1,,,,,,,,,,,,,,,,,,,,,,,,,,,,,,,,,,,,,,,,,,,,,,,,,,,,,,,,,,,,,,,,,,,,,,,,,,,,,,,,,,,
TCF12, ,transcription regulator, ,0,0.00404,BLNK,ICOS,ID3,IL2RB,IL7R,KLF2,LILRB4,MAF,ZC3H12A,,,,,,,,,,,,,,,,,,,,,,,,,,,,,,,,,,,,,,,,,,,,,,,,,,,,,,,,,,,,,,,,,,,,,,,,,,,,,
miR-92a-3p (and other miRNAs w/seed AUUGCAC), ,mature microRNA, ,-0.076,0.00414,CEBPA,FBXW7,IKZF1,TP63,,,,,,,,,,,,,,,,,,,,,,,,,,,,,,,,,,,,,,,,,,,,,,,,,,,,,,,,,,,,,,,,,,,,,,,,,,,,,,,,,,
BIRC5, ,other, , ,0.00442,CD53,CD74,CXCL13,LYZ,TP63,VIM,,,,,,,,,,,,,,,,,,,,,,,,,,,,,,,,,,,,,,,,,,,,,,,,,,,,,,,,,,,,,,,,,,,,,,,,,,,,,,,,
Hbb-b2, ,other, , ,0.00442,CD74,CEBPA,CIITA,FTL,IL2RB,TFRC,,,,,,,,,,,,,,,,,,,,,,,,,,,,,,,,,,,,,,,,,,,,,,,,,,,,,,,,,,,,,,,,,,,,,,,,,,,,,,,,
SOD1, ,enzyme, , ,0.00458,CCNK,FGF6,GAK,GCLM,HOMER1,HSPB1,IFI16,KCNAB2,KCNC4,Mt1,Mt2,NOS1,P2RX7,PRKACA,PRRX1,PTK2B,TFRC,,,,,,,,,,,,,,,,,,,,,,,,,,,,,,,,,,,,,,,,,,,,,,,,,,,,,,,,,,,,,,,,,,,,,
PSEN1, ,peptidase, ,0.595,0.00471,Ank2,ATP6V1A,CD74,CLEC16A,CLTA,CTSS,CUEDC1,CYTIP,DBP,DPY19L3,DYNLL2,EXTL2,FBXW7,GAS5,IMPACT,IRF4,KCNAB2,MERTK,NAPB,NOS1,PER3,TUBB,UBC,,,,,,,,,,,,,,,,,,,,,,,,,,,,,,,,,,,,,,,,,,,,,,,,,,,,,,,,,,,,,,,
NFKB2, ,transcription regulator, ,0.711,0.00511,CA8,CD83,CTSS,CXCL13,ICOSLG/LOC102723996,IGFBP5,IRF4,MAF,MAT2A,ORAI1,SELL,,,,,,,,,,,,,,,,,,,,,,,,,,,,,,,,,,,,,,,,,,,,,,,,,,,,,,,,,,,,,,,,,,,,,,,,,,,
PSEN2, ,peptidase, ,0.457,0.00535,CD74,CTSS,CYTIP,DBP,FBXW7,GAS5,IMPACT,KCNAB2,UBC,,,,,,,,,,,,,,,,,,,,,,,,,,,,,,,,,,,,,,,,,,,,,,,,,,,,,,,,,,,,,,,,,,,,,,,,,,,,,
mir-223, ,microRNA, ,1.216,0.00541,E2F1,EYA1,FBXW7,FNIP2,HLA-DOB,HMGCS1,HPGDS,IFI16,Mt2,SOX6,TOB1,,,,,,,,,,,,,,,,,,,,,,,,,,,,,,,,,,,,,,,,,,,,,,,,,,,,,,,,,,,,,,,,,,,,,,,,,,,
GMNN, ,transcription regulator, ,1.414,0.00574,BMPR1A,DUSP4,FGF2,IER5,KIF16B,TEAD1,TGFB2,WNT5A,,,,,,,,,,,,,,,,,,,,,,,,,,,,,,,,,,,,,,,,,,,,,,,,,,,,,,,,,,,,,,,,,,,,,,,,,,,,,,
MTM1, ,phosphatase, ,-1.98,0.00592,CTSV,EIF4EBP1,GABARAPL1,TRIM63,,,,,,,,,,,,,,,,,,,,,,,,,,,,,,,,,,,,,,,,,,,,,,,,,,,,,,,,,,,,,,,,,,,,,,,,,,,,,,,,,,
SIRT1, ,transcription regulator,Inhibited,-2.804,0.00605,CCND3,CD74,CD79B,CD83,CORO1A,DBP,EDEM1,GABARAPL1,GADD45A,GCK,HLA-A,HMOX1,KLF2,LAPTM5,MAT2A,MEF2C,Ms4a6b,NFKBIE,PDK4,SP110,TRIM63,UCP2,,,,,,,,,,,,,,,,,,,,,,,,,,,,,,,,,,,,,,,,,,,,,,,,,,,,,,,,,,,,,,,,
PDGF BB, ,complex, ,1.368,0.00618,FGF2,GADD45A,KLF10,Mt1,Mt2,RHOB,RXRG,THBS1,TOB1,ZFP36,,,,,,,,,,,,,,,,,,,,,,,,,,,,,,,,,,,,,,,,,,,,,,,,,,,,,,,,,,,,,,,,,,,,,,,,,,,,
IKZF2, ,transcription regulator,Inhibited,-2.236,0.00621,CD53,ICOS,IKZF3,IL4R,IRF4,,,,,,,,,,,,,,,,,,,,,,,,,,,,,,,,,,,,,,,,,,,,,,,,,,,,,,,,,,,,,,,,,,,,,,,,,,,,,,,,,
PPARGC1A, ,transcription regulator, ,-1.268,0.00621,ACSL6,APEX2,APOD,ATP2B3,CEBPD,HMOX1,IDH3A,IL4R,INSIG1,MAP2K6,NFKBIA,PDK4,PPARGC1B,RDH14,SERPINA3,SLC39A14,SMAD3,ST8SIA5,TRIM63,UCP2,WDR77,,,,,,,,,,,,,,,,,,,,,,,,,,,,,,,,,,,,,,,,,,,,,,,,,,,,,,,,,,,,,,,,,
RHO, ,G-protein coupled receptor, ,-1.134,0.00639,CD74,CEBPD,CTSS,H1-2,HMGB2,MEF2C,Mt1,,,,,,,,,,,,,,,,,,,,,,,,,,,,,,,,,,,,,,,,,,,,,,,,,,,,,,,,,,,,,,,,,,,,,,,,,,,,,,,
PDX1, ,transcription regulator, , ,0.00653,ARRDC4,EIF4EBP1,FGF2,GCK,KLF10,PAPSS2,PAX6,RHOBTB1,TXNIP,,,,,,,,,,,,,,,,,,,,,,,,,,,,,,,,,,,,,,,,,,,,,,,,,,,,,,,,,,,,,,,,,,,,,,,,,,,,,
ASPSCR1-TFE3, ,fusion gene/product, ,1,0.00653,ANGPTL2,GABARAPL1,GPNMB,HMOX1,MAFF,POPDC2,RRAGD,SCPEP1,VAT1,,,,,,,,,,,,,,,,,,,,,,,,,,,,,,,,,,,,,,,,,,,,,,,,,,,,,,,,,,,,,,,,,,,,,,,,,,,,,
F Actin, ,complex, , ,0.0066,CTSS,CTSV,,,,,,,,,,,,,,,,,,,,,,,,,,,,,,,,,,,,,,,,,,,,,,,,,,,,,,,,,,,,,,,,,,,,,,,,,,,,,,,,,,,,
CYP, ,group, , ,0.0066,GCLM,HMOX1,,,,,,,,,,,,,,,,,,,,,,,,,,,,,,,,,,,,,,,,,,,,,,,,,,,,,,,,,,,,,,,,,,,,,,,,,,,,,,,,,,,,
FICD, ,enzyme, , ,0.0066,DNAJB1,HSPB1,,,,,,,,,,,,,,,,,,,,,,,,,,,,,,,,,,,,,,,,,,,,,,,,,,,,,,,,,,,,,,,,,,,,,,,,,,,,,,,,,,,,
SGCB, ,other, , ,0.0066,SGCD,SSPN,,,,,,,,,,,,,,,,,,,,,,,,,,,,,,,,,,,,,,,,,,,,,,,,,,,,,,,,,,,,,,,,,,,,,,,,,,,,,,,,,,,,
OTULIN, ,peptidase, , ,0.0066,ID1,ID3,,,,,,,,,,,,,,,,,,,,,,,,,,,,,,,,,,,,,,,,,,,,,,,,,,,,,,,,,,,,,,,,,,,,,,,,,,,,,,,,,,,,
TGFB1, ,growth factor,Activated,2.049,0.00678,ANGPTL4,CCND3,DAAM1,DBP,DNMT3A,DOCK4,E2F1,FGF2,HMOX1,HSPB1,ID1,IGFBP5,IL2RB,INPP5D,ITPK1,KLF2,LOX,MLXIPL,NFKBIA,P2RY1,PTX3,RHOB,SERPINA3,SLC20A1,SMAD3,SMTN,TFAP2A,TGFB2,TGIF1,THBS1,VIM,WNT5A,ZFP36,ZWINT,ZYX,,,,,,,,,,,,,,,,,,,,,,,,,,,,,,,,,,,,,,,,,,,,,,,,,,,
CIC, ,transcription regulator, , ,0.00682,DUSP4,MAFF,SLC20A1,,,,,,,,,,,,,,,,,,,,,,,,,,,,,,,,,,,,,,,,,,,,,,,,,,,,,,,,,,,,,,,,,,,,,,,,,,,,,,,,,,,
CSNK2A1, ,kinase, , ,0.00682,KLF2,TP63,ZFP36,,,,,,,,,,,,,,,,,,,,,,,,,,,,,,,,,,,,,,,,,,,,,,,,,,,,,,,,,,,,,,,,,,,,,,,,,,,,,,,,,,,
N-cor, ,group, , ,0.00697,CIDEC,CTSS,ESR1,RARB,RGL1,RHOB,RNF144B,SHISA5,TBX6,,,,,,,,,,,,,,,,,,,,,,,,,,,,,,,,,,,,,,,,,,,,,,,,,,,,,,,,,,,,,,,,,,,,,,,,,,,,,
ICOS,4.806,transmembrane receptor, ,-0.78,0.00702,ICOS,ICOSLG/LOC102723996,IL2RB,KLF2,MAF,,,,,,,,,,,,,,,,,,,,,,,,,,,,,,,,,,,,,,,,,,,,,,,,,,,,,,,,,,,,,,,,,,,,,,,,,,,,,,,,,
JAG1, ,growth factor, ,0.447,0.00702,ESR1,GADD45A,SMAD3,TGFB2,VIM,,,,,,,,,,,,,,,,,,,,,,,,,,,,,,,,,,,,,,,,,,,,,,,,,,,,,,,,,,,,,,,,,,,,,,,,,,,,,,,,,
PAK2, ,kinase, ,-0.447,0.00702,GADD45A,ID1,ID3,IFI16,IGFBP5,,,,,,,,,,,,,,,,,,,,,,,,,,,,,,,,,,,,,,,,,,,,,,,,,,,,,,,,,,,,,,,,,,,,,,,,,,,,,,,,,
RB1, ,transcription regulator, ,-0.583,0.00718,CCND3,CD83,CEBPA,DMPK,E2F1,FGF2,GADD45A,HOMER1,HRAS,ID1,IFNGR1,INMT,KLF10,MAF,MEF2C,NFKBIA,PPARGC1B,REEP1,RHOB,SRPRA,TNFRSF1B,TP63,ULK1,ZFP36,,,,,,,,,,,,,,,,,,,,,,,,,,,,,,,,,,,,,,,,,,,,,,,,,,,,,,,,,,,,,,
ZBTB7B, ,transcription regulator, ,-1.987,0.00738,ATXN1,CD4,HMGCS1,MAF,PAQR9,RPS6KA2,,,,,,,,,,,,,,,,,,,,,,,,,,,,,,,,,,,,,,,,,,,,,,,,,,,,,,,,,,,,,,,,,,,,,,,,,,,,,,,,
CHD4, ,enzyme, ,1.671,0.00753,ANGPTL4,BCL11A,CASQ1,CD4,E2F1,HMOX1,LOX,,,,,,,,,,,,,,,,,,,,,,,,,,,,,,,,,,,,,,,,,,,,,,,,,,,,,,,,,,,,,,,,,,,,,,,,,,,,,,,
EIF4E, ,translation regulator, ,1.176,0.00756,CEBPA,DEDD2,ESR1,FGF2,HLA-A,HMOX1,HRAS,IFI16,INSIG1,LYZ,NFKBIA,NUDT3,PDS5B,PTPRC,,,,,,,,,,,,,,,,,,,,,,,,,,,,,,,,,,,,,,,,,,,,,,,,,,,,,,,,,,,,,,,,,,,,,,,,
DIO2, ,enzyme, ,0.055,0.0078,B3GNT5,CYP1B1,DDIT4,GADD45G,GREM2,HR,HS3ST5,ICOSLG/LOC102723996,IER5,LILRB4,PDP1,SERINC2,,,,,,,,,,,,,,,,,,,,,,,,,,,,,,,,,,,,,,,,,,,,,,,,,,,,,,,,,,,,,,,,,,,,,,,,,,
mir-17, ,microRNA, ,0.322,0.00789,BLNK,E2F1,ESR1,FBXW7,TXNIP,,,,,,,,,,,,,,,,,,,,,,,,,,,,,,,,,,,,,,,,,,,,,,,,,,,,,,,,,,,,,,,,,,,,,,,,,,,,,,,,,
RORC, ,ligand-dependent nuclear receptor, , ,0.0079,ABCD2,ACSL6,CYP2C8,LPIN2,LRTM1,MSC,Mt1,Mt2,POR,SLC15A4,SLC16A10,,,,,,,,,,,,,,,,,,,,,,,,,,,,,,,,,,,,,,,,,,,,,,,,,,,,,,,,,,,,,,,,,,,,,,,,,,,
BRD4, ,kinase, ,0.885,0.0079,CD4,CEBPA,GTF3C6,HMOX1,IRF4,JARID2,KDM3A,LOX,MAP4K1,THBS1,TUBB,,,,,,,,,,,,,,,,,,,,,,,,,,,,,,,,,,,,,,,,,,,,,,,,,,,,,,,,,,,,,,,,,,,,,,,,,,,
MRTFA, ,transcription regulator, ,-0.128,0.00791,FLI1,GADD45A,HLA-A,ID1,LILRB4,MAFK,P2RY1,RHOBTB1,SERINC3,SLC20A1,SYNPO2,TGFB2,THBS1,,,,,,,,,,,,,,,,,,,,,,,,,,,,,,,,,,,,,,,,,,,,,,,,,,,,,,,,,,,,,,,,,,,,,,,,,
MSTN, ,growth factor,Activated,2.425,0.0081,CEBPA,CTSV,IGFBP5,TRIM63,ULK1,VIM,,,,,,,,,,,,,,,,,,,,,,,,,,,,,,,,,,,,,,,,,,,,,,,,,,,,,,,,,,,,,,,,,,,,,,,,,,,,,,,,
RELB, ,transcription regulator, , ,0.0081,CIITA,CXCL13,ICOSLG/LOC102723996,IRF4,MAT2A,NFKBIA,,,,,,,,,,,,,,,,,,,,,,,,,,,,,,,,,,,,,,,,,,,,,,,,,,,,,,,,,,,,,,,,,,,,,,,,,,,,,,,,
HLX, ,transcription regulator, ,-1.067,0.00815,CTSS,CYP1B1,FER1L6,IL4R,,,,,,,,,,,,,,,,,,,,,,,,,,,,,,,,,,,,,,,,,,,,,,,,,,,,,,,,,,,,,,,,,,,,,,,,,,,,,,,,,,
HOXA10, ,transcription regulator, ,-1,0.00841,CLDN5,COL15A1,CTSV,DBP,HLF,ID1,INMT,KLF10,NUDT3,,,,,,,,,,,,,,,,,,,,,,,,,,,,,,,,,,,,,,,,,,,,,,,,,,,,,,,,,,,,,,,,,,,,,,,,,,,,,
BMP15, ,growth factor, , ,0.00864,ID1,ID3,PTX3,,,,,,,,,,,,,,,,,,,,,,,,,,,,,,,,,,,,,,,,,,,,,,,,,,,,,,,,,,,,,,,,,,,,,,,,,,,,,,,,,,,
EBF1, ,transcription regulator,Activated,2.36,0.00873,AKT3,CBLB,CD79A,CD79B,EIF4EBP1,INPP5D,PHKA2,PRKACA,PRKAG3,PTPN1,,,,,,,,,,,,,,,,,,,,,,,,,,,,,,,,,,,,,,,,,,,,,,,,,,,,,,,,,,,,,,,,,,,,,,,,,,,,
COLQ, ,other, ,-0.956,0.00881,CHRNE,DTNA,FRAS1,GPC4,SDC4,SGCD,SSPN,,,,,,,,,,,,,,,,,,,,,,,,,,,,,,,,,,,,,,,,,,,,,,,,,,,,,,,,,,,,,,,,,,,,,,,,,,,,,,,
NKX3-1, ,transcription regulator, , ,0.00888,CA8,CTSV,CXCL13,ETV3,PTPRC,SDC4,,,,,,,,,,,,,,,,,,,,,,,,,,,,,,,,,,,,,,,,,,,,,,,,,,,,,,,,,,,,,,,,,,,,,,,,,,,,,,,,
FOXP3, ,transcription regulator, ,0.447,0.00921,AKT3,DUSP4,HLA-A,ICOS,IL2RB,IL7R,IRF4,MAF,P2RY10,SDC4,SWAP70,,,,,,,,,,,,,,,,,,,,,,,,,,,,,,,,,,,,,,,,,,,,,,,,,,,,,,,,,,,,,,,,,,,,,,,,,,,
MAP3K8, ,kinase, ,1.709,0.00968,ARRDC3,CEBPD,CIITA,IER5,IFNGR1,P2RY1,PPARGC1B,Rpl22l1,SESN1,TXNIP,UBALD1,,,,,,,,,,,,,,,,,,,,,,,,,,,,,,,,,,,,,,,,,,,,,,,,,,,,,,,,,,,,,,,,,,,,,,,,,,,
CD3 group, ,group, ,0,0.00971,ACSL6,CBLB,CCND3,KLF2,ODC1,TFRC,,,,,,,,,,,,,,,,,,,,,,,,,,,,,,,,,,,,,,,,,,,,,,,,,,,,,,,,,,,,,,,,,,,,,,,,,,,,,,,,
NRIP1,-0.535,transcription regulator, , ,0.00971,IDH3A,OTUB2,PDK4,PTX3,RARB,SLC16A10,,,,,,,,,,,,,,,,,,,,,,,,,,,,,,,,,,,,,,,,,,,,,,,,,,,,,,,,,,,,,,,,,,,,,,,,,,,,,,,,
let-7, ,microRNA, ,-1.145,0.0102,BCL11A,BMPR1A,Calm1 (includes others),CEBPD,CPEB3,EDEM1,EIF4A1,ERF,HMOX1,THBS1,VIM,,,,,,,,,,,,,,,,,,,,,,,,,,,,,,,,,,,,,,,,,,,,,,,,,,,,,,,,,,,,,,,,,,,,,,,,,,,
TRAF3, ,enzyme, ,-1.195,0.0103,CXCL13,IL2RB,LILRB4,MAP3K14,MPEG1,NFKBIA,NFKBIE,,,,,,,,,,,,,,,,,,,,,,,,,,,,,,,,,,,,,,,,,,,,,,,,,,,,,,,,,,,,,,,,,,,,,,,,,,,,,,,
SOX1, ,transcription regulator, ,1.134,0.0103,BMPR1A,DUSP4,IER5,KIF16B,TEAD1,TGFB2,WNT5A,,,,,,,,,,,,,,,,,,,,,,,,,,,,,,,,,,,,,,,,,,,,,,,,,,,,,,,,,,,,,,,,,,,,,,,,,,,,,,,
miR-122-5p (miRNAs w/seed GGAGUGU), ,mature microRNA, ,-1.698,0.0106,AKT3,Ank2,BACH2,EEF1A1,Foxp1,VIM,,,,,,,,,,,,,,,,,,,,,,,,,,,,,,,,,,,,,,,,,,,,,,,,,,,,,,,,,,,,,,,,,,,,,,,,,,,,,,,,
Ptprd, ,phosphatase, , ,0.0107,CEBPD,GADD45G,IGFBP5,,,,,,,,,,,,,,,,,,,,,,,,,,,,,,,,,,,,,,,,,,,,,,,,,,,,,,,,,,,,,,,,,,,,,,,,,,,,,,,,,,,
OIP5-AS1, ,other, , ,0.0107,CEBPA,GAK,KLF10,,,,,,,,,,,,,,,,,,,,,,,,,,,,,,,,,,,,,,,,,,,,,,,,,,,,,,,,,,,,,,,,,,,,,,,,,,,,,,,,,,,
IDH2, ,enzyme, , ,0.0107,CEBPA,TGFB2,VIM,,,,,,,,,,,,,,,,,,,,,,,,,,,,,,,,,,,,,,,,,,,,,,,,,,,,,,,,,,,,,,,,,,,,,,,,,,,,,,,,,,,
BCOR, ,transcription regulator, , ,0.0107,BANK1,CD74,CIITA,,,,,,,,,,,,,,,,,,,,,,,,,,,,,,,,,,,,,,,,,,,,,,,,,,,,,,,,,,,,,,,,,,,,,,,,,,,,,,,,,,,
ZNF536, ,transcription regulator, , ,0.0108,PAX6,RARB,,,,,,,,,,,,,,,,,,,,,,,,,,,,,,,,,,,,,,,,,,,,,,,,,,,,,,,,,,,,,,,,,,,,,,,,,,,,,,,,,,,,
ALDH3A2, ,enzyme, , ,0.0108,GCLM,HMOX1,,,,,,,,,,,,,,,,,,,,,,,,,,,,,,,,,,,,,,,,,,,,,,,,,,,,,,,,,,,,,,,,,,,,,,,,,,,,,,,,,,,,
miR-292b-5p (and other miRNAs w/seed CUCAAAA), ,mature microRNA, , ,0.0108,BCL11A,BTG1,,,,,,,,,,,,,,,,,,,,,,,,,,,,,,,,,,,,,,,,,,,,,,,,,,,,,,,,,,,,,,,,,,,,,,,,,,,,,,,,,,,,
KLF3, ,transcription regulator, , ,0.0108,ANK1,SELL,,,,,,,,,,,,,,,,,,,,,,,,,,,,,,,,,,,,,,,,,,,,,,,,,,,,,,,,,,,,,,,,,,,,,,,,,,,,,,,,,,,,
FTH1, ,enzyme, , ,0.0108,FTL,TFRC,,,,,,,,,,,,,,,,,,,,,,,,,,,,,,,,,,,,,,,,,,,,,,,,,,,,,,,,,,,,,,,,,,,,,,,,,,,,,,,,,,,,
Cox5b/Gm34962, ,other, , ,0.0108,CAPN6,TGFB2,,,,,,,,,,,,,,,,,,,,,,,,,,,,,,,,,,,,,,,,,,,,,,,,,,,,,,,,,,,,,,,,,,,,,,,,,,,,,,,,,,,,
Cxcl3, ,cytokine, , ,0.0108,CEBPA,CEBPD,,,,,,,,,,,,,,,,,,,,,,,,,,,,,,,,,,,,,,,,,,,,,,,,,,,,,,,,,,,,,,,,,,,,,,,,,,,,,,,,,,,,
LTBR, ,transmembrane receptor,Activated,2.236,0.011,CXCL13,DSC3,LYZ,MFGE8,POU2AF1,,,,,,,,,,,,,,,,,,,,,,,,,,,,,,,,,,,,,,,,,,,,,,,,,,,,,,,,,,,,,,,,,,,,,,,,,,,,,,,,,
RC3H1, ,enzyme, ,-1.342,0.011,APOBEC3B,CXCL13,HSPB1,ICOS,IFI16,TNFRSF1B,WNT5A,,,,,,,,,,,,,,,,,,,,,,,,,,,,,,,,,,,,,,,,,,,,,,,,,,,,,,,,,,,,,,,,,,,,,,,,,,,,,,,
SMAD4, ,transcription regulator,Activated,2.043,0.0112,DOCK4,EIF4EBP1,GADD45A,ID1,INPP5D,NFKBIA,PAX6,POR,PTPRC,PTX3,SHISA5,SMAD3,THBS1,,,,,,,,,,,,,,,,,,,,,,,,,,,,,,,,,,,,,,,,,,,,,,,,,,,,,,,,,,,,,,,,,,,,,,,,,
RGS4, ,enzyme, ,-0.707,0.0114,CRHR2,GPC4,LRRC38,MFAP3L,PAX6,RPS6KA2,TFRC,WDFY4,,,,,,,,,,,,,,,,,,,,,,,,,,,,,,,,,,,,,,,,,,,,,,,,,,,,,,,,,,,,,,,,,,,,,,,,,,,,,,
ZEB2, ,transcription regulator, ,-0.728,0.0115,E2F1,IL7R,INPP5D,SELL,Tcf7,VIM,,,,,,,,,,,,,,,,,,,,,,,,,,,,,,,,,,,,,,,,,,,,,,,,,,,,,,,,,,,,,,,,,,,,,,,,,,,,,,,,
E2F1,-0.576,transcription regulator, ,0.369,0.0118,ATG14,Calm1 (includes others),CCND3,CEBPA,DUSP10,DUSP4,E2F1,HMGB2,ID3,IDH3A,INMT,MAF,NFKBIA,PDK4,RBFOX2,REV3L,SRPRA,THBS1,UCP2,ULK1,ZFP36,,,,,,,,,,,,,,,,,,,,,,,,,,,,,,,,,,,,,,,,,,,,,,,,,,,,,,,,,,,,,,,,,
mir-155, ,microRNA, ,-1.804,0.0119,CEBPA,DNAJB1,HMOX1,INPP5D,IRF4,MAF,PELI1,,,,,,,,,,,,,,,,,,,,,,,,,,,,,,,,,,,,,,,,,,,,,,,,,,,,,,,,,,,,,,,,,,,,,,,,,,,,,,,
miR-16-5p (and other miRNAs w/seed AGCAGCA), ,mature microRNA, ,-0.455,0.0121,CCND3,FGF2,RNF144B,UCP2,ZYX,,,,,,,,,,,,,,,,,,,,,,,,,,,,,,,,,,,,,,,,,,,,,,,,,,,,,,,,,,,,,,,,,,,,,,,,,,,,,,,,,
BCL6, ,transcription regulator, ,1.424,0.0123,BACH2,BLNK,CD19,CD79B,CIITA,FGF2,GABARAPL1,GADD45A,IL4R,IL7R,IRF4,MAF,SOX6,STXBP4,,,,,,,,,,,,,,,,,,,,,,,,,,,,,,,,,,,,,,,,,,,,,,,,,,,,,,,,,,,,,,,,,,,,,,,,
ATF1, ,transcription regulator, , ,0.0124,CD79A,CIITA,TEAD1,THBS1,,,,,,,,,,,,,,,,,,,,,,,,,,,,,,,,,,,,,,,,,,,,,,,,,,,,,,,,,,,,,,,,,,,,,,,,,,,,,,,,,,
ECSIT, ,transcription regulator, ,1.982,0.0124,CD83,HMOX1,NFKBIA,NFKBIE,,,,,,,,,,,,,,,,,,,,,,,,,,,,,,,,,,,,,,,,,,,,,,,,,,,,,,,,,,,,,,,,,,,,,,,,,,,,,,,,,,
MMP2, ,peptidase, , ,0.0125,CLDN5,CSF2RB,IL4R,INSIG1,MLXIPL,PDK4,,,,,,,,,,,,,,,,,,,,,,,,,,,,,,,,,,,,,,,,,,,,,,,,,,,,,,,,,,,,,,,,,,,,,,,,,,,,,,,,
TMPRSS2-ERG, ,fusion gene/product, ,1.265,0.0126,ARRDC4,DDIT4,ID1,ID3,KLF11,OSBPL6,RNF144B,TCEA3,THBS1,VIM,,,,,,,,,,,,,,,,,,,,,,,,,,,,,,,,,,,,,,,,,,,,,,,,,,,,,,,,,,,,,,,,,,,,,,,,,,,,
ATF4, ,transcription regulator, ,0.808,0.0129,ARHGAP23,ATXN1,DDIT4,EIF4EBP1,GADD45A,IGFBP5,NAPB,PTX3,SH3BP2,SLC39A14,SLC43A1,TGFB2,,,,,,,,,,,,,,,,,,,,,,,,,,,,,,,,,,,,,,,,,,,,,,,,,,,,,,,,,,,,,,,,,,,,,,,,,,
TEAD4, ,transcription regulator, ,-0.496,0.013,CCND3,CEBPA,CIDEC,FILIP1L,IGFBP5,RHOBTB1,THBS1,TP63,,,,,,,,,,,,,,,,,,,,,,,,,,,,,,,,,,,,,,,,,,,,,,,,,,,,,,,,,,,,,,,,,,,,,,,,,,,,,,
CBX7, ,other, , ,0.0131,CTSS,CYP1B1,FER1L6,,,,,,,,,,,,,,,,,,,,,,,,,,,,,,,,,,,,,,,,,,,,,,,,,,,,,,,,,,,,,,,,,,,,,,,,,,,,,,,,,,,
GIP, ,other, , ,0.0131,IL4R,TNFRSF1B,UCP2,,,,,,,,,,,,,,,,,,,,,,,,,,,,,,,,,,,,,,,,,,,,,,,,,,,,,,,,,,,,,,,,,,,,,,,,,,,,,,,,,,,
RASSF1, ,other, , ,0.0131,ESR1,TBK1,TUBB,,,,,,,,,,,,,,,,,,,,,,,,,,,,,,,,,,,,,,,,,,,,,,,,,,,,,,,,,,,,,,,,,,,,,,,,,,,,,,,,,,,
WNT7A, ,cytokine, , ,0.0131,ESR1,VIM,WNT5A,,,,,,,,,,,,,,,,,,,,,,,,,,,,,,,,,,,,,,,,,,,,,,,,,,,,,,,,,,,,,,,,,,,,,,,,,,,,,,,,,,,
COX4I1, ,enzyme, , ,0.0131,CAPN6,PDK4,TGFB2,,,,,,,,,,,,,,,,,,,,,,,,,,,,,,,,,,,,,,,,,,,,,,,,,,,,,,,,,,,,,,,,,,,,,,,,,,,,,,,,,,,
CAPN3,-0.57,peptidase, , ,0.0131,Ank2,GCLM,HMOX1,,,,,,,,,,,,,,,,,,,,,,,,,,,,,,,,,,,,,,,,,,,,,,,,,,,,,,,,,,,,,,,,,,,,,,,,,,,,,,,,,,,
TARBP2, ,other, , ,0.0131,MAF,SOX6,THBS1,,,,,,,,,,,,,,,,,,,,,,,,,,,,,,,,,,,,,,,,,,,,,,,,,,,,,,,,,,,,,,,,,,,,,,,,,,,,,,,,,,,
PPARD, ,ligand-dependent nuclear receptor, ,0.395,0.0132,ANGPTL4,GHR,IKBKE,LPIN2,MERTK,MFGE8,MPEG1,PDK4,PER3,PRKAG3,SERINC2,TCEA3,THBS1,TRIM63,UBC,,,,,,,,,,,,,,,,,,,,,,,,,,,,,,,,,,,,,,,,,,,,,,,,,,,,,,,,,,,,,,,,,,,,,,,
KRAS, ,enzyme, ,-0.726,0.0134,CCND3,CSF2RB,DUSP4,E2F1,EEF1A1,GADD45A,H1-2,KIF22,LOX,NOS1,POR,PPFIBP1,PTPRC,SDC4,SERPINA3,THBS1,TLE3,TP63,TXNIP,UBE2I,VIM,ZFAND2A,,,,,,,,,,,,,,,,,,,,,,,,,,,,,,,,,,,,,,,,,,,,,,,,,,,,,,,,,,,,,,,,
Cdc42, ,enzyme, ,1,0.0134,ATP6V1A,CEBPA,CTSS,CTSV,FGF2,,,,,,,,,,,,,,,,,,,,,,,,,,,,,,,,,,,,,,,,,,,,,,,,,,,,,,,,,,,,,,,,,,,,,,,,,,,,,,,,,
MYD88, ,other,Activated,2.802,0.0135,APOBEC3B,CEBPD,CXCL13,DNMT3A,FBXO30,HLA-A,IGFBP5,IKBKE,INPP5D,MAFF,Ms4a4c (includes others),NFKBIA,TNFRSF13B,TRIM63,ZC3H12A,ZC3H12C,,,,,,,,,,,,,,,,,,,,,,,,,,,,,,,,,,,,,,,,,,,,,,,,,,,,,,,,,,,,,,,,,,,,,,
ERK, ,group, ,1.203,0.0135,CCND3,ESR1,FGF2,HMOX1,KLF10,ODC1,PDK4,RARB,SELL,THBS1,ZFP36,,,,,,,,,,,,,,,,,,,,,,,,,,,,,,,,,,,,,,,,,,,,,,,,,,,,,,,,,,,,,,,,,,,,,,,,,,,
SOX3, ,transcription regulator, ,1.134,0.0136,BMPR1A,DUSP4,IER5,KIF16B,TEAD1,TGFB2,WNT5A,,,,,,,,,,,,,,,,,,,,,,,,,,,,,,,,,,,,,,,,,,,,,,,,,,,,,,,,,,,,,,,,,,,,,,,,,,,,,,,
WT1, ,transcription regulator, ,0.198,0.0137,BTK,CLIC1,CTSV,ESR1,LMAN1,NQO2,ODC1,SLC20A1,SMAD3,ST6GAL1,TFAP2A,THBS1,ZNF280B,,,,,,,,,,,,,,,,,,,,,,,,,,,,,,,,,,,,,,,,,,,,,,,,,,,,,,,,,,,,,,,,,,,,,,,,,
Hbb-b1, ,transporter, ,1.342,0.0138,CD74,CEBPA,CIITA,FTL,IL2RB,Mt1,TFRC,UCP2,,,,,,,,,,,,,,,,,,,,,,,,,,,,,,,,,,,,,,,,,,,,,,,,,,,,,,,,,,,,,,,,,,,,,,,,,,,,,,
TCF7, ,transcription regulator, , ,0.0141,CEBPA,CEBPD,RARB,Tcf7,,,,,,,,,,,,,,,,,,,,,,,,,,,,,,,,,,,,,,,,,,,,,,,,,,,,,,,,,,,,,,,,,,,,,,,,,,,,,,,,,,
TREM1, ,transmembrane receptor, ,1.387,0.0143,ARRDC4,CD83,DUSP14,DUSP4,GCLM,HOMER1,LY9,MAFF,NFKBIA,PTTG1IP,SLAMF7,THBS1,WNT5A,,,,,,,,,,,,,,,,,,,,,,,,,,,,,,,,,,,,,,,,,,,,,,,,,,,,,,,,,,,,,,,,,,,,,,,,,
CG, ,complex, ,1.275,0.0144,ANGPTL2,ANGPTL4,BMPR1A,BTG1,CCND3,CEBPD,CTSV,CYP1B1,E2F1,GREM2,HLA-A,HLA-DOB,IFNGR1,IL4R,MAF,NR3C2,NRIP1,PKIA,PTX3,SDC4,SLC20A1,SLC2A12,TGFB2,TNFRSF1B,TRO,,,,,,,,,,,,,,,,,,,,,,,,,,,,,,,,,,,,,,,,,,,,,,,,,,,,,,,,,,,,,
IRAK4, ,kinase, , ,0.0146,CSRNP1,ERRFI1,IFNGR1,IRF4,NFKBIA,ZC3H12A,ZFP36,,,,,,,,,,,,,,,,,,,,,,,,,,,,,,,,,,,,,,,,,,,,,,,,,,,,,,,,,,,,,,,,,,,,,,,,,,,,,,,
CD40, ,transmembrane receptor, ,-0.393,0.0155,CCND3,CD83,EDEM1,ICOSLG/LOC102723996,MAP3K14,NFKBIA,POU2AF1,SELL,SLAMF7,SYVN1,TNFRSF13B,,,,,,,,,,,,,,,,,,,,,,,,,,,,,,,,,,,,,,,,,,,,,,,,,,,,,,,,,,,,,,,,,,,,,,,,,,,
NFKBIB, ,transcription regulator, , ,0.0157,CTSV,DAPK1,NFKBIA,,,,,,,,,,,,,,,,,,,,,,,,,,,,,,,,,,,,,,,,,,,,,,,,,,,,,,,,,,,,,,,,,,,,,,,,,,,,,,,,,,,
LILRB1, ,transmembrane receptor, , ,0.0157,HSPB1,MAF,ST3GAL6,,,,,,,,,,,,,,,,,,,,,,,,,,,,,,,,,,,,,,,,,,,,,,,,,,,,,,,,,,,,,,,,,,,,,,,,,,,,,,,,,,,
Integrin, ,complex, , ,0.0158,ESR1,TGFB2,,,,,,,,,,,,,,,,,,,,,,,,,,,,,,,,,,,,,,,,,,,,,,,,,,,,,,,,,,,,,,,,,,,,,,,,,,,,,,,,,,,,
CCAR1, ,transcription regulator, , ,0.0158,CEBPA,CEBPD,,,,,,,,,,,,,,,,,,,,,,,,,,,,,,,,,,,,,,,,,,,,,,,,,,,,,,,,,,,,,,,,,,,,,,,,,,,,,,,,,,,,
ZNF395, ,transcription regulator, , ,0.0158,IFI16,MEF2C,,,,,,,,,,,,,,,,,,,,,,,,,,,,,,,,,,,,,,,,,,,,,,,,,,,,,,,,,,,,,,,,,,,,,,,,,,,,,,,,,,,,
ABCB7, ,transporter, , ,0.0158,FTL,TFRC,,,,,,,,,,,,,,,,,,,,,,,,,,,,,,,,,,,,,,,,,,,,,,,,,,,,,,,,,,,,,,,,,,,,,,,,,,,,,,,,,,,,
CBLC, ,enzyme, , ,0.0158,HMOX1,ULK1,,,,,,,,,,,,,,,,,,,,,,,,,,,,,,,,,,,,,,,,,,,,,,,,,,,,,,,,,,,,,,,,,,,,,,,,,,,,,,,,,,,,
SOCS2, ,other, , ,0.0158,GHR,PIM3,,,,,,,,,,,,,,,,,,,,,,,,,,,,,,,,,,,,,,,,,,,,,,,,,,,,,,,,,,,,,,,,,,,,,,,,,,,,,,,,,,,,
KLF4, ,transcription regulator, ,-0.464,0.0158,BMPR1A,CEBPA,DUSP4,EYA1,GADD45A,HSPB1,IER5,KIF16B,MEF2C,ODC1,SHISA5,TEAD1,TGFB2,VIM,WNT5A,,,,,,,,,,,,,,,,,,,,,,,,,,,,,,,,,,,,,,,,,,,,,,,,,,,,,,,,,,,,,,,,,,,,,,,
ZNF106, ,other,Inhibited,-2.236,0.0162,GPNMB,HSPB1,LYZ,SERPINA3,SSPN,,,,,,,,,,,,,,,,,,,,,,,,,,,,,,,,,,,,,,,,,,,,,,,,,,,,,,,,,,,,,,,,,,,,,,,,,,,,,,,,,
EPAS1, ,transcription regulator, ,0.821,0.0166,ABI1,ANGPTL4,CEBPA,CORO1A,FGF2,HMGCS1,ICOS,IFNGR1,IL2RB,KDM3A,LOX,P2RY1,,,,,,,,,,,,,,,,,,,,,,,,,,,,,,,,,,,,,,,,,,,,,,,,,,,,,,,,,,,,,,,,,,,,,,,,,,
FSH, ,complex, ,-1.777,0.0177,BCL11A,BMPR1A,COL15A1,CPE,CTSV,DAPK1,DUSP14,ENC1,ESR1,FILIP1L,KLF10,LOX,PHKA2,PTPN1,RHOB,TFRC,TGFB2,THBS1,TOB1,,,,,,,,,,,,,,,,,,,,,,,,,,,,,,,,,,,,,,,,,,,,,,,,,,,,,,,,,,,,,,,,,,,
SHC1,0.551,other, ,0.128,0.0177,FLI1,FTL,HMGB2,KLF2,SDC4,,,,,,,,,,,,,,,,,,,,,,,,,,,,,,,,,,,,,,,,,,,,,,,,,,,,,,,,,,,,,,,,,,,,,,,,,,,,,,,,,
TEAD3, ,transcription regulator, ,-0.2,0.0177,FILIP1L,IGFBP5,RHOBTB1,THBS1,TP63,,,,,,,,,,,,,,,,,,,,,,,,,,,,,,,,,,,,,,,,,,,,,,,,,,,,,,,,,,,,,,,,,,,,,,,,,,,,,,,,,
ADRA1B, ,G-protein coupled receptor, , ,0.0177,CEBPD,CTSV,LOX,PRRX1,RALA,,,,,,,,,,,,,,,,,,,,,,,,,,,,,,,,,,,,,,,,,,,,,,,,,,,,,,,,,,,,,,,,,,,,,,,,,,,,,,,,,
let-7a-5p (and other miRNAs w/seed GAGGUAG), ,mature microRNA, ,-1.42,0.0178,ACSL6,ATXN7L3,Calm1 (includes others),CEBPA,HMOX1,THBS1,VIM,,,,,,,,,,,,,,,,,,,,,,,,,,,,,,,,,,,,,,,,,,,,,,,,,,,,,,,,,,,,,,,,,,,,,,,,,,,,,,,
SFRP1, ,transmembrane receptor, ,0.152,0.0179,MLXIPL,Tcf7,TGFB2,VIM,,,,,,,,,,,,,,,,,,,,,,,,,,,,,,,,,,,,,,,,,,,,,,,,,,,,,,,,,,,,,,,,,,,,,,,,,,,,,,,,,,
FLT3LG, ,cytokine, , ,0.0179,CD19,CD79A,CEBPA,IL7R,,,,,,,,,,,,,,,,,,,,,,,,,,,,,,,,,,,,,,,,,,,,,,,,,,,,,,,,,,,,,,,,,,,,,,,,,,,,,,,,,,
IKBKB, ,kinase, ,0.543,0.0181,CBLB,CEBPD,CYP1B1,GADD45A,HLA-A,HMOX1,IFI16,MAT2A,Mt1,Mt2,NFKBIA,PTK2B,PTX3,TNFRSF1B,TP63,,,,,,,,,,,,,,,,,,,,,,,,,,,,,,,,,,,,,,,,,,,,,,,,,,,,,,,,,,,,,,,,,,,,,,,
BACH1, ,transcription regulator, ,-0.614,0.0184,FTL,GCLM,HCCS,HMOX1,PDK4,SLC25A15,,,,,,,,,,,,,,,,,,,,,,,,,,,,,,,,,,,,,,,,,,,,,,,,,,,,,,,,,,,,,,,,,,,,,,,,,,,,,,,,
Nuclear factor 1, ,group, , ,0.0186,ID1,LOX,SERPINA3,,,,,,,,,,,,,,,,,,,,,,,,,,,,,,,,,,,,,,,,,,,,,,,,,,,,,,,,,,,,,,,,,,,,,,,,,,,,,,,,,,,
SLC29A1, ,transporter, , ,0.0186,GADD45A,RPL3,SESN1,,,,,,,,,,,,,,,,,,,,,,,,,,,,,,,,,,,,,,,,,,,,,,,,,,,,,,,,,,,,,,,,,,,,,,,,,,,,,,,,,,,
CCND3,0.846,kinase, , ,0.0186,CCND3,CEBPA,E2F1,,,,,,,,,,,,,,,,,,,,,,,,,,,,,,,,,,,,,,,,,,,,,,,,,,,,,,,,,,,,,,,,,,,,,,,,,,,,,,,,,,,
TP73, ,transcription regulator, ,-1.63,0.0187,ANGPTL4,CCND3,CD83,DBP,DDIT4,FGF2,GPNMB,IGFBP5,IL4R,LYZ,PTPN3,RNF144B,SERPINA3,SHISA5,TGFB2,THBS1,TNFRSF1B,UBE2D1,ULK1,,,,,,,,,,,,,,,,,,,,,,,,,,,,,,,,,,,,,,,,,,,,,,,,,,,,,,,,,,,,,,,,,,,
SOX2, ,transcription regulator, ,-0.106,0.0191,AMOT,AQP4,BMPR1A,CEMIP2,DUSP4,ELF1,Foxp1,GCK,Gm15446,ID3,IER5,KDM3A,KIF16B,MEF2C,PARD6B,PAX6,SOX6,TBX6,TEAD1,TEC,TGFB2,VIM,WNT5A,,,,,,,,,,,,,,,,,,,,,,,,,,,,,,,,,,,,,,,,,,,,,,,,,,,,,,,,,,,,,,,
miR-34a-5p (and other miRNAs w/seed GGCAGUG), ,mature microRNA, ,-0.739,0.0192,BVES,DOCK8,E2F1,GIMAP6,IKZF3,PPM1H,SELL,TAF7,TMC7,,,,,,,,,,,,,,,,,,,,,,,,,,,,,,,,,,,,,,,,,,,,,,,,,,,,,,,,,,,,,,,,,,,,,,,,,,,,,
TP63,-1.212,transcription regulator, ,1.708,0.0192,CCND3,CEBPA,DDIT4,DUSP10,GADD45A,GPNMB,HRAS,ID3,MFGE8,MRPL41,NEIL2,SMAD3,SSPN,TGFB2,THBS1,TP63,ULK1,VIM,WNT5A,,,,,,,,,,,,,,,,,,,,,,,,,,,,,,,,,,,,,,,,,,,,,,,,,,,,,,,,,,,,,,,,,,,
Sos, ,group, , ,0.0194,AMIGO1,DAPK2,HMOX1,HPGDS,IGFBP5,KIF1B,MAFK,MMRN1,Mt2,NRIP1,ODC1,RGMA,SEMA6D,,,,,,,,,,,,,,,,,,,,,,,,,,,,,,,,,,,,,,,,,,,,,,,,,,,,,,,,,,,,,,,,,,,,,,,,,
BMP7, ,growth factor, ,0.007,0.0194,BMPR1A,CEBPA,ESR1,ID1,IGFBP5,PAX6,VIM,WNT5A,,,,,,,,,,,,,,,,,,,,,,,,,,,,,,,,,,,,,,,,,,,,,,,,,,,,,,,,,,,,,,,,,,,,,,,,,,,,,,
TGM2, ,enzyme,Activated,2.722,0.0198,CD74,CSRNP1,DAPK2,GIMAP6,MERTK,OTUD6B,POR,SELL,SLAMF7,SLC20A1,SLC25A15,SP110,THBS1,TP63,,,,,,,,,,,,,,,,,,,,,,,,,,,,,,,,,,,,,,,,,,,,,,,,,,,,,,,,,,,,,,,,,,,,,,,,
TEAD1,-1.278,transcription regulator, ,0.294,0.0198,CCND3,FILIP1L,IGFBP5,RHOBTB1,THBS1,TP63,,,,,,,,,,,,,,,,,,,,,,,,,,,,,,,,,,,,,,,,,,,,,,,,,,,,,,,,,,,,,,,,,,,,,,,,,,,,,,,,
SNAI1, ,transcription regulator, ,1.526,0.0198,CCND3,CDH4,ID1,PTX3,TP63,VIM,,,,,,,,,,,,,,,,,,,,,,,,,,,,,,,,,,,,,,,,,,,,,,,,,,,,,,,,,,,,,,,,,,,,,,,,,,,,,,,,
TXN, ,enzyme, ,1.94,0.02,CYP1B1,ESR1,NFKBIA,SELL,,,,,,,,,,,,,,,,,,,,,,,,,,,,,,,,,,,,,,,,,,,,,,,,,,,,,,,,,,,,,,,,,,,,,,,,,,,,,,,,,,
EIF2AK3, ,kinase, ,1.664,0.0203,BET1L,EDEM1,EIF4EBP1,FGF2,GADD45A,NAPB,RPS6KA2,SYVN1,TXNIP,ZFP36,,,,,,,,,,,,,,,,,,,,,,,,,,,,,,,,,,,,,,,,,,,,,,,,,,,,,,,,,,,,,,,,,,,,,,,,,,,,
INS, ,other, ,1.213,0.0203,CIDEC,EIF4EBP1,ERRFI1,GABARAPL1,GCK,HNRNPF,IGFBP5,NOS1,PTPN1,RARB,,,,,,,,,,,,,,,,,,,,,,,,,,,,,,,,,,,,,,,,,,,,,,,,,,,,,,,,,,,,,,,,,,,,,,,,,,,,
TLR4, ,transmembrane receptor, ,1.984,0.0203,APOBEC3B,CEBPD,CERK,DNMT3A,GADD45G,HMOX1,IFI16,IL2RB,LILRB4,MERTK,NFKBIA,PELI1,PTX3,RGCC,TBK1,TNFRSF13B,TRIM63,ZC3H12A,ZC3H12C,,,,,,,,,,,,,,,,,,,,,,,,,,,,,,,,,,,,,,,,,,,,,,,,,,,,,,,,,,,,,,,,,,,
MKNK1, ,kinase, ,0,0.0205,Ank2,CAMK2A,GPC4,KIF1B,KIF21B,MYO5A,TXNIP,VIM,,,,,,,,,,,,,,,,,,,,,,,,,,,,,,,,,,,,,,,,,,,,,,,,,,,,,,,,,,,,,,,,,,,,,,,,,,,,,,
Calmodulin, ,group, ,-0.555,0.0211,Calm1 (includes others),DOC2B,LRRTM3,MAP9,NPAS2,,,,,,,,,,,,,,,,,,,,,,,,,,,,,,,,,,,,,,,,,,,,,,,,,,,,,,,,,,,,,,,,,,,,,,,,,,,,,,,,,
NFYA, ,transcription regulator, , ,0.0211,GADD45A,LMAN1,RHOB,TXNIP,UBE2I,,,,,,,,,,,,,,,,,,,,,,,,,,,,,,,,,,,,,,,,,,,,,,,,,,,,,,,,,,,,,,,,,,,,,,,,,,,,,,,,,
IL13, ,cytokine, ,-0.16,0.0213,CTSS,CTSV,DUSP10,GPNMB,IFNGR1,MAF,MERTK,RPS6KA2,SEPTIN11,SLC26A6,ST3GAL6,SWAP70,TFRC,THBS1,TNFRSF1B,WNT5A,,,,,,,,,,,,,,,,,,,,,,,,,,,,,,,,,,,,,,,,,,,,,,,,,,,,,,,,,,,,,,,,,,,,,,
TPH1, ,enzyme,Activated,2.607,0.0214,ARL6IP1,ARRDC3,DNAJB13,HMOX1,ICOS,IFI16,MAP4K1,,,,,,,,,,,,,,,,,,,,,,,,,,,,,,,,,,,,,,,,,,,,,,,,,,,,,,,,,,,,,,,,,,,,,,,,,,,,,,,
STAT3, ,transcription regulator,Activated,2.711,0.0214,ANGPTL4,ATP6AP2,CD74,CD83,CIITA,DNMT3A,ESR1,GADD45A,HLA-A,HMOX1,ICOS,ID1,IFI16,IGFBP5,IKBKE,IL4R,LILRB4,LOX,PAX6,SERPINA3,SP110,TNFRSF1B,VIM,WNT5A,ZFP36,,,,,,,,,,,,,,,,,,,,,,,,,,,,,,,,,,,,,,,,,,,,,,,,,,,,,,,,,,,,,
RNU7-1, ,other, , ,0.0216,H1-2,H3-3A/H3-3B,,,,,,,,,,,,,,,,,,,,,,,,,,,,,,,,,,,,,,,,,,,,,,,,,,,,,,,,,,,,,,,,,,,,,,,,,,,,,,,,,,,,
PANX1, ,transporter, , ,0.0216,HMOX1,P2RX7,,,,,,,,,,,,,,,,,,,,,,,,,,,,,,,,,,,,,,,,,,,,,,,,,,,,,,,,,,,,,,,,,,,,,,,,,,,,,,,,,,,,
ZNF652, ,other, , ,0.0216,TGFB2,VIM,,,,,,,,,,,,,,,,,,,,,,,,,,,,,,,,,,,,,,,,,,,,,,,,,,,,,,,,,,,,,,,,,,,,,,,,,,,,,,,,,,,,
ZNF512B, ,transcription regulator, , ,0.0216,DROSHA,E2F1,,,,,,,,,,,,,,,,,,,,,,,,,,,,,,,,,,,,,,,,,,,,,,,,,,,,,,,,,,,,,,,,,,,,,,,,,,,,,,,,,,,,
SMAD1/5, ,group, , ,0.0216,ID1,ID3,,,,,,,,,,,,,,,,,,,,,,,,,,,,,,,,,,,,,,,,,,,,,,,,,,,,,,,,,,,,,,,,,,,,,,,,,,,,,,,,,,,,
U1 snRNP, ,complex, , ,0.0216,LY9,SLAMF7,,,,,,,,,,,,,,,,,,,,,,,,,,,,,,,,,,,,,,,,,,,,,,,,,,,,,,,,,,,,,,,,,,,,,,,,,,,,,,,,,,,,
SDHA, ,enzyme, , ,0.0216,CD19,HMOX1,,,,,,,,,,,,,,,,,,,,,,,,,,,,,,,,,,,,,,,,,,,,,,,,,,,,,,,,,,,,,,,,,,,,,,,,,,,,,,,,,,,,
ADIPOR2, ,transmembrane receptor, , ,0.0216,GCK,UCP2,,,,,,,,,,,,,,,,,,,,,,,,,,,,,,,,,,,,,,,,,,,,,,,,,,,,,,,,,,,,,,,,,,,,,,,,,,,,,,,,,,,,
MSC,1.259,transcription regulator, , ,0.0216,CD19,CD79A,,,,,,,,,,,,,,,,,,,,,,,,,,,,,,,,,,,,,,,,,,,,,,,,,,,,,,,,,,,,,,,,,,,,,,,,,,,,,,,,,,,,
BHLHE41, ,transcription regulator, , ,0.0216,ANGPTL4,MEF2C,,,,,,,,,,,,,,,,,,,,,,,,,,,,,,,,,,,,,,,,,,,,,,,,,,,,,,,,,,,,,,,,,,,,,,,,,,,,,,,,,,,,
LYL1, ,transcription regulator, , ,0.0217,CCND3,ID1,ID3,,,,,,,,,,,,,,,,,,,,,,,,,,,,,,,,,,,,,,,,,,,,,,,,,,,,,,,,,,,,,,,,,,,,,,,,,,,,,,,,,,,
BMPR1B, ,kinase, , ,0.0217,ID1,ID3,SOX6,,,,,,,,,,,,,,,,,,,,,,,,,,,,,,,,,,,,,,,,,,,,,,,,,,,,,,,,,,,,,,,,,,,,,,,,,,,,,,,,,,,
MNT,1.05,transcription regulator, , ,0.0217,KLF10,ODC1,TXNIP,,,,,,,,,,,,,,,,,,,,,,,,,,,,,,,,,,,,,,,,,,,,,,,,,,,,,,,,,,,,,,,,,,,,,,,,,,,,,,,,,,,
STAT5B, ,transcription regulator, ,-0.653,0.0219,ABCD2,ACSL6,CCND3,CYP2C8,DAPK1,FMO2,GADD45A,IL2RB,MAF,PDK4,PDZRN3,SLC16A5,TOX,ZFP36,,,,,,,,,,,,,,,,,,,,,,,,,,,,,,,,,,,,,,,,,,,,,,,,,,,,,,,,,,,,,,,,,,,,,,,,
CDKN2A, ,transcription regulator, ,1.18,0.0226,CEBPD,CXCL13,E2F1,GADD45G,IGFBP5,KAT5,MDM4,POU2AF1,PTK2B,TNFRSF1B,VIM,,,,,,,,,,,,,,,,,,,,,,,,,,,,,,,,,,,,,,,,,,,,,,,,,,,,,,,,,,,,,,,,,,,,,,,,,,,
IL10, ,cytokine, ,1.301,0.0227,BMPR1A,CCND3,CD74,CD83,CIITA,CTSV,CXCL13,DEPP1,HMOX1,IL4R,INPP5D,LILRB4,SELL,TNFRSF1B,ZFP36,,,,,,,,,,,,,,,,,,,,,,,,,,,,,,,,,,,,,,,,,,,,,,,,,,,,,,,,,,,,,,,,,,,,,,,
Hsp90, ,group, ,0.808,0.0228,CD4,CDK9,CIITA,DNAJB1,ESR1,ZFAND2A,,,,,,,,,,,,,,,,,,,,,,,,,,,,,,,,,,,,,,,,,,,,,,,,,,,,,,,,,,,,,,,,,,,,,,,,,,,,,,,,
BSCL2, ,other, , ,0.0228,CD74,CEBPA,CIDEC,GCK,IGFBP5,PPARGC1B,,,,,,,,,,,,,,,,,,,,,,,,,,,,,,,,,,,,,,,,,,,,,,,,,,,,,,,,,,,,,,,,,,,,,,,,,,,,,,,,
Immunoglobulin, ,complex, ,1.109,0.0228,CCND3,CD83,IRF4,MAFF,NFKBIA,NOS1,,,,,,,,,,,,,,,,,,,,,,,,,,,,,,,,,,,,,,,,,,,,,,,,,,,,,,,,,,,,,,,,,,,,,,,,,,,,,,,,
SCD, ,enzyme, ,-0.861,0.0228,ANGPTL4,CHRNE,GADD45A,PDK4,PTPN1,UCP2,,,,,,,,,,,,,,,,,,,,,,,,,,,,,,,,,,,,,,,,,,,,,,,,,,,,,,,,,,,,,,,,,,,,,,,,,,,,,,,,
HOXA3, ,transcription regulator, ,-0.447,0.0229,EGFL7,IKZF1,KLF2,Tcf7,TNFRSF1B,,,,,,,,,,,,,,,,,,,,,,,,,,,,,,,,,,,,,,,,,,,,,,,,,,,,,,,,,,,,,,,,,,,,,,,,,,,,,,,,,
NCOA3, ,transcription regulator, ,0,0.0244,CEBPA,FGF2,HMOX1,OTUB2,RARB,TGFB2,,,,,,,,,,,,,,,,,,,,,,,,,,,,,,,,,,,,,,,,,,,,,,,,,,,,,,,,,,,,,,,,,,,,,,,,,,,,,,,,
SCARB1, ,transporter, ,1,0.0247,APOD,DDIT4,SESN1,TRIM63,,,,,,,,,,,,,,,,,,,,,,,,,,,,,,,,,,,,,,,,,,,,,,,,,,,,,,,,,,,,,,,,,,,,,,,,,,,,,,,,,,
PPP2CA, ,phosphatase,Activated,2,0.0247,ICOS,IL2RB,PTPRC,SELL,,,,,,,,,,,,,,,,,,,,,,,,,,,,,,,,,,,,,,,,,,,,,,,,,,,,,,,,,,,,,,,,,,,,,,,,,,,,,,,,,,
MSX2, ,transcription regulator, , ,0.0247,AQP4,TGFB2,TP63,VIM,,,,,,,,,,,,,,,,,,,,,,,,,,,,,,,,,,,,,,,,,,,,,,,,,,,,,,,,,,,,,,,,,,,,,,,,,,,,,,,,,,
CCND1, ,transcription regulator, ,-1.093,0.0247,CCND3,E2F1,ERRFI1,HSPB1,ID1,ID3,ITGB6,MORC4,NIBAN2,NOP2,PTBP3,PTPRC,RNF170,SERINC3,TUBB,ZNF462,,,,,,,,,,,,,,,,,,,,,,,,,,,,,,,,,,,,,,,,,,,,,,,,,,,,,,,,,,,,,,,,,,,,,,
NF1, ,other, , ,0.0252,FGF2,KCNC1,MAF,,,,,,,,,,,,,,,,,,,,,,,,,,,,,,,,,,,,,,,,,,,,,,,,,,,,,,,,,,,,,,,,,,,,,,,,,,,,,,,,,,,
DSP, ,other, , ,0.0252,CEBPA,DSC3,HRAS,,,,,,,,,,,,,,,,,,,,,,,,,,,,,,,,,,,,,,,,,,,,,,,,,,,,,,,,,,,,,,,,,,,,,,,,,,,,,,,,,,,
CHUK, ,kinase, ,0.86,0.0253,CEBPD,E2F1,HLA-A,IFI16,MAT2A,Mt1,Mt2,NFKBIA,PTX3,TNFRSF1B,,,,,,,,,,,,,,,,,,,,,,,,,,,,,,,,,,,,,,,,,,,,,,,,,,,,,,,,,,,,,,,,,,,,,,,,,,,,
PITX2, ,transcription regulator, ,-0.128,0.0255,CCND3,FMO2,KCTD20,MSC,RDH14,TBX6,WNT5A,,,,,,,,,,,,,,,,,,,,,,,,,,,,,,,,,,,,,,,,,,,,,,,,,,,,,,,,,,,,,,,,,,,,,,,,,,,,,,,
TCL1A, ,transcription regulator, , ,0.0255,CTSS,DNMT3A,GPNMB,HMOX1,LY9,MPEG1,MYO5A,,,,,,,,,,,,,,,,,,,,,,,,,,,,,,,,,,,,,,,,,,,,,,,,,,,,,,,,,,,,,,,,,,,,,,,,,,,,,,,
RORA, ,ligand-dependent nuclear receptor, , ,0.0255,ABCD2,ACSL6,CYP2C8,LPIN2,LRTM1,Mt1,Mt2,NFKBIA,POR,SLC15A4,SLC16A10,,,,,,,,,,,,,,,,,,,,,,,,,,,,,,,,,,,,,,,,,,,,,,,,,,,,,,,,,,,,,,,,,,,,,,,,,,,
IFNB1, ,cytokine, ,0.487,0.0263,FGF2,GPC4,HMGB2,HMGCS1,ICOSLG/LOC102723996,IFI16,IFNGR1,NFKBIE,PDK4,SIDT1,SLC39A14,THBS1,,,,,,,,,,,,,,,,,,,,,,,,,,,,,,,,,,,,,,,,,,,,,,,,,,,,,,,,,,,,,,,,,,,,,,,,,,
XBP1, ,transcription regulator, ,1.324,0.0267,ALG2,ATF6B,BET1L,E2F1,EDEM1,ESR1,HMOX1,HSPA13,IRF4,LMAN1,POU2AF1,SRPRA,SYVN1,,,,,,,,,,,,,,,,,,,,,,,,,,,,,,,,,,,,,,,,,,,,,,,,,,,,,,,,,,,,,,,,,,,,,,,,,
FOXA2, ,transcription regulator, ,0.508,0.0267,CEBPA,CHD6,DDIT4,EFHD2,GCK,LYZ,MLXIPL,Mt1,NFKBIE,PAX6,PPP1R14C,RARB,SPSB1,,,,,,,,,,,,,,,,,,,,,,,,,,,,,,,,,,,,,,,,,,,,,,,,,,,,,,,,,,,,,,,,,,,,,,,,,
KLF11,0.739,transcription regulator, ,0,0.0268,CHRNE,IDH3A,ITGB6,LOX,PDK4,SMAD3,TGFB2,TGIF1,THBS1,,,,,,,,,,,,,,,,,,,,,,,,,,,,,,,,,,,,,,,,,,,,,,,,,,,,,,,,,,,,,,,,,,,,,,,,,,,,,
ZBTB20, ,transcription regulator,Inhibited,-2.219,0.0268,CYP2C8,GCK,GHR,NFKBIA,PDK4,,,,,,,,,,,,,,,,,,,,,,,,,,,,,,,,,,,,,,,,,,,,,,,,,,,,,,,,,,,,,,,,,,,,,,,,,,,,,,,,,
H1-6, ,other,Activated,2.646,0.0269,CANT1,ICOSLG/LOC102723996,KIF21B,METTL22,PGAP4,PHC3,SERINC3,,,,,,,,,,,,,,,,,,,,,,,,,,,,,,,,,,,,,,,,,,,,,,,,,,,,,,,,,,,,,,,,,,,,,,,,,,,,,,,
H1f1, ,other,Activated,2.646,0.0269,CANT1,ICOSLG/LOC102723996,KIF21B,METTL22,PGAP4,PHC3,SERINC3,,,,,,,,,,,,,,,,,,,,,,,,,,,,,,,,,,,,,,,,,,,,,,,,,,,,,,,,,,,,,,,,,,,,,,,,,,,,,,,
IFNG, ,cytokine,Activated,2.367,0.027,BTG1,CD74,CEBPA,CEBPD,CIITA,CTSS,CTSV,DAPK1,FGF2,GCK,HLA-A,HLA-DOB,ICOSLG/LOC102723996,IFI16,IFNGR1,IL7R,ITPK1,KCTD7,KLF2,LOX,MCHR1,Ms4a4c (includes others),NFKBIA,P2RY1,PAX6,PELI1,PTX3,RAE1,SDC4,SMAD3,SMTN,SP110,SYNM,THBS1,TNFRSF1B,TRIB2,TXNIP,VIM,,,,,,,,,,,,,,,,,,,,,,,,,,,,,,,,,,,,,,,,,,,,,,,,
NCSTN, ,peptidase, ,-1.982,0.0273,CD84,CEBPA,CEBPD,CSF2RB,,,,,,,,,,,,,,,,,,,,,,,,,,,,,,,,,,,,,,,,,,,,,,,,,,,,,,,,,,,,,,,,,,,,,,,,,,,,,,,,,,
NDRG1, ,kinase, ,0.865,0.0273,ERRFI1,SMAD3,TP63,VIM,,,,,,,,,,,,,,,,,,,,,,,,,,,,,,,,,,,,,,,,,,,,,,,,,,,,,,,,,,,,,,,,,,,,,,,,,,,,,,,,,,
LOC105372576, ,other, ,-1.091,0.0273,E2F1,FGF2,KAT5,UCP2,,,,,,,,,,,,,,,,,,,,,,,,,,,,,,,,,,,,,,,,,,,,,,,,,,,,,,,,,,,,,,,,,,,,,,,,,,,,,,,,,,
KLF5, ,transcription regulator, ,-1.633,0.0277,CEBPD,CSRNP1,HLF,ID3,MAFF,UCP2,,,,,,,,,,,,,,,,,,,,,,,,,,,,,,,,,,,,,,,,,,,,,,,,,,,,,,,,,,,,,,,,,,,,,,,,,,,,,,,,
PNPLA8, ,enzyme, , ,0.0281,HMOX1,Mt1,,,,,,,,,,,,,,,,,,,,,,,,,,,,,,,,,,,,,,,,,,,,,,,,,,,,,,,,,,,,,,,,,,,,,,,,,,,,,,,,,,,,
LTBP4, ,growth factor, , ,0.0281,ID1,TGFB2,,,,,,,,,,,,,,,,,,,,,,,,,,,,,,,,,,,,,,,,,,,,,,,,,,,,,,,,,,,,,,,,,,,,,,,,,,,,,,,,,,,,
Ppp2c, ,group, , ,0.0281,EIF4EBP1,ID1,,,,,,,,,,,,,,,,,,,,,,,,,,,,,,,,,,,,,,,,,,,,,,,,,,,,,,,,,,,,,,,,,,,,,,,,,,,,,,,,,,,,
TTN, ,kinase, , ,0.0281,Calm1 (includes others),TRIM63,,,,,,,,,,,,,,,,,,,,,,,,,,,,,,,,,,,,,,,,,,,,,,,,,,,,,,,,,,,,,,,,,,,,,,,,,,,,,,,,,,,,
miR-23a-3p (and other miRNAs w/seed UCACAUU), ,mature microRNA, , ,0.0281,ACSL6,TRIM63,,,,,,,,,,,,,,,,,,,,,,,,,,,,,,,,,,,,,,,,,,,,,,,,,,,,,,,,,,,,,,,,,,,,,,,,,,,,,,,,,,,,
STRN, ,other, , ,0.0281,NR3C2,VIM,,,,,,,,,,,,,,,,,,,,,,,,,,,,,,,,,,,,,,,,,,,,,,,,,,,,,,,,,,,,,,,,,,,,,,,,,,,,,,,,,,,,
SGCD,-0.728,other, , ,0.0281,LOX,SSPN,,,,,,,,,,,,,,,,,,,,,,,,,,,,,,,,,,,,,,,,,,,,,,,,,,,,,,,,,,,,,,,,,,,,,,,,,,,,,,,,,,,,
ULBP1, ,transmembrane receptor, , ,0.0281,CD83,HLA-A,,,,,,,,,,,,,,,,,,,,,,,,,,,,,,,,,,,,,,,,,,,,,,,,,,,,,,,,,,,,,,,,,,,,,,,,,,,,,,,,,,,,
VDR, ,transcription regulator, ,0.63,0.0285,CCND3,GADD45A,GADD45G,ID1,IGFBP5,KIF22,ODC1,RGCC,TGFB2,TP63,TXNIP,UCP2,ZYX,,,,,,,,,,,,,,,,,,,,,,,,,,,,,,,,,,,,,,,,,,,,,,,,,,,,,,,,,,,,,,,,,,,,,,,,,
CYB5R4, ,enzyme, , ,0.0289,HMOX1,Mt1,Mt2,,,,,,,,,,,,,,,,,,,,,,,,,,,,,,,,,,,,,,,,,,,,,,,,,,,,,,,,,,,,,,,,,,,,,,,,,,,,,,,,,,,
SRA1, ,transcription regulator, , ,0.0289,SLC2A12,TGFB2,THBS1,,,,,,,,,,,,,,,,,,,,,,,,,,,,,,,,,,,,,,,,,,,,,,,,,,,,,,,,,,,,,,,,,,,,,,,,,,,,,,,,,,,
MYOG, ,transcription regulator, , ,0.0289,CCND3,CHRNE,IFI16,,,,,,,,,,,,,,,,,,,,,,,,,,,,,,,,,,,,,,,,,,,,,,,,,,,,,,,,,,,,,,,,,,,,,,,,,,,,,,,,,,,
SPZ1, ,transcription regulator, , ,0.0289,E2F1,VIM,WNT5A,,,,,,,,,,,,,,,,,,,,,,,,,,,,,,,,,,,,,,,,,,,,,,,,,,,,,,,,,,,,,,,,,,,,,,,,,,,,,,,,,,,
STAU1, ,transporter, , ,0.0289,EEF2K,KLF2,MEF2C,,,,,,,,,,,,,,,,,,,,,,,,,,,,,,,,,,,,,,,,,,,,,,,,,,,,,,,,,,,,,,,,,,,,,,,,,,,,,,,,,,,
IL12 (complex), ,complex, , ,0.0294,GADD45G,GAS5,ICOS,IRF4,Ms4a4c (includes others),SELL,SMAD3,Tcf7,,,,,,,,,,,,,,,,,,,,,,,,,,,,,,,,,,,,,,,,,,,,,,,,,,,,,,,,,,,,,,,,,,,,,,,,,,,,,,
CDK4/6, ,group, ,-0.928,0.0295,E2F1,ERRFI1,HSPB1,NIBAN2,NOP2,TUBB,,,,,,,,,,,,,,,,,,,,,,,,,,,,,,,,,,,,,,,,,,,,,,,,,,,,,,,,,,,,,,,,,,,,,,,,,,,,,,,,
CX3CL1, ,cytokine, ,0.896,0.0295,GPNMB,HMOX1,IFI16,IL7R,LYZ,TGFB2,,,,,,,,,,,,,,,,,,,,,,,,,,,,,,,,,,,,,,,,,,,,,,,,,,,,,,,,,,,,,,,,,,,,,,,,,,,,,,,,
NGLY1, ,enzyme, ,0.865,0.03,ATG13,ATG14,FUNDC1,ULK1,,,,,,,,,,,,,,,,,,,,,,,,,,,,,,,,,,,,,,,,,,,,,,,,,,,,,,,,,,,,,,,,,,,,,,,,,,,,,,,,,,
HSD11B1, ,enzyme, , ,0.03,ANGPTL4,INPP5D,PDK4,UCP2,,,,,,,,,,,,,,,,,,,,,,,,,,,,,,,,,,,,,,,,,,,,,,,,,,,,,,,,,,,,,,,,,,,,,,,,,,,,,,,,,,
TFEB, ,transcription regulator, ,1.982,0.03,ATP6V1A,ATP6V1H,GALNS,PIP4P1,,,,,,,,,,,,,,,,,,,,,,,,,,,,,,,,,,,,,,,,,,,,,,,,,,,,,,,,,,,,,,,,,,,,,,,,,,,,,,,,,,
SBDS, ,other, , ,0.0301,AKNA,DNAJB1,ID1,IFI16,IL4R,MAFF,PTBP3,,,,,,,,,,,,,,,,,,,,,,,,,,,,,,,,,,,,,,,,,,,,,,,,,,,,,,,,,,,,,,,,,,,,,,,,,,,,,,,
RUNX1-RUNX1T1, ,fusion gene/product, , ,0.0301,CA8,HOMER1,ID1,ID3,PXDC1,RPS6KA2,TPBGL,,,,,,,,,,,,,,,,,,,,,,,,,,,,,,,,,,,,,,,,,,,,,,,,,,,,,,,,,,,,,,,,,,,,,,,,,,,,,,,
Creb, ,group, ,0,0.0303,ACVR2B,ARHGEF9,CEBPA,CEBPD,CTSV,DPY19L3,DUSP4,ELL,Foxp1,GIMAP8,IFI16,KCNC1,PPFIBP1,UBC,,,,,,,,,,,,,,,,,,,,,,,,,,,,,,,,,,,,,,,,,,,,,,,,,,,,,,,,,,,,,,,,,,,,,,,,
PI3K (family), ,group, ,0.513,0.0308,CCND3,DDIT4,ESR1,GCLM,HMOX1,KLF2,THBS1,TXNIP,,,,,,,,,,,,,,,,,,,,,,,,,,,,,,,,,,,,,,,,,,,,,,,,,,,,,,,,,,,,,,,,,,,,,,,,,,,,,,
PNPLA2, ,enzyme, ,-0.246,0.0311,CEBPA,PDK4,PPARGC1B,TRIM63,ULK1,,,,,,,,,,,,,,,,,,,,,,,,,,,,,,,,,,,,,,,,,,,,,,,,,,,,,,,,,,,,,,,,,,,,,,,,,,,,,,,,,
FUT8, ,enzyme, , ,0.0329,CYP1B1,HCCS,TFRC,,,,,,,,,,,,,,,,,,,,,,,,,,,,,,,,,,,,,,,,,,,,,,,,,,,,,,,,,,,,,,,,,,,,,,,,,,,,,,,,,,,
MEIS2, ,transcription regulator, , ,0.0329,ID1,ID3,WNT5A,,,,,,,,,,,,,,,,,,,,,,,,,,,,,,,,,,,,,,,,,,,,,,,,,,,,,,,,,,,,,,,,,,,,,,,,,,,,,,,,,,,
mir-221, ,microRNA, , ,0.0329,ESR1,MAF,TFAP2A,,,,,,,,,,,,,,,,,,,,,,,,,,,,,,,,,,,,,,,,,,,,,,,,,,,,,,,,,,,,,,,,,,,,,,,,,,,,,,,,,,,
UBE3A, ,enzyme, , ,0.0329,CAMK2A,ESR1,SNRPN,,,,,,,,,,,,,,,,,,,,,,,,,,,,,,,,,,,,,,,,,,,,,,,,,,,,,,,,,,,,,,,,,,,,,,,,,,,,,,,,,,,
SSTR2, ,G-protein coupled receptor, , ,0.0329,GCK,THBS1,VIM,,,,,,,,,,,,,,,,,,,,,,,,,,,,,,,,,,,,,,,,,,,,,,,,,,,,,,,,,,,,,,,,,,,,,,,,,,,,,,,,,,,
SMARCC1, ,transcription regulator, , ,0.0329,CD79A,CD79B,IL7R,,,,,,,,,,,,,,,,,,,,,,,,,,,,,,,,,,,,,,,,,,,,,,,,,,,,,,,,,,,,,,,,,,,,,,,,,,,,,,,,,,,
ERN1, ,kinase, ,1.166,0.0333,CEBPD,CYP1B1,E2F1,EDEM1,ITGB6,MLXIPL,SLC20A1,SRPRA,SYVN1,,,,,,,,,,,,,,,,,,,,,,,,,,,,,,,,,,,,,,,,,,,,,,,,,,,,,,,,,,,,,,,,,,,,,,,,,,,,,
IKBKG, ,kinase,Activated,2.245,0.0333,CEBPD,HLA-A,IFI16,IKBKE,Mt1,Mt2,NFKBIA,PTX3,TNFRSF1B,,,,,,,,,,,,,,,,,,,,,,,,,,,,,,,,,,,,,,,,,,,,,,,,,,,,,,,,,,,,,,,,,,,,,,,,,,,,,
BMI1, ,transcription regulator, , ,0.0335,CDC14A,FBXW7,KIF1B,LOX,SMAD3,,,,,,,,,,,,,,,,,,,,,,,,,,,,,,,,,,,,,,,,,,,,,,,,,,,,,,,,,,,,,,,,,,,,,,,,,,,,,,,,,
MAPKAPK2, ,kinase, ,1.154,0.0335,CEBPD,HSPB1,NFKBIA,ZC3H12C,ZFP36,,,,,,,,,,,,,,,,,,,,,,,,,,,,,,,,,,,,,,,,,,,,,,,,,,,,,,,,,,,,,,,,,,,,,,,,,,,,,,,,,
DEFA1 (includes others), ,other, , ,0.034,CD4,,,,,,,,,,,,,,,,,,,,,,,,,,,,,,,,,,,,,,,,,,,,,,,,,,,,,,,,,,,,,,,,,,,,,,,,,,,,,,,,,,,,,
Ces1b/Ces1c, ,enzyme, , ,0.034,GHR,,,,,,,,,,,,,,,,,,,,,,,,,,,,,,,,,,,,,,,,,,,,,,,,,,,,,,,,,,,,,,,,,,,,,,,,,,,,,,,,,,,,,
OFD1, ,other, , ,0.034,ATG13,,,,,,,,,,,,,,,,,,,,,,,,,,,,,,,,,,,,,,,,,,,,,,,,,,,,,,,,,,,,,,,,,,,,,,,,,,,,,,,,,,,,,
NUDT6, ,enzyme, , ,0.034,FGF2,,,,,,,,,,,,,,,,,,,,,,,,,,,,,,,,,,,,,,,,,,,,,,,,,,,,,,,,,,,,,,,,,,,,,,,,,,,,,,,,,,,,,
FBXL17, ,other, , ,0.034,HMOX1,,,,,,,,,,,,,,,,,,,,,,,,,,,,,,,,,,,,,,,,,,,,,,,,,,,,,,,,,,,,,,,,,,,,,,,,,,,,,,,,,,,,,
PRPF31, ,other, , ,0.034,MDM4,,,,,,,,,,,,,,,,,,,,,,,,,,,,,,,,,,,,,,,,,,,,,,,,,,,,,,,,,,,,,,,,,,,,,,,,,,,,,,,,,,,,,
H2BW2, ,other, , ,0.034,DNMT3A,,,,,,,,,,,,,,,,,,,,,,,,,,,,,,,,,,,,,,,,,,,,,,,,,,,,,,,,,,,,,,,,,,,,,,,,,,,,,,,,,,,,,
API5, ,other, , ,0.034,FGF2,,,,,,,,,,,,,,,,,,,,,,,,,,,,,,,,,,,,,,,,,,,,,,,,,,,,,,,,,,,,,,,,,,,,,,,,,,,,,,,,,,,,,
TADA2B, ,transcription regulator, , ,0.034,CD19,,,,,,,,,,,,,,,,,,,,,,,,,,,,,,,,,,,,,,,,,,,,,,,,,,,,,,,,,,,,,,,,,,,,,,,,,,,,,,,,,,,,,
VPS36, ,other, , ,0.034,ESR1,,,,,,,,,,,,,,,,,,,,,,,,,,,,,,,,,,,,,,,,,,,,,,,,,,,,,,,,,,,,,,,,,,,,,,,,,,,,,,,,,,,,,
YTHDF2, ,other, , ,0.034,TNFRSF1B,,,,,,,,,,,,,,,,,,,,,,,,,,,,,,,,,,,,,,,,,,,,,,,,,,,,,,,,,,,,,,,,,,,,,,,,,,,,,,,,,,,,,
HNRNPLL, ,other, , ,0.034,PTPRC,,,,,,,,,,,,,,,,,,,,,,,,,,,,,,,,,,,,,,,,,,,,,,,,,,,,,,,,,,,,,,,,,,,,,,,,,,,,,,,,,,,,,
2810408I11Rik, ,other, , ,0.034,CCNYL1,,,,,,,,,,,,,,,,,,,,,,,,,,,,,,,,,,,,,,,,,,,,,,,,,,,,,,,,,,,,,,,,,,,,,,,,,,,,,,,,,,,,,
RBM24, ,other, , ,0.034,TP63,,,,,,,,,,,,,,,,,,,,,,,,,,,,,,,,,,,,,,,,,,,,,,,,,,,,,,,,,,,,,,,,,,,,,,,,,,,,,,,,,,,,,
SCYL2, ,other, , ,0.034,WNT5A,,,,,,,,,,,,,,,,,,,,,,,,,,,,,,,,,,,,,,,,,,,,,,,,,,,,,,,,,,,,,,,,,,,,,,,,,,,,,,,,,,,,,
Raet1a, ,other, , ,0.034,HLA-A,,,,,,,,,,,,,,,,,,,,,,,,,,,,,,,,,,,,,,,,,,,,,,,,,,,,,,,,,,,,,,,,,,,,,,,,,,,,,,,,,,,,,
G protein, ,complex, , ,0.034,CYP1B1,,,,,,,,,,,,,,,,,,,,,,,,,,,,,,,,,,,,,,,,,,,,,,,,,,,,,,,,,,,,,,,,,,,,,,,,,,,,,,,,,,,,,
USP39, ,peptidase, , ,0.034,MDM4,,,,,,,,,,,,,,,,,,,,,,,,,,,,,,,,,,,,,,,,,,,,,,,,,,,,,,,,,,,,,,,,,,,,,,,,,,,,,,,,,,,,,
COG7, ,transporter, , ,0.034,BET1L,,,,,,,,,,,,,,,,,,,,,,,,,,,,,,,,,,,,,,,,,,,,,,,,,,,,,,,,,,,,,,,,,,,,,,,,,,,,,,,,,,,,,
Raet1b, ,other, , ,0.034,HLA-A,,,,,,,,,,,,,,,,,,,,,,,,,,,,,,,,,,,,,,,,,,,,,,,,,,,,,,,,,,,,,,,,,,,,,,,,,,,,,,,,,,,,,
NDUFV1, ,enzyme, , ,0.034,PTPN1,,,,,,,,,,,,,,,,,,,,,,,,,,,,,,,,,,,,,,,,,,,,,,,,,,,,,,,,,,,,,,,,,,,,,,,,,,,,,,,,,,,,,
TFB1M, ,transcription regulator, , ,0.034,E2F1,,,,,,,,,,,,,,,,,,,,,,,,,,,,,,,,,,,,,,,,,,,,,,,,,,,,,,,,,,,,,,,,,,,,,,,,,,,,,,,,,,,,,
PAIP2, ,translation regulator, , ,0.034,CAMK2A,,,,,,,,,,,,,,,,,,,,,,,,,,,,,,,,,,,,,,,,,,,,,,,,,,,,,,,,,,,,,,,,,,,,,,,,,,,,,,,,,,,,,
LSM10, ,other, , ,0.034,H1-2,,,,,,,,,,,,,,,,,,,,,,,,,,,,,,,,,,,,,,,,,,,,,,,,,,,,,,,,,,,,,,,,,,,,,,,,,,,,,,,,,,,,,
NAB1, ,transcription regulator, , ,0.034,IFNGR1,,,,,,,,,,,,,,,,,,,,,,,,,,,,,,,,,,,,,,,,,,,,,,,,,,,,,,,,,,,,,,,,,,,,,,,,,,,,,,,,,,,,,
HNRNPM, ,other, , ,0.034,WNT5A,,,,,,,,,,,,,,,,,,,,,,,,,,,,,,,,,,,,,,,,,,,,,,,,,,,,,,,,,,,,,,,,,,,,,,,,,,,,,,,,,,,,,
TRIM16, ,transcription regulator, , ,0.034,RARB,,,,,,,,,,,,,,,,,,,,,,,,,,,,,,,,,,,,,,,,,,,,,,,,,,,,,,,,,,,,,,,,,,,,,,,,,,,,,,,,,,,,,
miR-377-3p (miRNAs w/seed UCACACA), ,mature microRNA, , ,0.034,TEAD1,,,,,,,,,,,,,,,,,,,,,,,,,,,,,,,,,,,,,,,,,,,,,,,,,,,,,,,,,,,,,,,,,,,,,,,,,,,,,,,,,,,,,
miR-668-3p (and other miRNAs w/seed GUCACUC), ,mature microRNA, , ,0.034,AQP4,,,,,,,,,,,,,,,,,,,,,,,,,,,,,,,,,,,,,,,,,,,,,,,,,,,,,,,,,,,,,,,,,,,,,,,,,,,,,,,,,,,,,
mir-668, ,microRNA, , ,0.034,AQP4,,,,,,,,,,,,,,,,,,,,,,,,,,,,,,,,,,,,,,,,,,,,,,,,,,,,,,,,,,,,,,,,,,,,,,,,,,,,,,,,,,,,,
miR-135a-5p (and other miRNAs w/seed AUGGCUU), ,mature microRNA, , ,0.034,NR3C2,,,,,,,,,,,,,,,,,,,,,,,,,,,,,,,,,,,,,,,,,,,,,,,,,,,,,,,,,,,,,,,,,,,,,,,,,,,,,,,,,,,,,
miR-574-3p (miRNAs w/seed ACGCUCA), ,mature microRNA, , ,0.034,TP63,,,,,,,,,,,,,,,,,,,,,,,,,,,,,,,,,,,,,,,,,,,,,,,,,,,,,,,,,,,,,,,,,,,,,,,,,,,,,,,,,,,,,
miR-690 (miRNAs w/seed AAGGCUA), ,mature microRNA, , ,0.034,CEBPA,,,,,,,,,,,,,,,,,,,,,,,,,,,,,,,,,,,,,,,,,,,,,,,,,,,,,,,,,,,,,,,,,,,,,,,,,,,,,,,,,,,,,
Mir690, ,microRNA, , ,0.034,CEBPA,,,,,,,,,,,,,,,,,,,,,,,,,,,,,,,,,,,,,,,,,,,,,,,,,,,,,,,,,,,,,,,,,,,,,,,,,,,,,,,,,,,,,
mir-219, ,microRNA, , ,0.034,ICOS,,,,,,,,,,,,,,,,,,,,,,,,,,,,,,,,,,,,,,,,,,,,,,,,,,,,,,,,,,,,,,,,,,,,,,,,,,,,,,,,,,,,,
miR-4717-5p (and other miRNAs w/seed AGGCCAC), ,mature microRNA, , ,0.034,SLC29A2,,,,,,,,,,,,,,,,,,,,,,,,,,,,,,,,,,,,,,,,,,,,,,,,,,,,,,,,,,,,,,,,,,,,,,,,,,,,,,,,,,,,,
miR-1343-5p (and other miRNAs w/seed GGGGAGC), ,mature microRNA, , ,0.034,AQP4,,,,,,,,,,,,,,,,,,,,,,,,,,,,,,,,,,,,,,,,,,,,,,,,,,,,,,,,,,,,,,,,,,,,,,,,,,,,,,,,,,,,,
mir-939, ,microRNA, , ,0.034,AQP4,,,,,,,,,,,,,,,,,,,,,,,,,,,,,,,,,,,,,,,,,,,,,,,,,,,,,,,,,,,,,,,,,,,,,,,,,,,,,,,,,,,,,
H60a, ,other, , ,0.034,HLA-A,,,,,,,,,,,,,,,,,,,,,,,,,,,,,,,,,,,,,,,,,,,,,,,,,,,,,,,,,,,,,,,,,,,,,,,,,,,,,,,,,,,,,
SOS2, ,other, , ,0.034,SELL,,,,,,,,,,,,,,,,,,,,,,,,,,,,,,,,,,,,,,,,,,,,,,,,,,,,,,,,,,,,,,,,,,,,,,,,,,,,,,,,,,,,,
HTR1A, ,G-protein coupled receptor, , ,0.034,NOS1,,,,,,,,,,,,,,,,,,,,,,,,,,,,,,,,,,,,,,,,,,,,,,,,,,,,,,,,,,,,,,,,,,,,,,,,,,,,,,,,,,,,,
PUS1, ,enzyme, , ,0.034,RARB,,,,,,,,,,,,,,,,,,,,,,,,,,,,,,,,,,,,,,,,,,,,,,,,,,,,,,,,,,,,,,,,,,,,,,,,,,,,,,,,,,,,,
CHRNA5, ,transmembrane receptor, , ,0.034,TP63,,,,,,,,,,,,,,,,,,,,,,,,,,,,,,,,,,,,,,,,,,,,,,,,,,,,,,,,,,,,,,,,,,,,,,,,,,,,,,,,,,,,,
Raet1d/Raet1e, ,other, , ,0.034,HLA-A,,,,,,,,,,,,,,,,,,,,,,,,,,,,,,,,,,,,,,,,,,,,,,,,,,,,,,,,,,,,,,,,,,,,,,,,,,,,,,,,,,,,,
LINC00278, ,other, , ,0.034,EEF2K,,,,,,,,,,,,,,,,,,,,,,,,,,,,,,,,,,,,,,,,,,,,,,,,,,,,,,,,,,,,,,,,,,,,,,,,,,,,,,,,,,,,,
DPF2, ,transcription regulator, , ,0.034,CXCL13,,,,,,,,,,,,,,,,,,,,,,,,,,,,,,,,,,,,,,,,,,,,,,,,,,,,,,,,,,,,,,,,,,,,,,,,,,,,,,,,,,,,,
FBXW8, ,other, , ,0.034,MAP4K1,,,,,,,,,,,,,,,,,,,,,,,,,,,,,,,,,,,,,,,,,,,,,,,,,,,,,,,,,,,,,,,,,,,,,,,,,,,,,,,,,,,,,
ASH2L, ,transcription regulator, , ,0.034,ESR1,,,,,,,,,,,,,,,,,,,,,,,,,,,,,,,,,,,,,,,,,,,,,,,,,,,,,,,,,,,,,,,,,,,,,,,,,,,,,,,,,,,,,
MAT2A,-0.722,enzyme, , ,0.034,HMOX1,,,,,,,,,,,,,,,,,,,,,,,,,,,,,,,,,,,,,,,,,,,,,,,,,,,,,,,,,,,,,,,,,,,,,,,,,,,,,,,,,,,,,
PHF5A, ,other, , ,0.034,KDM3A,,,,,,,,,,,,,,,,,,,,,,,,,,,,,,,,,,,,,,,,,,,,,,,,,,,,,,,,,,,,,,,,,,,,,,,,,,,,,,,,,,,,,
PES1, ,other, , ,0.034,HMOX1,,,,,,,,,,,,,,,,,,,,,,,,,,,,,,,,,,,,,,,,,,,,,,,,,,,,,,,,,,,,,,,,,,,,,,,,,,,,,,,,,,,,,
MED17, ,transcription regulator, , ,0.034,RARB,,,,,,,,,,,,,,,,,,,,,,,,,,,,,,,,,,,,,,,,,,,,,,,,,,,,,,,,,,,,,,,,,,,,,,,,,,,,,,,,,,,,,
LOC101929295, ,other, , ,0.034,TFRC,,,,,,,,,,,,,,,,,,,,,,,,,,,,,,,,,,,,,,,,,,,,,,,,,,,,,,,,,,,,,,,,,,,,,,,,,,,,,,,,,,,,,
EMSLR, ,other, , ,0.034,E2F1,,,,,,,,,,,,,,,,,,,,,,,,,,,,,,,,,,,,,,,,,,,,,,,,,,,,,,,,,,,,,,,,,,,,,,,,,,,,,,,,,,,,,
UBL5, ,other, , ,0.034,MDM4,,,,,,,,,,,,,,,,,,,,,,,,,,,,,,,,,,,,,,,,,,,,,,,,,,,,,,,,,,,,,,,,,,,,,,,,,,,,,,,,,,,,,
PPP1CB, ,phosphatase, , ,0.034,E2F1,,,,,,,,,,,,,,,,,,,,,,,,,,,,,,,,,,,,,,,,,,,,,,,,,,,,,,,,,,,,,,,,,,,,,,,,,,,,,,,,,,,,,
Rbfox3, ,other, , ,0.034,RBFOX2,,,,,,,,,,,,,,,,,,,,,,,,,,,,,,,,,,,,,,,,,,,,,,,,,,,,,,,,,,,,,,,,,,,,,,,,,,,,,,,,,,,,,
PRR13, ,other, , ,0.034,THBS1,,,,,,,,,,,,,,,,,,,,,,,,,,,,,,,,,,,,,,,,,,,,,,,,,,,,,,,,,,,,,,,,,,,,,,,,,,,,,,,,,,,,,
PTPRCAP, ,other, , ,0.034,PTPRC,,,,,,,,,,,,,,,,,,,,,,,,,,,,,,,,,,,,,,,,,,,,,,,,,,,,,,,,,,,,,,,,,,,,,,,,,,,,,,,,,,,,,
UBE2D2, ,enzyme, , ,0.034,ESR1,,,,,,,,,,,,,,,,,,,,,,,,,,,,,,,,,,,,,,,,,,,,,,,,,,,,,,,,,,,,,,,,,,,,,,,,,,,,,,,,,,,,,
protein phosphatase, ,complex, , ,0.034,ESR1,,,,,,,,,,,,,,,,,,,,,,,,,,,,,,,,,,,,,,,,,,,,,,,,,,,,,,,,,,,,,,,,,,,,,,,,,,,,,,,,,,,,,
ETV6-PDGFRB, ,fusion gene/product, , ,0.034,ID1,,,,,,,,,,,,,,,,,,,,,,,,,,,,,,,,,,,,,,,,,,,,,,,,,,,,,,,,,,,,,,,,,,,,,,,,,,,,,,,,,,,,,
FGF2,-0.787,growth factor, ,-0.165,0.0344,CCND3,ERRFI1,FGF2,GADD45A,GPNMB,ID3,KCNC1,SEMA6D,TGFB2,VIM,WNT5A,,,,,,,,,,,,,,,,,,,,,,,,,,,,,,,,,,,,,,,,,,,,,,,,,,,,,,,,,,,,,,,,,,,,,,,,,,,
Mir218, ,microRNA, , ,0.0354,Tcf7,TOB1,,,,,,,,,,,,,,,,,,,,,,,,,,,,,,,,,,,,,,,,,,,,,,,,,,,,,,,,,,,,,,,,,,,,,,,,,,,,,,,,,,,,
Fgfr, ,group, , ,0.0354,HMOX1,PAX6,,,,,,,,,,,,,,,,,,,,,,,,,,,,,,,,,,,,,,,,,,,,,,,,,,,,,,,,,,,,,,,,,,,,,,,,,,,,,,,,,,,,
Smad, ,complex, , ,0.0354,ANGPTL4,INPP5D,,,,,,,,,,,,,,,,,,,,,,,,,,,,,,,,,,,,,,,,,,,,,,,,,,,,,,,,,,,,,,,,,,,,,,,,,,,,,,,,,,,,
mir-320, ,microRNA, , ,0.0354,AQP4,TFRC,,,,,,,,,,,,,,,,,,,,,,,,,,,,,,,,,,,,,,,,,,,,,,,,,,,,,,,,,,,,,,,,,,,,,,,,,,,,,,,,,,,,
CTSZ, ,peptidase, , ,0.0354,CD83,LILRB4,,,,,,,,,,,,,,,,,,,,,,,,,,,,,,,,,,,,,,,,,,,,,,,,,,,,,,,,,,,,,,,,,,,,,,,,,,,,,,,,,,,,
ASF1A, ,other, , ,0.0354,PAX6,TBX6,,,,,,,,,,,,,,,,,,,,,,,,,,,,,,,,,,,,,,,,,,,,,,,,,,,,,,,,,,,,,,,,,,,,,,,,,,,,,,,,,,,,
MZF1, ,transcription regulator, , ,0.0354,FGF2,NOS1,,,,,,,,,,,,,,,,,,,,,,,,,,,,,,,,,,,,,,,,,,,,,,,,,,,,,,,,,,,,,,,,,,,,,,,,,,,,,,,,,,,,
MCAM, ,other, , ,0.0354,ID1,VIM,,,,,,,,,,,,,,,,,,,,,,,,,,,,,,,,,,,,,,,,,,,,,,,,,,,,,,,,,,,,,,,,,,,,,,,,,,,,,,,,,,,,
BMPR1A,-0.583,kinase, ,1.184,0.0359,ID1,ID3,PTX3,SOX6,,,,,,,,,,,,,,,,,,,,,,,,,,,,,,,,,,,,,,,,,,,,,,,,,,,,,,,,,,,,,,,,,,,,,,,,,,,,,,,,,,
NFkB (complex), ,complex, ,1.139,0.0361,ATP6AP2,BCL11A,CD74,CD83,CEBPD,CIITA,DBP,HLA-A,HMOX1,HSPB1,ICOS,NFKBIA,NFKBIE,NOS1,ODC1,PIM3,RAB3C,SDC4,SMAD3,TFRC,,,,,,,,,,,,,,,,,,,,,,,,,,,,,,,,,,,,,,,,,,,,,,,,,,,,,,,,,,,,,,,,,,
CSF1, ,cytokine, ,0.853,0.0362,CCND3,CD74,GPNMB,HLA-A,ICOSLG/LOC102723996,KLF2,MERTK,PTPRC,TNFRSF1B,,,,,,,,,,,,,,,,,,,,,,,,,,,,,,,,,,,,,,,,,,,,,,,,,,,,,,,,,,,,,,,,,,,,,,,,,,,,,
NRAS, ,enzyme, ,-1.937,0.0371,HLA-A,IFI16,PKIA,POLR2M,PTX3,RPS6KA2,SESN1,TMEM43,,,,,,,,,,,,,,,,,,,,,,,,,,,,,,,,,,,,,,,,,,,,,,,,,,,,,,,,,,,,,,,,,,,,,,,,,,,,,,
PARPBP, ,other, , ,0.0371,CPEB4,INMT,PLAAT1,,,,,,,,,,,,,,,,,,,,,,,,,,,,,,,,,,,,,,,,,,,,,,,,,,,,,,,,,,,,,,,,,,,,,,,,,,,,,,,,,,,
MECOM, ,transcription regulator, , ,0.0371,GADD45G,MAP3K14,NAPB,,,,,,,,,,,,,,,,,,,,,,,,,,,,,,,,,,,,,,,,,,,,,,,,,,,,,,,,,,,,,,,,,,,,,,,,,,,,,,,,,,,
BMP6, ,growth factor,Activated,2.383,0.0375,CYP1B1,ERRFI1,HMOX1,ID1,ID3,SLC20A1,,,,,,,,,,,,,,,,,,,,,,,,,,,,,,,,,,,,,,,,,,,,,,,,,,,,,,,,,,,,,,,,,,,,,,,,,,,,,,,,
Interferon alpha, ,group, ,1.489,0.0377,CCND3,CIITA,CSF2RB,DDIT4,E2F1,GPR180,IFI16,IKBKE,IRF4,NFKBIA,PRKACA,SP110,TMEM140,TRIB2,UNC93B1,,,,,,,,,,,,,,,,,,,,,,,,,,,,,,,,,,,,,,,,,,,,,,,,,,,,,,,,,,,,,,,,,,,,,,,
KAT2A, ,enzyme, ,-0.707,0.0388,BCL11A,DUSP4,E2F1,EDEM1,GABARAPL1,HDAC2,TGIF1,TRIM63,,,,,,,,,,,,,,,,,,,,,,,,,,,,,,,,,,,,,,,,,,,,,,,,,,,,,,,,,,,,,,,,,,,,,,,,,,,,,,
MEX3A, ,other, ,-1,0.0391,ANGPTL4,CIDEC,LYZ,PDK4,,,,,,,,,,,,,,,,,,,,,,,,,,,,,,,,,,,,,,,,,,,,,,,,,,,,,,,,,,,,,,,,,,,,,,,,,,,,,,,,,,
MYBL2, ,transcription regulator, , ,0.0391,CEBPA,CLTA,ID1,IGFBP5,,,,,,,,,,,,,,,,,,,,,,,,,,,,,,,,,,,,,,,,,,,,,,,,,,,,,,,,,,,,,,,,,,,,,,,,,,,,,,,,,,
SLC16A2, ,transporter, ,-0.429,0.0391,HR,ICOSLG/LOC102723996,IER5,PDP1,,,,,,,,,,,,,,,,,,,,,,,,,,,,,,,,,,,,,,,,,,,,,,,,,,,,,,,,,,,,,,,,,,,,,,,,,,,,,,,,,,
TAL1, ,transcription regulator, ,-0.174,0.0392,DSC3,FBXW7,HLA-A,IKZF3,LARP4B,MAP3K4,N4BP2L1,NOS1,P2RY1,PTK2B,TOB1,TOX,ZC3H12A,,,,,,,,,,,,,,,,,,,,,,,,,,,,,,,,,,,,,,,,,,,,,,,,,,,,,,,,,,,,,,,,,,,,,,,,,
RELA, ,transcription regulator, ,0.473,0.0395,ATP6AP2,BACH2,CDC14A,CEMIP2,CIITA,DOCK8,HMOX1,IRF4,MAT2A,NFKBIA,ORAI1,PLK3,POU2AF1,PTX3,SDC4,TP63,VIM,,,,,,,,,,,,,,,,,,,,,,,,,,,,,,,,,,,,,,,,,,,,,,,,,,,,,,,,,,,,,,,,,,,,,
RUNX1, ,transcription regulator,Activated,2.4,0.0395,ANK1,CD4,CD79A,CEBPA,CSF2RB,IL7R,MAP3K6,Mt1,NOP2,RGCC,SOX6,,,,,,,,,,,,,,,,,,,,,,,,,,,,,,,,,,,,,,,,,,,,,,,,,,,,,,,,,,,,,,,,,,,,,,,,,,,
AKT1, ,kinase, ,1.082,0.0409,CCND3,GCLM,HMOX1,IGFBP5,SEMA6D,TP63,TRIM63,,,,,,,,,,,,,,,,,,,,,,,,,,,,,,,,,,,,,,,,,,,,,,,,,,,,,,,,,,,,,,,,,,,,,,,,,,,,,,,
SEMA7A, ,transmembrane receptor, , ,0.0417,CTSS,FGF2,IL4R,,,,,,,,,,,,,,,,,,,,,,,,,,,,,,,,,,,,,,,,,,,,,,,,,,,,,,,,,,,,,,,,,,,,,,,,,,,,,,,,,,,
SUPT20H, ,other, , ,0.0417,ICOS,IL7R,NFKBIA,,,,,,,,,,,,,,,,,,,,,,,,,,,,,,,,,,,,,,,,,,,,,,,,,,,,,,,,,,,,,,,,,,,,,,,,,,,,,,,,,,,
FGF1, ,growth factor, ,-0.128,0.042,GADD45G,GCLM,HMOX1,Tcf7,TGFB2,THBS1,,,,,,,,,,,,,,,,,,,,,,,,,,,,,,,,,,,,,,,,,,,,,,,,,,,,,,,,,,,,,,,,,,,,,,,,,,,,,,,,
BHLHE40, ,transcription regulator, ,-1.417,0.0423,C1orf21,ID1,IFI16,MEF2C,PPP2R3A,SELL,Tcf7,TP63,,,,,,,,,,,,,,,,,,,,,,,,,,,,,,,,,,,,,,,,,,,,,,,,,,,,,,,,,,,,,,,,,,,,,,,,,,,,,,
MYCN, ,transcription regulator, ,-0.277,0.0423,BCL11A,CDK9,DNMT3A,DUSP4,E2F1,HDAC2,JARID2,TGIF1,,,,,,,,,,,,,,,,,,,,,,,,,,,,,,,,,,,,,,,,,,,,,,,,,,,,,,,,,,,,,,,,,,,,,,,,,,,,,,
BRCA1, ,transcription regulator, ,0.721,0.0423,CYP1B1,DDIT4,ESR1,GADD45A,H3-3A/H3-3B,HMOX1,UBE2I,VIM,,,,,,,,,,,,,,,,,,,,,,,,,,,,,,,,,,,,,,,,,,,,,,,,,,,,,,,,,,,,,,,,,,,,,,,,,,,,,,
IgG, ,complex, ,0.404,0.0423,CEBPD,DUSP14,HSPB1,INPP5D,LY9,MAF,SLAMF7,THBS1,TNFRSF13B,TOB1,ZFP36,,,,,,,,,,,,,,,,,,,,,,,,,,,,,,,,,,,,,,,,,,,,,,,,,,,,,,,,,,,,,,,,,,,,,,,,,,,
TYROBP, ,transmembrane receptor, , ,0.0424,CD84,NCKAP1L,TMEM106A,TNFRSF1B,,,,,,,,,,,,,,,,,,,,,,,,,,,,,,,,,,,,,,,,,,,,,,,,,,,,,,,,,,,,,,,,,,,,,,,,,,,,,,,,,,
IFNAR1, ,transmembrane receptor, ,0.92,0.0425,Apol11b (includes others),CIITA,CXCL13,HLA-A,HMGCS1,IFI16,IFNGR1,Ms4a4c (includes others),THBS1,,,,,,,,,,,,,,,,,,,,,,,,,,,,,,,,,,,,,,,,,,,,,,,,,,,,,,,,,,,,,,,,,,,,,,,,,,,,,
DSCAM, ,other, ,-1.89,0.0429,ARHGAP4,CEBPA,GADD45G,ID3,NOS1,RGMA,VIM,,,,,,,,,,,,,,,,,,,,,,,,,,,,,,,,,,,,,,,,,,,,,,,,,,,,,,,,,,,,,,,,,,,,,,,,,,,,,,,
MSI2, ,other, , ,0.0432,CLDN5,SMAD3,,,,,,,,,,,,,,,,,,,,,,,,,,,,,,,,,,,,,,,,,,,,,,,,,,,,,,,,,,,,,,,,,,,,,,,,,,,,,,,,,,,,
AMBRA1, ,other, , ,0.0432,CCND3,TGFB2,,,,,,,,,,,,,,,,,,,,,,,,,,,,,,,,,,,,,,,,,,,,,,,,,,,,,,,,,,,,,,,,,,,,,,,,,,,,,,,,,,,,
WWC1, ,transcription regulator, , ,0.0432,RASSF4,VIM,,,,,,,,,,,,,,,,,,,,,,,,,,,,,,,,,,,,,,,,,,,,,,,,,,,,,,,,,,,,,,,,,,,,,,,,,,,,,,,,,,,,
FZD8, ,G-protein coupled receptor, , ,0.0432,IGFBP5,VIM,,,,,,,,,,,,,,,,,,,,,,,,,,,,,,,,,,,,,,,,,,,,,,,,,,,,,,,,,,,,,,,,,,,,,,,,,,,,,,,,,,,,
USF1, ,transcription regulator, , ,0.0438,CEBPA,CIITA,Mt1,TXNIP,UCP2,,,,,,,,,,,,,,,,,,,,,,,,,,,,,,,,,,,,,,,,,,,,,,,,,,,,,,,,,,,,,,,,,,,,,,,,,,,,,,,,,
GPS2, ,transcription regulator, ,-0.447,0.0438,BLNK,RGL1,RHOB,RNF144B,SHISA5,,,,,,,,,,,,,,,,,,,,,,,,,,,,,,,,,,,,,,,,,,,,,,,,,,,,,,,,,,,,,,,,,,,,,,,,,,,,,,,,,
TBX21, ,transcription regulator, ,-1,0.0438,IL2RB,IL7R,SELL,Tcf7,ZBTB7A,,,,,,,,,,,,,,,,,,,,,,,,,,,,,,,,,,,,,,,,,,,,,,,,,,,,,,,,,,,,,,,,,,,,,,,,,,,,,,,,,
MEF2C,-1.009,transcription regulator,Activated,2.213,0.0438,BACH2,IKZF1,IRF4,KLF2,ZFP36,,,,,,,,,,,,,,,,,,,,,,,,,,,,,,,,,,,,,,,,,,,,,,,,,,,,,,,,,,,,,,,,,,,,,,,,,,,,,,,,,
TFAP2C, ,transcription regulator, ,-0.6,0.0438,ESR1,FBXW7,H1-2,IGFBP5,THBS1,,,,,,,,,,,,,,,,,,,,,,,,,,,,,,,,,,,,,,,,,,,,,,,,,,,,,,,,,,,,,,,,,,,,,,,,,,,,,,,,,
QKI, ,other, ,0.651,0.0438,CLTA,CTSS,ID1,NOS1,VIM,,,,,,,,,,,,,,,,,,,,,,,,,,,,,,,,,,,,,,,,,,,,,,,,,,,,,,,,,,,,,,,,,,,,,,,,,,,,,,,,,
TNFRSF1A, ,transmembrane receptor,Activated,2.975,0.0442,CD83,E2F1,GCLM,GHR,P2RX7,POU2AF1,SELL,SOX6,TFRC,,,,,,,,,,,,,,,,,,,,,,,,,,,,,,,,,,,,,,,,,,,,,,,,,,,,,,,,,,,,,,,,,,,,,,,,,,,,,
IL7R,4.206,transmembrane receptor, , ,0.0443,CD19,CD79A,DAPK1,IRF4,PKIA,REEP1,,,,,,,,,,,,,,,,,,,,,,,,,,,,,,,,,,,,,,,,,,,,,,,,,,,,,,,,,,,,,,,,,,,,,,,,,,,,,,,,
IFN Beta, ,group, ,1.067,0.045,CD74,CEBPD,EEF1A1,GAS5,IFI16,INSIG1,THBS1,,,,,,,,,,,,,,,,,,,,,,,,,,,,,,,,,,,,,,,,,,,,,,,,,,,,,,,,,,,,,,,,,,,,,,,,,,,,,,,
NR1I3, ,ligand-dependent nuclear receptor, ,1.423,0.045,CYP2C8,EIF4EBP1,INSIG1,MAFF,Mt1,PAPSS2,POR,,,,,,,,,,,,,,,,,,,,,,,,,,,,,,,,,,,,,,,,,,,,,,,,,,,,,,,,,,,,,,,,,,,,,,,,,,,,,,,
IL5, ,cytokine, ,1.616,0.0452,ATXN1,CCND3,CIITA,CSF2RB,EIF4EBP1,GADD45G,GCLM,ITGB6,KCNAB2,MAT2A,VIM,,,,,,,,,,,,,,,,,,,,,,,,,,,,,,,,,,,,,,,,,,,,,,,,,,,,,,,,,,,,,,,,,,,,,,,,,,,
ATP7B, ,transporter,Inhibited,-2,0.0459,H1-2,HMGCS1,Mt1,Mt2,,,,,,,,,,,,,,,,,,,,,,,,,,,,,,,,,,,,,,,,,,,,,,,,,,,,,,,,,,,,,,,,,,,,,,,,,,,,,,,,,,
RNF20, ,enzyme, , ,0.0465,MEF2C,RHOB,UCP2,,,,,,,,,,,,,,,,,,,,,,,,,,,,,,,,,,,,,,,,,,,,,,,,,,,,,,,,,,,,,,,,,,,,,,,,,,,,,,,,,,,
USP19, ,peptidase, , ,0.0465,CBLB,DDIT4,TRIM63,,,,,,,,,,,,,,,,,,,,,,,,,,,,,,,,,,,,,,,,,,,,,,,,,,,,,,,,,,,,,,,,,,,,,,,,,,,,,,,,,,,
COMMD1, ,transporter, , ,0.0465,DDIT4,NFKBIA,TFRC,,,,,,,,,,,,,,,,,,,,,,,,,,,,,,,,,,,,,,,,,,,,,,,,,,,,,,,,,,,,,,,,,,,,,,,,,,,,,,,,,,,
PRLR, ,transmembrane receptor, , ,0.0465,FGF2,GHR,IGFBP5,,,,,,,,,,,,,,,,,,,,,,,,,,,,,,,,,,,,,,,,,,,,,,,,,,,,,,,,,,,,,,,,,,,,,,,,,,,,,,,,,,,
BACH2,0.869,transcription regulator, ,0.288,0.0466,HMOX1,ID3,IRF4,MAF,RARB,,,,,,,,,,,,,,,,,,,,,,,,,,,,,,,,,,,,,,,,,,,,,,,,,,,,,,,,,,,,,,,,,,,,,,,,,,,,,,,,,
EWSR1-FLI1, ,fusion gene/product, ,0.915,0.0467,FILIP1L,ID1,IGFBP5,RHOBTB1,SYNPO2,THBS1,,,,,,,,,,,,,,,,,,,,,,,,,,,,,,,,,,,,,,,,,,,,,,,,,,,,,,,,,,,,,,,,,,,,,,,,,,,,,,,,
NR4A1, ,ligand-dependent nuclear receptor, ,1.107,0.0468,APOD,CEBPA,DAPK1,E2F1,GCK,HMOX1,IDH3A,MAT2A,Mt1,PDK4,PRKAG3,RASSF4,SMAD3,,,,,,,,,,,,,,,,,,,,,,,,,,,,,,,,,,,,,,,,,,,,,,,,,,,,,,,,,,,,,,,,,,,,,,,,,
SYK, ,kinase, ,0,0.0471,GADD45A,KLF2,KLHL31,LY9,RASSF4,RGCC,TRIB2,,,,,,,,,,,,,,,,,,,,,,,,,,,,,,,,,,,,,,,,,,,,,,,,,,,,,,,,,,,,,,,,,,,,,,,,,,,,,,,
CREM, ,transcription regulator, ,-0.447,0.048,CSRNP1,DUSP14,DUSP4,ERRFI1,HMGCS1,NEXN,RHOB,THBS1,,,,,,,,,,,,,,,,,,,,,,,,,,,,,,,,,,,,,,,,,,,,,,,,,,,,,,,,,,,,,,,,,,,,,,,,,,,,,,
ASCL1, ,transcription regulator, , ,0.0492,E2F1,GADD45G,ID1,ID3,IKZF1,TEAD1,,,,,,,,,,,,,,,,,,,,,,,,,,,,,,,,,,,,,,,,,,,,,,,,,,,,,,,,,,,,,,,,,,,,,,,,,,,,,,,,
PF4, ,cytokine, ,0.692,0.0492,CD83,CEBPA,FLI1,Foxp1,NFKBIA,ZNF263,,,,,,,,,,,,,,,,,,,,,,,,,,,,,,,,,,,,,,,,,,,,,,,,,,,,,,,,,,,,,,,,,,,,,,,,,,,,,,,,
NORAD, ,other, ,1,0.0496,ID3,RHOB,SMTN,THBS1,,,,,,,,,,,,,,,,,,,,,,,,,,,,,,,,,,,,,,,,,,,,,,,,,,,,,,,,,,,,,,,,,,,,,,,,,,,,,,,,,,
KLF1, ,transcription regulator, ,0.152,0.0496,BCL11A,FLI1,SLC43A1,TFRC,,,,,,,,,,,,,,,,,,,,,,,,,,,,,,,,,,,,,,,,,,,,,,,,,,,,,,,,,,,,,,,,,,,,,,,,,,,,,,,,,,
TEAD2, ,transcription regulator, ,-1,0.0496,FILIP1L,IGFBP5,RHOBTB1,THBS1,,,,,,,,,,,,,,,,,,,,,,,,,,,,,,,,,,,,,,,,,,,,,,,,,,,,,,,,,,,,,,,,,,,,,,,,,,,,,,,,,,
AMPK, ,complex, ,-0.927,0.0496,CIITA,DUSP4,IDH3A,UCP2,VIM,,,,,,,,,,,,,,,,,,,,,,,,,,,,,,,,,,,,,,,,,,,,,,,,,,,,,,,,,,,,,,,,,,,,,,,,,,,,,,,,,
APOE, ,transporter,Inhibited,-2.073,0.0564,ABCA2,ANGPTL4,APOD,CSF2RB,CTSS,CTSV,ESR1,HMOX1,IL4R,NQO2,PPARGC1B,PTX3,RXRG,SDC4,SERPINA3,TXNIP,UCP2,ZYX,,,,,,,,,,,,,,,,,,,,,,,,,,,,,,,,,,,,,,,,,,,,,,,,,,,,,,,,,,,,,,,,,,,,
GATA1, ,transcription regulator, ,1.89,0.0691,ANK1,ARHGAP4,BACH2,CCND3,CIITA,Foxp1,FSD1L,IKZF3,Tcf7,TFRC,,,,,,,,,,,,,,,,,,,,,,,,,,,,,,,,,,,,,,,,,,,,,,,,,,,,,,,,,,,,,,,,,,,,,,,,,,,,
MAP3K14,0.98,kinase,Activated,2.191,0.0696,GADD45A,ICOSLG/LOC102723996,IL7R,NFKBIA,NFKBIE,,,,,,,,,,,,,,,,,,,,,,,,,,,,,,,,,,,,,,,,,,,,,,,,,,,,,,,,,,,,,,,,,,,,,,,,,,,,,,,,,
NRF1, ,transcription regulator,Activated,2,0.0892,GCLM,HMOX1,Mt1,VIM,,,,,,,,,,,,,,,,,,,,,,,,,,,,,,,,,,,,,,,,,,,,,,,,,,,,,,,,,,,,,,,,,,,,,,,,,,,,,,,,,,
MAPK8, ,kinase, ,1.767,0.0903,GADD45A,GCK,HMGCS1,HMOX1,PPARGC1B,PTX3,ZFP36,,,,,,,,,,,,,,,,,,,,,,,,,,,,,,,,,,,,,,,,,,,,,,,,,,,,,,,,,,,,,,,,,,,,,,,,,,,,,,,
Ifnar, ,group,Activated,2.374,0.1,APOBEC3B,CD74,HLA-A,IFI16,IFNGR1,UNC93B1,,,,,,,,,,,,,,,,,,,,,,,,,,,,,,,,,,,,,,,,,,,,,,,,,,,,,,,,,,,,,,,,,,,,,,,,,,,,,,,,
ACOX1, ,enzyme,Inhibited,-2.828,0.111,CTSV,CYP2C8,GADD45A,IMPACT,MFGE8,PDK4,SLC20A1,UCP2,,,,,,,,,,,,,,,,,,,,,,,,,,,,,,,,,,,,,,,,,,,,,,,,,,,,,,,,,,,,,,,,,,,,,,,,,,,,,,
SYVN1,0.979,transporter,Activated,2.121,0.111,CYP1B1,HLA-A,HSPB1,IGKC,IL7R,PPP1R15B,SLC20A1,TFRC,,,,,,,,,,,,,,,,,,,,,,,,,,,,,,,,,,,,,,,,,,,,,,,,,,,,,,,,,,,,,,,,,,,,,,,,,,,,,,
HDAC2,-0.585,transcription regulator,Activated,2,0.122,CD4,E2F1,ESR1,GABARAPL1,NFKBIA,RHOB,TP63,,,,,,,,,,,,,,,,,,,,,,,,,,,,,,,,,,,,,,,,,,,,,,,,,,,,,,,,,,,,,,,,,,,,,,,,,,,,,,,
ZBTB10, ,other,Activated,2.754,0.135,CD83,IFI16,IL4R,IRF4,LY9,MAP3K14,SASH3,UNC93B1,,,,,,,,,,,,,,,,,,,,,,,,,,,,,,,,,,,,,,,,,,,,,,,,,,,,,,,,,,,,,,,,,,,,,,,,,,,,,,
BCR (complex), ,complex, ,1.98,0.138,BTK,CCND3,IL2RB,IRF4,SELL,SLAMF7,,,,,,,,,,,,,,,,,,,,,,,,,,,,,,,,,,,,,,,,,,,,,,,,,,,,,,,,,,,,,,,,,,,,,,,,,,,,,,,,
EGR1, ,transcription regulator,Activated,2.219,0.142,DUSP4,FTL,GADD45A,HMOX1,LYZ,PTPN1,THBS1,,,,,,,,,,,,,,,,,,,,,,,,,,,,,,,,,,,,,,,,,,,,,,,,,,,,,,,,,,,,,,,,,,,,,,,,,,,,,,,
CEBPB, ,transcription regulator,Activated,2.013,0.145,BLNK,CD74,CEBPA,CEBPD,DAPK1,E2F1,FTL,GADD45A,HMGB2,IGKC,INMT,IRF4,KIF22,KLF10,PDK4,PDS5B,TFRC,TUBB,VIM,ZKSCAN1,ZYX,,,,,,,,,,,,,,,,,,,,,,,,,,,,,,,,,,,,,,,,,,,,,,,,,,,,,,,,,,,,,,,,,
SMAD3,-1.223,transcription regulator, ,1.849,0.148,DOCK4,DUSP4,ESR1,ID3,INPP5D,POR,PTX3,RHOB,VIM,ZYX,,,,,,,,,,,,,,,,,,,,,,,,,,,,,,,,,,,,,,,,,,,,,,,,,,,,,,,,,,,,,,,,,,,,,,,,,,,,
POU5F1, ,transcription regulator, ,-1.907,0.152,BMPR1A,BTG1,CTSV,DAPK1,DUSP4,GADD45A,GCK,IER5,KIF16B,MEF2C,PAX6,TEAD1,TGFB2,WNT5A,,,,,,,,,,,,,,,,,,,,,,,,,,,,,,,,,,,,,,,,,,,,,,,,,,,,,,,,,,,,,,,,,,,,,,,,
ZEB1, ,transcription regulator, ,1.946,0.159,CD74,THBS1,TP63,VIM,,,,,,,,,,,,,,,,,,,,,,,,,,,,,,,,,,,,,,,,,,,,,,,,,,,,,,,,,,,,,,,,,,,,,,,,,,,,,,,,,,
IL17A, ,cytokine,Activated,2.356,0.16,Calm1 (includes others),CD83,CEBPD,FGF2,GADD45A,LOX,SMAD3,SPSB1,TNFRSF1B,,,,,,,,,,,,,,,,,,,,,,,,,,,,,,,,,,,,,,,,,,,,,,,,,,,,,,,,,,,,,,,,,,,,,,,,,,,,,
NEDD9, ,other,Activated,2.219,0.174,2310065F04Rik,DDIT4,ERRFI1,TXNIP,VIM,,,,,,,,,,,,,,,,,,,,,,,,,,,,,,,,,,,,,,,,,,,,,,,,,,,,,,,,,,,,,,,,,,,,,,,,,,,,,,,,,
DSCAML1, ,other,Inhibited,-2.236,0.191,GADD45G,ID3,NOS1,RARB,SOX6,,,,,,,,,,,,,,,,,,,,,,,,,,,,,,,,,,,,,,,,,,,,,,,,,,,,,,,,,,,,,,,,,,,,,,,,,,,,,,,,,
G protein alphai, ,group, ,1.969,0.221,CEBPD,HLA-A,MAFF,THBS1,,,,,,,,,,,,,,,,,,,,,,,,,,,,,,,,,,,,,,,,,,,,,,,,,,,,,,,,,,,,,,,,,,,,,,,,,,,,,,,,,,
SMAD2, ,transcription regulator, ,1.98,0.243,INPP5D,PTX3,SMAD3,VIM,,,,,,,,,,,,,,,,,,,,,,,,,,,,,,,,,,,,,,,,,,,,,,,,,,,,,,,,,,,,,,,,,,,,,,,,,,,,,,,,,,
RARA, ,ligand-dependent nuclear receptor,Inhibited,-2.54,0.26,ATG13,CD53,CD84,CTSS,E2F1,GCK,GHR,RARB,SELL,SESN1,SMAD3,SP110,TP63,,,,,,,,,,,,,,,,,,,,,,,,,,,,,,,,,,,,,,,,,,,,,,,,,,,,,,,,,,,,,,,,,,,,,,,,,
CD38, ,enzyme, ,1.992,0.264,CPEB3,CSF2RB,EIF4EBP1,GADD45G,KCNAB2,SELL,VIM,,,,,,,,,,,,,,,,,,,,,,,,,,,,,,,,,,,,,,,,,,,,,,,,,,,,,,,,,,,,,,,,,,,,,,,,,,,,,,,
NONO, ,transcription regulator,Activated,2.433,0.275,IKBKE,PDE4A,PDE7B,PELI1,SLAMF7,SP110,,,,,,,,,,,,,,,,,,,,,,,,,,,,,,,,,,,,,,,,,,,,,,,,,,,,,,,,,,,,,,,,,,,,,,,,,,,,,,,,
STAT1, ,transcription regulator,Activated,2.353,0.275,APOBEC3B,CIITA,CTSS,CYP2C8,GCK,IFI16,PAX6,PPARGC1B,SP110,TRAFD1,UCP2,ULK1,,,,,,,,,,,,,,,,,,,,,,,,,,,,,,,,,,,,,,,,,,,,,,,,,,,,,,,,,,,,,,,,,,,,,,,,,,
TLR9, ,transmembrane receptor, ,1.941,0.299,ARRDC4,CD83,CERK,HMOX1,IFI16,IRF4,LILRB4,TNFRSF13B,TNFRSF1B,,,,,,,,,,,,,,,,,,,,,,,,,,,,,,,,,,,,,,,,,,,,,,,,,,,,,,,,,,,,,,,,,,,,,,,,,,,,,
NFE2L2, ,transcription regulator,Activated,2.242,0.313,Calm1 (includes others),CEBPA,FTL,GCLM,GHR,HACD3,HMOX1,INMT,MAFG,MATK,MEF2C,Mt1,PKIA,SERINC3,SERPINA3,SHC1,,,,,,,,,,,,,,,,,,,,,,,,,,,,,,,,,,,,,,,,,,,,,,,,,,,,,,,,,,,,,,,,,,,,,,
CBX5, ,transcription regulator,Inhibited,-2.236,0.332,BCL11A,CYP1B1,H1-2,SERPINA3,TXNIP,,,,,,,,,,,,,,,,,,,,,,,,,,,,,,,,,,,,,,,,,,,,,,,,,,,,,,,,,,,,,,,,,,,,,,,,,,,,,,,,,
TRIM24, ,transcription regulator,Inhibited,-2.236,0.332,BLNK,IFNGR1,Ms4a4c (includes others),SHISA5,TRAFD1,,,,,,,,,,,,,,,,,,,,,,,,,,,,,,,,,,,,,,,,,,,,,,,,,,,,,,,,,,,,,,,,,,,,,,,,,,,,,,,,,
GATA4, ,transcription regulator,Inhibited,-2.63,0.349,FGF2,ID1,IGFBP5,INMT,MEF2C,RARB,SERPINA3,TRIB2,,,,,,,,,,,,,,,,,,,,,,,,,,,,,,,,,,,,,,,,,,,,,,,,,,,,,,,,,,,,,,,,,,,,,,,,,,,,,,
SAMSN1, ,other,Activated,2,0.35,MERTK,PELI1,RGCC,ZC3H12A,,,,,,,,,,,,,,,,,,,,,,,,,,,,,,,,,,,,,,,,,,,,,,,,,,,,,,,,,,,,,,,,,,,,,,,,,,,,,,,,,,
KDM5A, ,transcription regulator,Activated,2.236,0.453,DMPK,E2F1,HMOX1,HOMER1,REEP1,,,,,,,,,,,,,,,,,,,,,,,,,,,,,,,,,,,,,,,,,,,,,,,,,,,,,,,,,,,,,,,,,,,,,,,,,,,,,,,,,
IGF1R, ,transmembrane receptor, ,-1.91,0.485,AQP4,CD53,CD84,CEBPA,ESR1,GCK,GTF2B,IGFBP5,RPL3,SDC4,,,,,,,,,,,,,,,,,,,,,,,,,,,,,,,,,,,,,,,,,,,,,,,,,,,,,,,,,,,,,,,,,,,,,,,,,,,,
PRKCD, ,kinase, ,1.936,1,CD4,CIITA,ICOSLG/LOC102723996,NFKBIA,,,,,,,,,,,,,,,,,,,,,,,,,,,,,,,,,,,,,,,,,,,,,,,,,,,,,,,,,,,,,,,,,,,,,,,,,,,,,,,,,,
IL10RA, ,transmembrane receptor,Inhibited,-2.345,1,AKT3,DDIT4,GHR,HLA-A,IFI16,IKBKE,SELL,ST3GAL6,ZC3H12C,,,,,,,,,,,,,,,,,,,,,,,,,,,,,,,,,,,,,,,,,,,,,,,,,,,,,,,,,,,,,,,,,,,,,,,,,,,,,
SNCA, ,enzyme, ,1.982,1,CD74,CIITA,DOC2B,KIF1B,PDZRN3,PTK2B,RGMA,,,,,,,,,,,,,,,,,,,,,,,,,,,,,,,,,,,,,,,,,,,,,,,,,,,,,,,,,,,,,,,,,,,,,,,,,,,,,,,